{"resourceType":"CapabilityStatement","id":"base2","meta":{"lastUpdated":"2019-10-24T11:53:00+11:00"},"url":"http://hl7.org/fhir/CapabilityStatement/base2","version":"3.0.2-11200","name":"Base FHIR Capability Statement (Empty)","status":"draft","experimental":true,"date":"2019-10-24T11:53:00+11:00","publisher":"FHIR Project Team","contact":[{"telecom":[{"system":"url","value":"http://hl7.org/fhir"}]}],"description":"This is the base Capability Statement for FHIR. It represents a server that provides the none of the functionality defined by FHIR. It is provided to use as a template for system designers to build their own Capability Statements from. A capability statement has to contain something, so this contains a read of a Capability Statement","kind":"capability","software":{"name":"Insert your softwware name here..."},"fhirVersion":"3.0.2","acceptUnknown":"no","format":["xml","json"],"rest":[{"mode":"server","documentation":"An empty Capability Statement","security":{"cors":true,"service":[{"coding":[{"system":"http://hl7.org/fhir/restful-security-service","code":"SMART-on-FHIR","display":"SMART-on-FHIR"}],"text":"See http://docs.smarthealthit.org/"}],"description":"This is the Capability Statement to declare that the server supports SMART-on-FHIR. See the SMART-on-FHIR docs for the extension that would go with such a server"},"resource":[{"type":"CapabilityStatement","interaction":[{"code":"read","documentation":"Read CapabilityStatement Resource"}]}]}]}