﻿{"resourceType":"CapabilityStatement","id":"example","url":"urn:uuid:68D043B5-9ECF-4559-A57A-396E0D452311","version":"20130510","name":"ACME-EHR","title":"ACME EHR capability statement","status":"draft","experimental":true,"date":"2012-01-04","publisher":"ACME Corporation","contact":[{"name":"System Administrator","telecom":[{"system":"email","value":"wile@acme.org"}]}],"description":"This is the FHIR capability statement for the main EHR at ACME for the private interface - it does not describe the public interface","useContext":[{"code":{"system":"http://hl7.org/fhir/usage-context-type","code":"focus"},"valueCodeableConcept":{"coding":[{"system":"http://hl7.org/fhir/variant-state","code":"positive"}]}}],"jurisdiction":[{"coding":[{"system":"urn:iso:std:iso:3166","code":"US","display":"United States of America (the)"}]}],"purpose":"Main EHR capability statement, published for contracting and operational support","copyright":"Copyright © Acme Healthcare and GoodCorp EHR Systems","kind":"instance","instantiates":["http://ihe.org/fhir/CapabilityStatement/pixm-client"],"software":{"name":"EHR","version":"0.00.020.2134","releaseDate":"2012-01-04"},"implementation":{"description":"main EHR at ACME","url":"http://10.2.3.4/fhir"},"fhirVersion":"1.0.0","acceptUnknown":"both","format":["xml","json"],"patchFormat":["application/xml-patch+xml","application/json-patch+json"],"implementationGuide":["http://hl7.org/fhir/us/lab"],"profile":[{"reference":"http://hl7.org/fhir/us/core/StructureDefinition/familymemberhistory-genetic"}],"rest":[{"mode":"server","documentation":"Main FHIR endpoint for acem health","security":{"cors":true,"service":[{"coding":[{"system":"http://hl7.org/fhir/restful-security-service","code":"SMART-on-FHIR"}]}],"description":"See Smart on FHIR documentation","certificate":[{"type":"application/jwt","blob":"IHRoaXMgYmxvYiBpcyBub3QgdmFsaWQ\u003d"}]},"resource":[{"type":"Patient","profile":{"reference":"http://fhir.hl7.org/base/StructureDefinition/7896271d-57f6-4231-89dc-dcc91eab2416"},"documentation":"This server does not let the clients create identities.","interaction":[{"code":"read"},{"code":"vread","documentation":"Only supported for patient records since 12-Dec 2012"},{"code":"update"},{"code":"history-instance"},{"code":"create"},{"code":"history-type"}],"versioning":"versioned-update","readHistory":true,"updateCreate":false,"conditionalCreate":true,"conditionalRead":"full-support","conditionalUpdate":false,"conditionalDelete":"not-supported","searchInclude":["Organization"],"searchRevInclude":["Person"],"searchParam":[{"name":"identifier","definition":"http://hl7.org/fhir/SearchParameter/Patient-identifier","type":"token","documentation":"Only supports search by institution MRN"},{"name":"general-practitioner","definition":"http://hl7.org/fhir/SearchParameter/Patient-general-practitioner","type":"reference"}]}],"interaction":[{"code":"transaction"},{"code":"history-system"}],"compartment":["http://hl7.org/fhir/CompartmentDefinition/patient"]}],"messaging":[{"endpoint":[{"protocol":{"system":"http://hl7.org/fhir/message-transport","code":"mllp"},"address":"mllp:10.1.1.10:9234"}],"reliableCache":30,"documentation":"ADT A08 equivalent for external system notifications","event":[{"code":{"system":"http://hl7.org/fhir/message-events","code":"admin-notify"},"category":"Consequence","mode":"receiver","focus":"Patient","request":{"reference":"StructureDefinition/Patient"},"response":{"reference":"StructureDefinition/MessageHeader"},"documentation":"Notification of an update to a patient resource. changing the links is not supported"}]}],"document":[{"mode":"consumer","documentation":"Basic rules for all documents in the EHR system","profile":{"reference":"http://fhir.hl7.org/base/Profilebc054d23-75e1-4dc6-aca5-838b6b1ac81d/_history/b5fdd9fc-b021-4ea1-911a-721a60663796"}}]}