﻿{"resourceType":"CapabilityStatement","id":"messagedefinition","status":"draft","experimental":true,"date":"2012-01-04","publisher":"ACME Corporation","contact":[{"name":"System Administrator","telecom":[{"system":"email","value":"wile@acme.org"}]}],"description":"Sample capability statement showing new MessageDefinition structure","kind":"instance","software":{"name":"EHR"},"fhirVersion":"3.0.2","acceptUnknown":"both","format":["xml","json"],"messaging":[{"endpoint":[{"protocol":{"system":"http://hl7.org/fhir/message-transport","code":"mllp"},"address":"mllp:10.1.1.10:9234"}],"reliableCache":30,"documentation":"ADT A08 equivalent for external system notifications","supportedMessage":[{"mode":"receiver","definition":{"reference":"MessageDefinition/example"}}]}]}