{"resourceType":"CodeSystem","id":"encounter-type","meta":{"lastUpdated":"2019-10-24T11:53:00+11:00","profile":["http://hl7.org/fhir/StructureDefinition/shareablecodesystem"]},"extension":[{"url":"http://hl7.org/fhir/StructureDefinition/structuredefinition-ballot-status","valueString":"Informative"},{"url":"http://hl7.org/fhir/StructureDefinition/structuredefinition-fmm","valueInteger":1},{"url":"http://hl7.org/fhir/StructureDefinition/structuredefinition-wg","valueCode":"pa"}],"url":"http://hl7.org/fhir/encounter-type","identifier":{"system":"urn:ietf:rfc:3986","value":"urn:oid:2.16.840.1.113883.4.642.1.244"},"version":"3.0.2","name":"EncounterType","status":"draft","experimental":true,"publisher":"FHIR Project team","contact":[{"telecom":[{"system":"url","value":"http://hl7.org/fhir"}]}],"description":"This example value set defines a set of codes that can be used to indicate the type of encounter: a specific code indicating type of service provided.","caseSensitive":true,"valueSet":"http://hl7.org/fhir/ValueSet/encounter-type","content":"complete","concept":[{"code":"ADMS","display":"Annual diabetes mellitus screening"},{"code":"BD/BM-clin","display":"Bone drilling/bone marrow punction in clinic"},{"code":"CCS60","display":"Infant colon screening - 60 minutes"},{"code":"OKI","display":"Outpatient Kenacort injection"}]}