{"resourceType":"CodeSystem","id":"audit-source-type","meta":{"lastUpdated":"2019-10-24T11:53:00+11:00","profile":["http://hl7.org/fhir/StructureDefinition/shareablecodesystem"]},"extension":[{"url":"http://hl7.org/fhir/StructureDefinition/structuredefinition-ballot-status","valueString":"Informative"},{"url":"http://hl7.org/fhir/StructureDefinition/structuredefinition-fmm","valueInteger":3},{"url":"http://hl7.org/fhir/StructureDefinition/structuredefinition-wg","valueCode":"sec"}],"url":"http://hl7.org/fhir/security-source-type","identifier":{"system":"urn:ietf:rfc:3986","value":"urn:oid:2.16.840.1.113883.4.642.1.460"},"version":"20100826","name":"Audit Event Source Type","status":"active","experimental":true,"date":"2010-08-26T00:00:00+10:00","publisher":"NEMA/DICOM","description":"The type of process where the audit event originated from.","caseSensitive":true,"valueSet":"http://hl7.org/fhir/ValueSet/audit-source-type","content":"complete","concept":[{"code":"1","display":"User Device","definition":"End-user display device, diagnostic device."},{"code":"2","display":"Data Interface","definition":"Data acquisition device or instrument."},{"code":"3","display":"Web Server","definition":"Web Server process or thread."},{"code":"4","display":"Application Server","definition":"Application Server process or thread."},{"code":"5","display":"Database Server","definition":"Database Server process or thread."},{"code":"6","display":"Security Server","definition":"Security server, e.g. a domain controller."},{"code":"7","display":"Network Device","definition":"ISO level 1-3 network component."},{"code":"8","display":"Network Router","definition":"ISO level 4-6 operating software."},{"code":"9","display":"Other","definition":"other kind of device (defined by DICOM, but some other code/system can be used)."}]}