{"resourceType":"CodeSystem","id":"condition-clinical","meta":{"lastUpdated":"2019-10-24T11:53:00+11:00","profile":["http://hl7.org/fhir/StructureDefinition/shareablecodesystem"]},"extension":[{"url":"http://hl7.org/fhir/StructureDefinition/structuredefinition-ballot-status","valueString":"Informative"},{"url":"http://hl7.org/fhir/StructureDefinition/structuredefinition-fmm","valueInteger":3},{"url":"http://hl7.org/fhir/StructureDefinition/structuredefinition-wg","valueCode":"pc"}],"url":"http://hl7.org/fhir/condition-clinical","identifier":{"system":"urn:ietf:rfc:3986","value":"urn:oid:2.16.840.1.113883.4.642.1.156"},"version":"3.0.2","name":"Condition Clinical Status Codes","status":"draft","experimental":true,"publisher":"FHIR Project team","contact":[{"telecom":[{"system":"url","value":"http://hl7.org/fhir"}]}],"description":"Preferred value set for Condition Clinical Status.","caseSensitive":true,"valueSet":"http://hl7.org/fhir/ValueSet/condition-clinical","content":"complete","concept":[{"code":"active","display":"Active","definition":"The subject is currently experiencing the symptoms of the condition or there is evidence of the condition.","concept":[{"code":"recurrence","display":"Recurrence","definition":"The subject is having a relapse or re-experiencing the condition after a period of remission or presumed resolution."}]},{"code":"inactive","display":"Inactive","definition":"The subject is no longer experiencing the symptoms of the condition or there is no longer evidence of the condition.","concept":[{"code":"remission","display":"Remission","definition":"The subject is no longer experiencing the symptoms of the condition, but there is a risk of the symptoms returning."},{"code":"resolved","display":"Resolved","definition":"The subject is no longer experiencing the symptoms of the condition and there is a negligible perceived risk of the symptoms returning."}]}]}