{"resourceType":"CodeSystem","id":"v2-0149","meta":{"profile":["http://hl7.org/fhir/StructureDefinition/shareablecodesystem"]},"extension":[{"url":"http://hl7.org/fhir/StructureDefinition/structuredefinition-ballot-status","valueString":"External"},{"url":"http://hl7.org/fhir/StructureDefinition/structuredefinition-fmm","valueInteger":0}],"url":"http://hl7.org/fhir/v2/0149","identifier":{"system":"urn:ietf:rfc:3986","value":"urn:oid:2.16.840.1.113883.18.70"},"version":"2.8.2","name":"v2 Day Type","status":"active","experimental":false,"publisher":"HL7, Inc","contact":[{"telecom":[{"system":"url","value":"http://hl7.org"}]}],"description":"FHIR Value set/code system definition for HL7 v2 table 0149 ( Day Type)","caseSensitive":false,"valueSet":"http://hl7.org/fhir/ValueSet/v2-0149","content":"complete","concept":[{"code":"AP","display":"Approved","designation":[{"language":"de","value":"(Tabelle 149 wird nicht verwendet)"},{"language":"nl","value":"Goedgekeurd"}]},{"code":"DE","display":"Denied","designation":[{"language":"nl","value":"Afgekeurd"}]},{"code":"PE","display":"Pending","designation":[{"language":"nl","value":"Beslissing volgt"}]}]}