{"resourceType":"CodeSystem","id":"practitioner-role","meta":{"lastUpdated":"2019-10-24T11:53:00+11:00","profile":["http://hl7.org/fhir/StructureDefinition/shareablecodesystem"]},"extension":[{"url":"http://hl7.org/fhir/StructureDefinition/structuredefinition-ballot-status","valueString":"Informative"},{"url":"http://hl7.org/fhir/StructureDefinition/structuredefinition-fmm","valueInteger":1},{"url":"http://hl7.org/fhir/StructureDefinition/structuredefinition-wg","valueCode":"pa"}],"url":"http://hl7.org/fhir/practitioner-role","identifier":{"system":"urn:ietf:rfc:3986","value":"urn:oid:2.16.840.1.113883.4.642.1.431"},"version":"3.0.2","name":"PractitionerRole","status":"draft","experimental":true,"publisher":"FHIR Project team","contact":[{"telecom":[{"system":"url","value":"http://hl7.org/fhir"}]}],"description":"This example value set defines a set of codes that can be used to indicate the role of a Practitioner.","caseSensitive":true,"valueSet":"http://hl7.org/fhir/ValueSet/practitioner-role","content":"complete","concept":[{"code":"doctor","display":"Doctor","definition":"A qualified/registered medical practitioner"},{"code":"nurse","display":"Nurse","definition":"A practitoner with nursing experience that may be qualified/registered"},{"code":"pharmacist","display":"Pharmacist","definition":"A qualified/registered/licensed pharmacist"},{"code":"researcher","display":"Researcher","definition":"A practitioner that may perform research"},{"code":"teacher","display":"Teacher/educator","definition":"Someone who is able to provide educational services"},{"code":"ict","display":"ICT professional","definition":"Someone who is qualified in Information and Communication Technologies"}]}