{"resourceType":"CodeSystem","id":"v2-0175","meta":{"profile":["http://hl7.org/fhir/StructureDefinition/shareablecodesystem"]},"extension":[{"url":"http://hl7.org/fhir/StructureDefinition/structuredefinition-ballot-status","valueString":"External"},{"url":"http://hl7.org/fhir/StructureDefinition/structuredefinition-fmm","valueInteger":0}],"url":"http://hl7.org/fhir/v2/0175","identifier":{"system":"urn:ietf:rfc:3986","value":"urn:oid:2.16.840.1.113883.18.91"},"version":"2.8.2","name":"v2 Master File Identifier Code","status":"active","experimental":false,"publisher":"HL7, Inc","contact":[{"telecom":[{"system":"url","value":"http://hl7.org"}]}],"description":"FHIR Value set/code system definition for HL7 v2 table 0175 ( Master File Identifier Code)","caseSensitive":false,"valueSet":"http://hl7.org/fhir/ValueSet/v2-0175","content":"complete","property":[{"code":"deprecated","uri":"http://hl7.org/fhir/concept-properties#deprecated","description":"The date at which a concept was deprecated. Concepts that are deprecated but not inactive can still be used, but their use is discouraged","type":"dateTime"}],"concept":[{"code":"CDM","display":"Charge description master file","designation":[{"language":"de","value":"Leistungskatalog"},{"language":"nl","value":"Tariefomschrijving masterbestand"}]},{"code":"CLN","display":"Clinic master file","designation":[{"language":"nl","value":"Kliniek masterbestand"}]},{"code":"CM0","display":"Clinical study master","designation":[{"language":"nl","value":"Klinisch onderzoek masterbestand"}],"property":[{"code":"deprecated","valueDateTime":"1997-03"}]},{"code":"CM1","display":"Clinical study phase master","designation":[{"language":"nl","value":"Klinisch onderzoeksfases masterbestand"}],"property":[{"code":"deprecated","valueDateTime":"1997-03"}]},{"code":"CM2","display":"Clinical study Data Schedule Master","designation":[{"language":"nl","value":"Klinisch onderzoek gegevensschema masterbestand"}],"property":[{"code":"deprecated","valueDateTime":"1997-03"}]},{"code":"CMA","display":"Clinical study with phases and scheduled master file","designation":[{"language":"nl","value":"Klinisch onderzoek met fases en schema masterbestand"}]},{"code":"CMB","display":"Clinical study without phases but with scheduled master file","designation":[{"language":"nl","value":"Klinisch onderzoek zonder fases maar met schema masterbestand"}]},{"code":"INV","display":"Inventory master file","designation":[{"language":"nl","value":"Voorraad masterbestand"}]},{"code":"LOC","display":"Location master file","designation":[{"language":"nl","value":"Locatie masterbestand"}]},{"extension":[{"url":"http://hl7.org/fhir/StructureDefinition/codesystem-comments","valueString":"This identifies Universal Service Identifier that are approved for an ICD based on the CPT."}],"code":"MACP","display":"Medicare Approved Coverage Process","designation":[{"language":"nl","value":"Medicare goedgekeurde dekking proces"}]},{"extension":[{"url":"http://hl7.org/fhir/StructureDefinition/codesystem-comments","valueString":"This identifies Universal Service Identifiers that are not approved for a CPT code based on an ICD."}],"code":"MLCP","display":"Medicare Limited Coverage Process","designation":[{"language":"nl","value":"Medicare beperkte dekking proces"}]},{"code":"OM1","display":"Observation text master file segments (e.g. Lab)","designation":[{"language":"nl","value":"Observatietekst masterbestand-segmenten (d.w.z. Lab)"}],"property":[{"code":"deprecated","valueDateTime":"1997-03"}]},{"code":"OM1-OM6","display":"Observation text master file segments (e.g. Lab)","designation":[{"language":"nl","value":"Observatietekst masterbestand-segmenten (d.w.z. Lab)"}],"property":[{"code":"deprecated","valueDateTime":"1997-03"}]},{"code":"OM2","display":"Observation text master file segments (e.g. Lab)","designation":[{"language":"nl","value":"Observatietekst masterbestand-segmenten (d.w.z. Lab)"}],"property":[{"code":"deprecated","valueDateTime":"1997-03"}]},{"code":"OM3","display":"Observation text master file segments (e.g. Lab)","designation":[{"language":"nl","value":"Observatietekst masterbestand-segmenten (d.w.z. Lab)"}],"property":[{"code":"deprecated","valueDateTime":"1997-03"}]},{"code":"OM4","display":"Observation text master file segments (e.g. Lab)","designation":[{"language":"nl","value":"Observatietekst masterbestand-segmenten (d.w.z. Lab)"}],"property":[{"code":"deprecated","valueDateTime":"1997-03"}]},{"code":"OM5","display":"Observation text master file segments (e.g. Lab)","designation":[{"language":"nl","value":"Observatietekst masterbestand-segmenten (d.w.z. Lab)"}],"property":[{"code":"deprecated","valueDateTime":"1997-03"}]},{"code":"OM6","display":"Observation text master file segments (e.g. Lab)","designation":[{"language":"nl","value":"Observatietekst masterbestand-segmenten (d.w.z. Lab)"}],"property":[{"code":"deprecated","valueDateTime":"1997-03"}]},{"code":"OMA","display":"Numerical observation master file","designation":[{"language":"nl","value":"Numeriek observaties masterbestand"}]},{"code":"OMB","display":"Categorical observation master file","designation":[{"language":"nl","value":"Categorische observaties masterbestand"}]},{"code":"OMC","display":"Observation batteries master file","designation":[{"language":"nl","value":"Observatie-betteries masterbestand"}]},{"code":"OMD","display":"Calculated observations master file","designation":[{"language":"nl","value":"Berekende observaties masterbestand"}]},{"code":"OME","display":"Other Observation/Service Item master file","designation":[{"language":"nl","value":"Andere observatie/service items masterbestand"}]},{"code":"OMM","display":"Mixed type observation master file","designation":[{"language":"nl","value":"Gemengd type observatie masterbestand"}]},{"code":"PRA","display":"Practitioner master file","designation":[{"language":"de","value":"Ärztekatalog"},{"language":"nl","value":"Zorgverleners masterbestand"}]},{"code":"STF","display":"Staff master file","designation":[{"language":"de","value":"Mitarbeiterkatalog"},{"language":"nl","value":"Medewerkers masterbestand"}]}]}