{"resourceType":"CodeSystem","id":"v2-0003","meta":{"profile":["http://hl7.org/fhir/StructureDefinition/shareablecodesystem"]},"extension":[{"url":"http://hl7.org/fhir/StructureDefinition/structuredefinition-ballot-status","valueString":"External"},{"url":"http://hl7.org/fhir/StructureDefinition/structuredefinition-fmm","valueInteger":0}],"url":"http://hl7.org/fhir/v2/0003","identifier":{"system":"urn:ietf:rfc:3986","value":"urn:oid:2.16.840.1.113883.18.4"},"version":"2.8.2","name":"v2 Event Type","status":"active","experimental":false,"publisher":"HL7, Inc","contact":[{"telecom":[{"system":"url","value":"http://hl7.org"}]}],"description":"FHIR Value set/code system definition for HL7 v2 table 0003 ( Event Type)","caseSensitive":false,"valueSet":"http://hl7.org/fhir/ValueSet/v2-0003","content":"complete","property":[{"code":"deprecated","uri":"http://hl7.org/fhir/concept-properties#deprecated","description":"The date at which a concept was deprecated. Concepts that are deprecated but not inactive can still be used, but their use is discouraged","type":"dateTime"}],"concept":[{"code":"A01","display":"ADT/ACK - Admit/visit notification","designation":[{"language":"de","value":"stationäre Aufnahme"},{"language":"nl","value":"ADT/ACK - Opname/bezoek notificatie"}]},{"code":"A02","display":"ADT/ACK - Transfer a patient","designation":[{"language":"de","value":"Verlegung"},{"language":"nl","value":"ADT/ACK - Overplaatsing van een patiënt"}]},{"code":"A03","display":"ADT/ACK -  Discharge/end visit","designation":[{"language":"de","value":"Entlassung"},{"language":"nl","value":"ADT/ACK - Ontslag/einde bezoek"}]},{"code":"A04","display":"ADT/ACK -  Register a patient","designation":[{"language":"de","value":"Besuchsmeldung (nicht-stationär)"},{"language":"nl","value":"ADT/ACK - Registratie van een patiënt"}]},{"code":"A05","display":"ADT/ACK -  Pre-admit a patient","designation":[{"language":"de","value":"Voraufnahme eines Patienten"},{"language":"nl","value":"Vooropname van een patiënt"}]},{"code":"A06","display":"ADT/ACK -  Change an outpatient to an inpatient","designation":[{"language":"de","value":"Änderung von ambulant in stationär"},{"language":"nl","value":"ADT/ACK - Wijzig poliklinische patiënt naar klinische patiënt"}]},{"code":"A07","display":"ADT/ACK -  Change an inpatient to an outpatient","designation":[{"language":"de","value":"Änderung von stationär in ambulant"},{"language":"nl","value":"ADT/ACK - Wijzig klinische patiënt naar poliklinische patiënt"}]},{"code":"A08","display":"ADT/ACK -  Update patient information","designation":[{"language":"de","value":"Änderung von Patienteninformationen"},{"language":"nl","value":"ADT/ACK - Update patiëntinformatie"}]},{"code":"A09","display":"ADT/ACK -  Patient departing - tracking","designation":[{"language":"de","value":"Patient verläßt Einrichtung"},{"language":"nl","value":"ADT/ACK - Patiënt vertrekt - tracking"}]},{"code":"A10","display":"ADT/ACK -  Patient arriving - tracking","designation":[{"language":"de","value":"Patient erreicht Einrichtung"},{"language":"nl","value":"ADT/ACK - Patiënt keert terug - tracking"}]},{"code":"A11","display":"ADT/ACK -  Cancel admit/visit notification","designation":[{"language":"de","value":"Stornierung für A01 und A04"},{"language":"nl","value":"ADT/ACK - Annuleer opname/bezoek notificatie"}]},{"code":"A12","display":"ADT/ACK -  Cancel transfer","designation":[{"language":"de","value":"Stornierung für A02"},{"language":"nl","value":"ADT/ACK - Annulering overplaatsing"}]},{"code":"A13","display":"ADT/ACK -  Cancel discharge/end visit","designation":[{"language":"de","value":"Stornierung für A03"},{"language":"nl","value":"ADT/ACK - Annuleer ontslag/einde bezoek"}]},{"code":"A14","display":"ADT/ACK -  Pending admit","designation":[{"language":"de","value":"Geplante Aufnahme"},{"language":"nl","value":"ADT/ACK - Geplande opname"}]},{"code":"A15","display":"ADT/ACK -  Pending transfer","designation":[{"language":"de","value":"Geplante Verlegung"},{"language":"nl","value":"ADT/ACK - Geplande overplaatsing"}]},{"code":"A16","display":"ADT/ACK -  Pending discharge","designation":[{"language":"de","value":"Geplante Entlassung"},{"language":"nl","value":"ADT/ACK - Gepland ontslag"}]},{"code":"A17","display":"ADT/ACK -  Swap patients","designation":[{"language":"de","value":"Bettentausch zweier Patienten"},{"language":"nl","value":"ADT/ACK - Bedwissel patiënten"}]},{"extension":[{"url":"http://hl7.org/fhir/StructureDefinition/codesystem-comments","valueString":"Deprecated"}],"code":"A18","display":"ADT/ACK -  Merge patient information","designation":[{"language":"de","value":"Patienteninf. zusammenf. (veraltet, neu: A34ff.)"},{"language":"nl","value":"ADT/ACK - Samenvoeging patiëntinformatie"}],"property":[{"code":"deprecated","valueDateTime":"2011-01"}]},{"extension":[{"url":"http://hl7.org/fhir/StructureDefinition/codesystem-comments","valueString":"Deprecated"}],"code":"A19","display":"QRY/ADR -  Patient query","designation":[{"language":"de","value":"Anfrage nach Patientendaten"},{"language":"nl","value":"Patiëntopvraging"}],"property":[{"code":"deprecated","valueDateTime":"2011-01"}]},{"code":"A20","display":"ADT/ACK -  Bed status update","designation":[{"language":"de","value":"Änderung des Bettenstatus"},{"language":"nl","value":"ADT/ACK - Update bedstatus"}]},{"code":"A21","display":"ADT/ACK -  Patient goes on a \"leave of absence\"","designation":[{"language":"de","value":"Beginn einer Patientenabwesenheit"},{"language":"nl","value":"ADT/ACK - Patiënt gaat met “verlof”"}]},{"code":"A22","display":"ADT/ACK -  Patient returns from a \"leave of absence\"","designation":[{"language":"de","value":"Ende einer Patientenabwesenheit"},{"language":"nl","value":"ADT/ACK - Patiënt keert terug van “verlof”"}]},{"code":"A23","display":"ADT/ACK -  Delete a patient record","designation":[{"language":"de","value":"Löschen eines Patientensatzes"},{"language":"nl","value":"ADT/ACK - Verwijder een patiëntrecord"}]},{"code":"A24","display":"ADT/ACK -  Link patient information","designation":[{"language":"de","value":"Verknüpfen von Patientendaten"},{"language":"nl","value":"ADT/ACK - Koppel patiëntinformatie"}]},{"code":"A25","display":"ADT/ACK -  Cancel pending discharge","designation":[{"language":"de","value":"Stornierung einer eingeleiteten Entlassung"},{"language":"nl","value":"ADT/ACK - Annuleer gepland ontslag"}]},{"code":"A26","display":"ADT/ACK -  Cancel pending transfer","designation":[{"language":"de","value":"Stornierung einer eingeleiteten Verlegung"},{"language":"nl","value":"ADT/ACK - Annuleer geplande overplaatsing"}]},{"code":"A27","display":"ADT/ACK -  Cancel pending admit","designation":[{"language":"de","value":"Stornierung einer eingeleiteten Aufnahme"},{"language":"nl","value":"ADT/ACK - Annuleer geplande opname"}]},{"code":"A28","display":"ADT/ACK -  Add person information","designation":[{"language":"de","value":"Personendaten hinzufügen"},{"language":"nl","value":"ADT/ACK - Voeg persoonsinformatie toe"}]},{"code":"A29","display":"ADT/ACK -  Delete person information","designation":[{"language":"de","value":"Löschung von personenbezogenen Daten"},{"language":"nl","value":"ADT/ACK - Verwijder persoonsinformatie"}]},{"extension":[{"url":"http://hl7.org/fhir/StructureDefinition/codesystem-comments","valueString":"Deprecated"}],"code":"A30","display":"ADT/ACK -  Merge person information","designation":[{"language":"de","value":"veraltet"},{"language":"nl","value":"ADT/ACK - Voeg persoonsinformatie samen"}],"property":[{"code":"deprecated","valueDateTime":"2011-01"}]},{"code":"A31","display":"ADT/ACK -  Update person information","designation":[{"language":"de","value":"Ändern personenbezogener Daten"},{"language":"nl","value":"ADT/ACK - Update persoonsinformatie"}]},{"code":"A32","display":"ADT/ACK -  Cancel patient arriving - tracking","designation":[{"language":"de","value":"Stornierung eines Patientenzugangs (Bettenzuweisung)"},{"language":"nl","value":"ADT/ACK - Annuleer aankomst patiënt - tracking"}]},{"code":"A33","display":"ADT/ACK -  Cancel patient departing - tracking","designation":[{"language":"de","value":"Stornierung eines Patientenabgangs (Bettenfreigabe)"},{"language":"nl","value":"ADT/ACK - Annuleer vertrek patiënt - tracking"}]},{"extension":[{"url":"http://hl7.org/fhir/StructureDefinition/codesystem-comments","valueString":"Deprecated"}],"code":"A34","display":"ADT/ACK -  Merge patient information - patient ID only","designation":[{"language":"de","value":"Abgleich nur der Patientennummer (veraltet)"},{"language":"nl","value":"ADT/ACK - Voeg patiëntinformatie samen - alleen patiënt ID"}],"property":[{"code":"deprecated","valueDateTime":"2011-01"}]},{"extension":[{"url":"http://hl7.org/fhir/StructureDefinition/codesystem-comments","valueString":"Deprecated"}],"code":"A35","display":"ADT/ACK -  Merge patient information - account number only","designation":[{"language":"de","value":"Abgleich nur der Abrechnungsnummer / Debitorenkontonummer (veraltet)"},{"language":"nl","value":"ADT/ACK - Voeg patiëntinformatie samen - alleen accountnummer"}],"property":[{"code":"deprecated","valueDateTime":"2011-01"}]},{"extension":[{"url":"http://hl7.org/fhir/StructureDefinition/codesystem-comments","valueString":"Deprecated"}],"code":"A36","display":"ADT/ACK -  Merge patient information - patient ID and account number","designation":[{"language":"de","value":"Abgleich von Patientennummer und Abrechnungsnummer / Debitorenkontonummer (veraltet)"},{"language":"nl","value":"ADT/ACK - Voeg patiëntinformatie samen - patiënt ID en accountnummer"}],"property":[{"code":"deprecated","valueDateTime":"2011-01"}]},{"code":"A37","display":"ADT/ACK -  Unlink patient information","designation":[{"language":"de","value":"Auflösung einer Verknüpfung von Patientendaten"},{"language":"nl","value":"ADT/ACK - Ontkoppel patiëntinformatie"}]},{"code":"A38","display":"ADT/ACK - Cancel pre-admit","designation":[{"language":"de","value":"Stornierung zu A05"},{"language":"nl","value":"ADT/ACK - Annuleer opname op wachtlijst"}]},{"extension":[{"url":"http://hl7.org/fhir/StructureDefinition/codesystem-comments","valueString":"Deprecated"}],"code":"A39","display":"ADT/ACK - Merge person - patient ID","designation":[{"language":"de","value":"Zusammenführung von Information über externe ID (veraltet)"},{"language":"nl","value":"ADT/ACK - Voeg persoon samen - patiënt ID"}],"property":[{"code":"deprecated","valueDateTime":"2011-01"}]},{"code":"A40","display":"ADT/ACK - Merge patient - patient identifier list","designation":[{"language":"de","value":"Zusammenführung v. Pat-Information über ID-Liste"},{"language":"nl","value":"ADT/ACK - Voeg patiënt samen - lijst patiënt ID's"}]},{"code":"A41","display":"ADT/ACK - Merge account - patient account number","designation":[{"language":"de","value":"Zusammenführung von Konten über Kontonummer"},{"language":"nl","value":"ADT/ACK - Samenvoeging account - patiënt accountnummer"}]},{"code":"A42","display":"ADT/ACK - Merge visit - visit number","designation":[{"language":"de","value":"Zusammenführung v.Fall-Information über Fallnummer"},{"language":"nl","value":"ADT/ACK - Samenvoeging bezoek - bezoeknummer"}]},{"code":"A43","display":"ADT/ACK - Move patient information - patient identifier list","designation":[{"language":"de","value":"Korrektur einer falschen Zuordnung bzgl. PID-Liste"},{"language":"nl","value":"ADT/ACK - Verplaats patiëntinformatie - lijst patiënt ID's"}]},{"code":"A44","display":"ADT/ACK - Move account information - patient account number","designation":[{"language":"de","value":"Korrektur einer falschen Zuordnung bzgl.Abrechungsnummer"},{"language":"nl","value":"ADT/ACK - Verplaats accountinformatie - patiënt accountnummer"}]},{"code":"A45","display":"ADT/ACK - Move visit information - visit number","designation":[{"language":"de","value":"Korrektur einer falschen Zuordnung bzgl.Fallnummer"},{"language":"nl","value":"ADT/ACK - Verplaats bezoekinformatie - bezoeknummer"}]},{"extension":[{"url":"http://hl7.org/fhir/StructureDefinition/codesystem-comments","valueString":"Deprecated"}],"code":"A46","display":"ADT/ACK - Change patient ID","designation":[{"language":"de","value":"Änderung der externen Pat.ID (PID-2)"},{"language":"nl","value":"ADT/ACK - Wijzig patiënt ID"}],"property":[{"code":"deprecated","valueDateTime":"2011-01"}]},{"code":"A47","display":"ADT/ACK - Change patient identifier list","designation":[{"language":"de","value":"Änderung der internen Pat.ID (PID-3)"},{"language":"nl","value":"ADT/ACK - Wijzig lijst patiënt ID's"}]},{"extension":[{"url":"http://hl7.org/fhir/StructureDefinition/codesystem-comments","valueString":"Deprecated"}],"code":"A48","display":"ADT/ACK - Change alternate patient ID","designation":[{"language":"de","value":"Änderung der alternativen Pat.ID (PID-4)"},{"language":"nl","value":"ADT/ACK - Wijzig alternatief patiënt ID"}],"property":[{"code":"deprecated","valueDateTime":"2011-01"}]},{"code":"A49","display":"ADT/ACK - Change patient account number","designation":[{"language":"de","value":"Änderung der Abrechungsnummer (PID-18)"},{"language":"nl","value":"ADT/ACK - Wijzig patiënt accountnummer"}]},{"code":"A50","display":"ADT/ACK - Change visit number","designation":[{"language":"de","value":"Änderung der Fallnummer (PV1-19)"},{"language":"nl","value":"ADT/ACK - Wijzig bezoeknummer"}]},{"code":"A51","display":"ADT/ACK - Change alternate visit ID","designation":[{"language":"de","value":"Änderung der alternativen Fallnummer (PV1-50)"},{"language":"nl","value":"ADT/ACK - Wijzig alternatief bezoeknummer"}]},{"code":"A52","display":"ADT/ACK - Cancel leave of absence for a patient","designation":[{"language":"nl","value":"ADT/ACK - Annuleer verlof voor een patiënt"}]},{"code":"A53","display":"ADT/ACK - Cancel patient returns from a leave of absence","designation":[{"language":"nl","value":"ADT/ACK - Annuleer terugkeer van verlof voor een patiënt"}]},{"code":"A54","display":"ADT/ACK - Change attending doctor","designation":[{"language":"nl","value":"ADT/ACK - Wijzig behandelend arts"}]},{"code":"A55","display":"ADT/ACK - Cancel change attending doctor","designation":[{"language":"nl","value":"ADT/ACK - Annuleer wijzigen behandelend arts"}]},{"code":"A60","display":"ADT/ACK - Update allergy information","designation":[{"language":"nl","value":"ADT/ACK - Update allergie-informatie"}]},{"code":"A61","display":"ADT/ACK - Change consulting doctor","designation":[{"language":"nl","value":"ADT/ACK - Wijzig consulterend arts"}]},{"code":"A62","display":"ADT/ACK - Cancel change consulting doctor","designation":[{"language":"nl","value":"ADT/ACK - Annuleer wijzigen consulterend arts"}]},{"code":"B01","display":"PMU/ACK - Add personnel record","designation":[{"language":"nl","value":"PMU/ACK - Voeg personeelrecord toe"}]},{"code":"B02","display":"PMU/ACK - Update personnel record","designation":[{"language":"nl","value":"PMU/ACK - Update personeelrecord"}]},{"code":"B03","display":"PMU/ACK - Delete personnel re cord","designation":[{"language":"nl","value":"PMU/ACK - Verwijder personeelrecord"}]},{"code":"B04","display":"PMU/ACK - Active practicing person","designation":[{"language":"nl","value":"PMU/ACK - Activeer praktiserend persoon"}]},{"code":"B05","display":"PMU/ACK - Deactivate practicing person","designation":[{"language":"nl","value":"PMU/ACK - Deactiveer praktiserend persoon"}]},{"code":"B06","display":"PMU/ACK - Terminate practicing person","designation":[{"language":"nl","value":"PMU/ACK - Beëindig praktiserend persoon"}]},{"code":"B07","display":"PMU/ACK - Grant Certificate/Permission","designation":[{"language":"nl","value":"PMU/ACK - Geef certificaat/toestemming"}]},{"code":"B08","display":"PMU/ACK - Revoke Certificate/Permission","designation":[{"language":"nl","value":"PMU/ACK - Trek certificaat/toestemming in"}]},{"code":"C01","display":"CRM - Register a patient on a clinical trial","designation":[{"language":"de","value":"Registrierung eines Patienten f.eine klin.Studie"},{"language":"nl","value":"CRM - Registreer patiënt voor clinical trial"}]},{"code":"C02","display":"CRM - Cancel a patient registration on clinical trial (for clerical mistakes only)","designation":[{"language":"de","value":"Löschung der Registrierung"},{"language":"nl","value":"CRM - Annuleer patiëntregistratie voor clinical trial (invoerfout)"}]},{"code":"C03","display":"CRM - Correct/update registration information","designation":[{"language":"de","value":"Korrektur/Änderung der Registrierung"},{"language":"nl","value":"CRM - Corrigeer/update registratie-informatie"}]},{"code":"C04","display":"CRM - Patient has gone off a clinical trial","designation":[{"language":"de","value":"Patient ist aus der Studie ausgeschieden"},{"language":"nl","value":"CRM - Patiënt heeft clinical trial verlaten"}]},{"code":"C05","display":"CRM - Patient enters phase of clinical trial","designation":[{"language":"de","value":"Patient tritt in Studienphase ein"},{"language":"nl","value":"CRM - Patiënt gaat in fase van clinical trial"}]},{"code":"C06","display":"CRM - Cancel patient entering a phase (clerical mistake)","designation":[{"language":"de","value":"Löschung des Eintritts in eine Studienphase"},{"language":"nl","value":"CRM - Annuleer patiënt gaat in fase van clinical trial (invoerfout)"}]},{"code":"C07","display":"CRM - Correct/update phase information","designation":[{"language":"de","value":"Korrektur/Änderung der Angaben zur Studienphase"},{"language":"nl","value":"CRM - Corrigeer/update fase-informatie"}]},{"code":"C08","display":"CRM - Patient has gone off phase of clinical trial","designation":[{"language":"de","value":"Patient ist aus Studienphase ausgeschieden"},{"language":"nl","value":"CRM - Patiënt heeft fase clinical trial verlaten"}]},{"code":"C09","display":"CSU - Automated time intervals for reporting, like monthly","designation":[{"language":"de","value":"Festlegung des Zeitintervalls für autom. Berichte"},{"language":"nl","value":"CSU - Geautomatiseerde rapportageintervallen, zoals maandelijks"}]},{"code":"C10","display":"CSU - Patient completes the clinical trial","designation":[{"language":"de","value":"Patient beendet Studie"},{"language":"nl","value":"CSU - Patiënt voltooit de clinical trial"}]},{"code":"C11","display":"CSU - Patient completes a phase of the clinical trial","designation":[{"language":"de","value":"Patient beendet eine Studienphase"},{"language":"nl","value":"CSU - Patiënt voltooit een fase van de clinical trial"}]},{"code":"C12","display":"CSU - Update/correction of patient order/result information","designation":[{"language":"de","value":"Korrektur/Änderung von Anforderungen/Ergebnissen"},{"language":"nl","value":"CSU - Update/correctie van patiënt aanvraag-/resultaatinformatie"}]},{"code":"CNQ","display":"Cancel Query","designation":[{"language":"de","value":"Stornierung einer Anfrage"},{"language":"nl","value":"Annuleer query"}],"property":[{"code":"deprecated","valueDateTime":"2007-04"}]},{"code":"E01","display":"Submit HealthCare Services Invoice","designation":[{"language":"nl","value":"Dien factuur zorgproducten in"}]},{"code":"E02","display":"Cancel HealthCare Services Invoice","designation":[{"language":"nl","value":"Annuleer factuur zorgproducten"}]},{"code":"E03","display":"HealthCare Services Invoice Status","designation":[{"language":"nl","value":"Status factuur zorgproducten"}]},{"code":"E04","display":"Re-Assess HealthCare Services Invoice Request","designation":[{"language":"nl","value":"Beoordeel factuuraanvraag zorgproducten opnieuw"}]},{"code":"E10","display":"Edit/Adjudication Results","designation":[{"language":"nl","value":"Wijzig/beslissing resultaten"}]},{"code":"E12","display":"Request Additional Information","designation":[{"language":"nl","value":"Verzoek om aanvullende informatie"}]},{"code":"E13","display":"Additional Information Response","designation":[{"language":"nl","value":"Antwoord aanvullende informatie"}]},{"code":"E15","display":"Payment/Remittance Advice","designation":[{"language":"nl","value":"Advies betaling/teruggave"}]},{"code":"E20","display":"Submit Authorization Request","designation":[{"language":"nl","value":"Dien autorisatieverzoek in"}]},{"code":"E21","display":"Cancel Authorization Request","designation":[{"language":"nl","value":"Annuleer autorisatieverzoek"}]},{"code":"E22","display":"Authorization Request Status","designation":[{"language":"nl","value":"Status autorisatieverzoek"}]},{"code":"E24","display":"Authorization Response","designation":[{"language":"nl","value":"Antwoord autorisatieverzoek"}]},{"extension":[{"url":"http://hl7.org/fhir/StructureDefinition/codesystem-comments","valueString":"reserved for future/not yet defined"}],"code":"E30","display":"Submit Health Document related to Authorization Request","designation":[{"language":"nl","value":"Dien zorgdocument gerelateerd aan autorisatieverzoek in"}]},{"extension":[{"url":"http://hl7.org/fhir/StructureDefinition/codesystem-comments","valueString":"reserved for future/not yet defined"}],"code":"E31","display":"Cancel Health Document related to Authorization Request","designation":[{"language":"nl","value":"Annuleer zorgdocument gerelateerd aan autorisatieverzoek"}]},{"code":"I01","display":"RQI/RPI - Request for insurance information","designation":[{"language":"de","value":"Anforderung von Versicherungsdaten"},{"language":"nl","value":"RQI/RPI - Verzoek om verzekeringsgegevens"}]},{"code":"I02","display":"RQI/RPL - Request/receipt of patient selection display list","designation":[{"language":"de","value":"Anforderg.einer Patientenauswahlliste (zur Anzeige)"},{"language":"nl","value":"RQI/RPL - Verzoek/afschrift van patiëntselectie weergavelijst"}]},{"code":"I03","display":"RQI/RPR - Request/receipt of patient selection list","designation":[{"language":"de","value":"Anforderg.einer strukt. Patientenauswahlliste"},{"language":"nl","value":"RQI/RPR - Verzoek/afschrift van patiëntselectielijst"}]},{"code":"I04","display":"RQD/RPI - Request for patient demographic data","designation":[{"language":"de","value":"Anforderung demographischer Informationen"},{"language":"nl","value":"RQD/RPI - Verzoek om demografische patiëntgegevens"}]},{"extension":[{"url":"http://hl7.org/fhir/StructureDefinition/codesystem-comments","valueString":"Deprecated"}],"code":"I05","display":"RQC/RCI - Request for patient clinical information","designation":[{"language":"de","value":"Anforderung klinischer Informationen"},{"language":"nl","value":"RQC/RCI - Verzoek om klinische patiëntgegevens"}],"property":[{"code":"deprecated","valueDateTime":"2014-02"}]},{"extension":[{"url":"http://hl7.org/fhir/StructureDefinition/codesystem-comments","valueString":"Deprecated"}],"code":"I06","display":"RQC/RCL - Request/receipt of clinical data listing","designation":[{"language":"de","value":"Anforderung strukt. klinischer Informationen"},{"language":"nl","value":"RQC/RCL - Verzoek/afschrift van overzicht klinische gegevens"}],"property":[{"code":"deprecated","valueDateTime":"2014-02"}]},{"code":"I07","display":"PIN/ACK - Unsolicited insurance information","designation":[{"language":"de","value":"unaufgeforderte Übermittlung v. Versicherungsdaten"},{"language":"nl","value":"PIN/ACK - Ongevraagde verzekeringsinformatie"}]},{"code":"I08","display":"RQA/RPA - Request for treatment authorization information","designation":[{"language":"de","value":"Anforderung Kostenübernahmeerklärung"},{"language":"nl","value":"RQA/RPA - Verzoek om autorisatie-informatie behandeling"}]},{"code":"I09","display":"RQA/RPA - Request for modification to an authorization","designation":[{"language":"de","value":"Anforderg bzgl. Änderung Kostenübernahmeerklärung"},{"language":"nl","value":"RQA/RPA - Verzoek om wijziging in autorisatie"}]},{"code":"I10","display":"RQA/RPA - Request for resubmission of an authorization","designation":[{"language":"de","value":"erneute Anforderung Kostenübernahmeerklärung"},{"language":"nl","value":"RQA/RPA - Verzoek om autorisatie opnieuw in te dienen"}]},{"code":"I11","display":"RQA/RPA - Request for cancellation of an authorization","designation":[{"language":"de","value":"Anfordrg Stornierg einer Kostenübernahmeerklärung"},{"language":"nl","value":"RQA/RPA - Verzoek om annulering van een autorisatie"}]},{"code":"I12","display":"REF/RRI - Patient referral","designation":[{"language":"de","value":"Überweisung eines Patienten"},{"language":"nl","value":"REF/RRI - Patiëntverwijzing"}]},{"code":"I13","display":"REF/RRI - Modify patient referral","designation":[{"language":"de","value":"Änderung einer Patientenüberweisung"},{"language":"nl","value":"REF/RRI - Wijzig patiëntverwijzing"}]},{"code":"I14","display":"REF/RRI - Cancel patient referral","designation":[{"language":"de","value":"Stornierung einer Patientenüberweisung"},{"language":"nl","value":"REF/RRI - Annuleer patiëntverwijzing"}]},{"code":"I15","display":"REF/RRI - Request patient referral status","designation":[{"language":"de","value":"Statusabfrage bzgl. Patientenüberweisung"},{"language":"nl","value":"REF/RRI - Verzoek om status patiëntverwijzing"}]},{"code":"I16","display":"Collaborative Care Referral","designation":[{"language":"nl","value":"Multidisciplinaire verwijzing"}]},{"extension":[{"url":"http://hl7.org/fhir/StructureDefinition/codesystem-comments","valueString":"Deprecated"}],"code":"I17","display":"Modify Collaborative Care Referral","designation":[{"language":"nl","value":"Wijzig multidisciplinaire verwijzing"}],"property":[{"code":"deprecated","valueDateTime":"2011-01"}]},{"extension":[{"url":"http://hl7.org/fhir/StructureDefinition/codesystem-comments","valueString":"Deprecated"}],"code":"I18","display":"Cancel Collaborative Care Referral","designation":[{"language":"nl","value":"Annuleer multidisciplinaire verwijzing"}],"property":[{"code":"deprecated","valueDateTime":"2011-01"}]},{"code":"I19","display":"Collaborative Care Query/Collaborative Care Query Update","designation":[{"language":"nl","value":"Query multidisciplinaire zorg/Query update multidisciplinaire zorg"}]},{"code":"I20","display":"Asynchronous Collaborative Care Update","designation":[{"language":"nl","value":"Asynchrone update multidisciplinaire zorg"}]},{"code":"I21","display":"Collaborative Care Message","designation":[{"language":"nl","value":"Multidisciplinair bericht"}]},{"code":"I22","display":"Collaborative Care Fetch / Collaborative Care Information","designation":[{"language":"nl","value":"Multidisciplinaire zorg ophalen/multidisciplinaire zorg informatie"}]},{"code":"J01","display":"QCN/ACK - Cancel query/acknowledge message","designation":[{"language":"nl","value":"QCN/ACK - Annuleer query/bevestigingsbericht"}]},{"code":"J02","display":"QSX/ACK - Cancel subscription/acknowledge message","designation":[{"language":"nl","value":"QSX/ACK - Annuleer abonnement/bevestigingsbericht"}]},{"code":"K11","display":"RSP - Segment pattern response in response to QBP^Q11","designation":[{"language":"nl","value":"RSP - Segmentpatroon antwoord op QBP^Q11"}]},{"code":"K13","display":"RTB - Tabular response in response to QBP^Q13","designation":[{"language":"nl","value":"RTB - Tabelpatroon antwoord op QBP^Q13"}]},{"code":"K15","display":"RDY - Display response in response to QBP^Q15","designation":[{"language":"nl","value":"RDY - Weergavepatroon antwoord op QBP^Q15"}]},{"code":"K21","display":"RSP - Get person demographics response","designation":[{"language":"nl","value":"RSP - Antwoord query demografische persoonsgegevens"}]},{"code":"K22","display":"RSP - Find candidates response","designation":[{"language":"nl","value":"RSP - Antwoord zoek kandidaten"}]},{"code":"K23","display":"RSP - Get corresponding identifiers response","designation":[{"language":"nl","value":"RSP - Antwoord bijbehorende ID's"}]},{"code":"K24","display":"RSP - Allocate identifiers response","designation":[{"language":"nl","value":"RSP - Antwoord alloceer ID's"}]},{"code":"K25","display":"RSP - Personnel Information by Segment Response","designation":[{"language":"nl","value":"RSP - Antwoord personeelsinformatie op segment"}]},{"code":"K31","display":"RSP -Dispense History Response","designation":[{"language":"nl","value":"RSP - Antwoord verstrekkingshistorie"}]},{"code":"K32","display":"Find Candidates including Visit Information Response","designation":[{"language":"nl","value":"Antwoord zoek kandidaten inclusief bezoekinformatie"}]},{"code":"K33","display":"Get Donor Record Candidates Response Message","designation":[{"language":"nl","value":"Antwoord zoek donorrecord-kandidaten"}]},{"code":"K34","display":"Segment Pattern Response Message","designation":[{"language":"nl","value":"Segmentpatroon antwoordbericht"}]},{"extension":[{"url":"http://hl7.org/fhir/StructureDefinition/codesystem-comments","valueString":"Deprecated"}],"code":"M01","display":"MFN/MFK - Master file not otherwise specified","designation":[{"language":"de","value":"Stammdatenänderung (veraltet)"},{"language":"nl","value":"MFN/MFK - Masterbestand - niet anderszins gespecificeerd"}],"property":[{"code":"deprecated","valueDateTime":"2011-01"}]},{"code":"M02","display":"MFN/MFK - Master file - staff practitioner","designation":[{"language":"de","value":"Stammdatenänderung - Ärzte"},{"language":"nl","value":"MFN/MFK - Masterbestand - Medewerker zorgverlener"}]},{"extension":[{"url":"http://hl7.org/fhir/StructureDefinition/codesystem-comments","valueString":"Deprecated"}],"code":"M03","display":"MFN/MFK - Master file - test/observation","designation":[{"language":"de","value":"Stammdatenänderung - Tests / Untersuchungen"},{"language":"nl","value":"MFN/MFK - Masterbestand - Test/observatie"}],"property":[{"code":"deprecated","valueDateTime":"2011-01"}]},{"code":"M04","display":"MFN/MFK - Master files charge description","designation":[{"language":"de","value":"Stammdatenänderung - delayed appl ack"},{"language":"nl","value":"MFN/MFK - Masterbestand - Prijsomschrijving"}]},{"code":"M05","display":"MFN/MFK - Patient location master file","designation":[{"language":"de","value":"Stammdatenänderung - Aufenthaltsorte"},{"language":"nl","value":"MFN/MFK - Masterbestand - Patiëntlocatie"}]},{"code":"M06","display":"MFN/MFK - Clinical study with phases and schedules master file","designation":[{"language":"de","value":"Stammdatenänderung - Abrechnungskataloge"},{"language":"nl","value":"MFN/MFK - Masterbestand - Klinische studie met fases en planning"}]},{"code":"M07","display":"MFN/MFK - Clinical study without phases but with schedules master file","designation":[{"language":"de","value":"Stammdatenänderung - klinische Studien ohne Phasen"},{"language":"nl","value":"MFN/MFK - Masterbestand - Klinische studie zonder fases maar met planning"}]},{"code":"M08","display":"MFN/MFK - Test/observation (numeric) master file","designation":[{"language":"de","value":"Stammdatenänderung - Tests/Untersuchung mit numerischen Ergebnissen"},{"language":"nl","value":"MFN/MFK - Masterbestand - Test/observatie (numeriek)"}]},{"code":"M09","display":"MFN/MFK - Test/observation (categorical) master file","designation":[{"language":"de","value":"Stammdatenänderung - Tests mit nicht numerischen Ergebnissen"},{"language":"nl","value":"MFN/MFK - Masterbestand - Test/observatie (categorieën)"}]},{"code":"M10","display":"MFN/MFK - Test /observation batteries master file","designation":[{"language":"de","value":"Stammdatenänderung - Testprofile"},{"language":"nl","value":"MFN/MFK - Masterbestand - Test/observatie batteries"}]},{"code":"M11","display":"MFN/MFK - Test/calculated observations master file","designation":[{"language":"de","value":"Stammdatenänderung - berechnete Ergebnisse"},{"language":"nl","value":"MFN/MFK - Masterbestand - Test/berekende observaties"}]},{"code":"M12","display":"MFN/MFK - Master file notification message","designation":[{"language":"nl","value":"MFN/MFK - Masterbestand - Notificatiebericht"}]},{"code":"M13","display":"MFN/MFK - Master file notification - general","designation":[{"language":"nl","value":"MFN/MFK - Masterbestand - Notificatiebericht algemeen"}]},{"code":"M14","display":"MFN/MFK - Master file notification - site defined","designation":[{"language":"nl","value":"MFN/MFK - Masterbestand - Notificatiebericht lokale overeenkomst"}]},{"code":"M15","display":"MFN/MFK - Inventory item master file notification","designation":[{"language":"nl","value":"MFN/MFK - Masterbestand voorraaditems - Notificatiebericht"}]},{"code":"M16","display":"MFN/MFK - Master File Notification Inventory Item Enhanced","designation":[{"language":"nl","value":"MFN/MFK - Masterbestand voorraaditems - Notificatiebericht verbeterd"}]},{"code":"M17","display":"DRG Master File Message","designation":[{"language":"nl","value":"DRG - Masterbestand bericht"}]},{"code":"M18","display":"MFN/MFK - Master file notification - Test/Observation (Payer)","designation":[{"language":"nl","value":"MFN/MFK - Master file notification - Test/Observatie (Betaler)"}]},{"extension":[{"url":"http://hl7.org/fhir/StructureDefinition/codesystem-comments","valueString":"Deprecated"}],"code":"N01","display":"NMQ/NMR - Application management query message","designation":[{"language":"nl","value":"NMQ/NMR - Query Applicatiemanagement"}],"property":[{"code":"deprecated","valueDateTime":"2011-01"}]},{"code":"N02","display":"NMD/ACK - Application management data message (unsolicited)","designation":[{"language":"nl","value":"NMD/NMR - Applicatiemanagementgegevens (ongevraagd)"}]},{"extension":[{"url":"http://hl7.org/fhir/StructureDefinition/codesystem-comments","valueString":"Deprecated"}],"code":"O01","display":"ORM - Order message (also RDE, RDS, RGV, RAS)","designation":[{"language":"de","value":"Auftrag / Verordnung"},{"language":"nl","value":"ORM - Aanvraagbericht (ook RDE, RDS, RGV, RAS)"}],"property":[{"code":"deprecated","valueDateTime":"2011-01"}]},{"extension":[{"url":"http://hl7.org/fhir/StructureDefinition/codesystem-comments","valueString":"Deprecated"}],"code":"O02","display":"ORR - Order response (also RRE, RRD, RRG, RRA)","designation":[{"language":"de","value":"Auftragsbestätigung"},{"language":"nl","value":"ORR - Antwoord aanvraagbericht (ook RRE, RRD, RRG, RRA)"}],"property":[{"code":"deprecated","valueDateTime":"2011-01"}]},{"code":"O03","display":"OMD - Diet order","designation":[{"language":"nl","value":"OMD - Maaltijdaanvraag"}]},{"code":"O04","display":"ORD - Diet order acknowledgment","designation":[{"language":"nl","value":"ORD - Bevestiging maaltijdaanvraag"}]},{"code":"O05","display":"OMS - Stock requisition order","designation":[{"language":"nl","value":"OMS - Aanvraag aanvulling voorraad"}]},{"code":"O06","display":"ORS - Stock requisition acknowledgment","designation":[{"language":"nl","value":"ORS - Bevestiging aanvraag aanvulling voorraad"}]},{"code":"O07","display":"OMN - Non-stock requisition order","designation":[{"language":"nl","value":"OMN - Aanvraag aanvulling niet-voorraad"}]},{"code":"O08","display":"ORN - Non-stock requisition acknowledgment","designation":[{"language":"nl","value":"ORN - Bevestiging aanvraag aanvulling niet-voorraad"}]},{"code":"O09","display":"OMP - Pharmacy/treatment order","designation":[{"language":"nl","value":"OMP - Medicatie/therapie aanvraag"}]},{"code":"O10","display":"ORP - Pharmacy/treatment order acknowledgment","designation":[{"language":"nl","value":"ORP - Bevestiging medicatie/therapie aanvraag"}]},{"code":"O11","display":"RDE - Pharmacy/treatment encoded order","designation":[{"language":"nl","value":"RDE - Gecodeerde aanvraag medicatie/therapie"}]},{"code":"O12","display":"RRE - Pharmacy/treatment encoded order acknowledgment","designation":[{"language":"nl","value":"RRE - Bevestiging gecodeerde aanvraag medicatie/therapie"}]},{"code":"O13","display":"RDS - Pharmacy/treatment dispense","designation":[{"language":"nl","value":"RDS - Medicatie/therapieverstrekking"}]},{"code":"O14","display":"RRD - Pharmacy/treatment dispense acknowledgment","designation":[{"language":"nl","value":"RRD - Bevestiging medicatie/therapieverstrekking"}]},{"code":"O15","display":"RGV - Pharmacy/treatment give","designation":[{"language":"nl","value":"RGV - Medicatie/therapie gegeven"}]},{"code":"O16","display":"RRG - Pharmacy/treatment give acknowledgment","designation":[{"language":"nl","value":"RRG - Bevestiging medicatie/therapie gegeven"}]},{"code":"O17","display":"RAS - Pharmacy/treatment administration","designation":[{"language":"nl","value":"RAS - Medicatie/therapietoediening"}]},{"code":"O18","display":"RRA - Pharmacy/treatment administration acknowledgment","designation":[{"language":"nl","value":"RRA - Bevestiging medicatie/therapietoediening"}]},{"code":"O19","display":"OMG - General clinical order","designation":[{"language":"nl","value":"OMG - Algemene klinische aanvraag"}]},{"code":"O20","display":"ORG/ORL - General clinical order response","designation":[{"language":"nl","value":"ORG/ORL - Antwoord algemene klinische aanvraag"}]},{"code":"O21","display":"OML - Laboratory order","designation":[{"language":"nl","value":"OML - Laboratoriumaanvraag"}]},{"code":"O22","display":"ORL - General laboratory order response message to any OML","designation":[{"language":"nl","value":"ORL - Algemeen laboratoriumaanvraag antwoordbericht op alle OML"}]},{"code":"O23","display":"OMI - Imaging order","designation":[{"language":"nl","value":"OMI - Beeldaanvraag"}]},{"code":"O24","display":"ORI - Imaging order response message to any OMI","designation":[{"language":"nl","value":"ORI - Beeldaanvraag antwoordbericht op alle OMI"}]},{"code":"O25","display":"RDE - Pharmacy/treatment refill authorization request","designation":[{"language":"nl","value":"RDE - Autorisatieverzoek voor herhaal medicatie/therapie"}]},{"code":"O26","display":"RRE - Pharmacy/Treatment Refill Authorization Acknowledgement","designation":[{"language":"nl","value":"RRE - Antwoord autorisatieverzoek voor herhaal medicatie/therapie"}]},{"code":"O27","display":"OMB - Blood product order","designation":[{"language":"nl","value":"OMB - Bloedproductaanvraag"}]},{"code":"O28","display":"ORB - Blood product order acknowledgment","designation":[{"language":"nl","value":"ORB - Antwoordbericht bloedproductaanvraag"}]},{"code":"O29","display":"BPS - Blood product dispense status","designation":[{"language":"nl","value":"BPS - Bloedproduct verstrekkingstatus"}]},{"code":"O30","display":"BRP - Blood product dispense status acknowledgment","designation":[{"language":"nl","value":"BRP - Antwoordbericht bloedproduct verstrekkingstatus"}]},{"code":"O31","display":"BTS - Blood product transfusion/disposition","designation":[{"language":"nl","value":"BTS - Bloedproduct transfusie/dispositie"}]},{"code":"O32","display":"BRT - Blood product transfusion/disposition acknowledgment","designation":[{"language":"nl","value":"BRT - Antwoordbericht bloedproduct transfusie/dispositie"}]},{"code":"O33","display":"OML - Laboratory order for multiple orders related to a single specimen","designation":[{"language":"nl","value":"OML - Laboratoriumaanvraag voor meerdere aanvragen met betrekking tot één monster"}]},{"code":"O34","display":"ORL - Laboratory order response message to a multiple order related to single specimen OML","designation":[{"language":"nl","value":"ORL - Antwoordbericht laboratoriumaanvraag voor meerdere aanvragen met betrekking tot één monster OML"}]},{"code":"O35","display":"OML - Laboratory order for multiple orders related to a single container of a specimen","designation":[{"language":"nl","value":"OML - Laboratoriumaanvraag voor meerdere aanvragen met betrekking tot één container van een monster OML"}]},{"code":"O36","display":"ORL - Laboratory order response message to a single container of a specimen OML","designation":[{"language":"nl","value":"ORL - Antwoordbericht laboratoriumaanvraag voor meerdere aanvragen met betrekking tot één container van een monster OML"}]},{"code":"O37","display":"OPL - Population/Location-Based Laboratory Order Message","designation":[{"language":"nl","value":"OPL - Populatie/locatie-gebaseerd laboratoriumaanvraag bericht"}]},{"code":"O38","display":"OPR - Population/Location-Based Laboratory Order Acknowledgment Message","designation":[{"language":"nl","value":"OPR - Bevestiging populatie/locatie-gebaseerd laboratoriumaanvraag bericht"}]},{"code":"O39","display":"Specimen shipment centric laboratory order","designation":[{"language":"nl","value":"Monsterverzending-georiënteerde laboratoriumaanvraag"}]},{"code":"O40","display":"Specimen Shipment Centric Laboratory Order Acknowledgment Message","designation":[{"language":"nl","value":"Antwoord monsterverzending-georiënteerde laboratoriumaanvraag"}]},{"code":"O41","display":"DBC - Create Donor Record Message","designation":[{"language":"nl","value":"DBC - Maak donorrecord bericht"}]},{"code":"O42","display":"DBU - Update Donor Record Message","designation":[{"language":"nl","value":"DBU - Update donorrecord bericht"}]},{"code":"O43","display":"General Order Message with Document Payload Acknowledgement Message","designation":[{"language":"nl","value":"Algemeen aanvraagbericht met documentinhoud bevestigingsbericht"}]},{"code":"O44","display":"Donor Registration - Minimal Message","designation":[{"language":"nl","value":"Donorregistratie - minimaal bericht"}]},{"code":"O45","display":"Donor Eligibility Observations Message","designation":[{"language":"nl","value":"Donorkwalificatie observaties bericht"}]},{"code":"O46","display":"Donor Eligiblity Message","designation":[{"language":"nl","value":"Donorkwalificatie bericht"}]},{"code":"O47","display":"Donor Request to Collect Message","designation":[{"language":"nl","value":"Verzoekbericht donatie verzameling"}]},{"code":"O48","display":"Donation Procedure Message","designation":[{"language":"nl","value":"Procedurebericht donatie"}]},{"code":"P01","display":"BAR/ACK - Add patient accounts","designation":[{"language":"de","value":"Eröffnung eines Patientenkontos"},{"language":"nl","value":"BAR/ACK - Voeg patiëntaccounts toe"}]},{"code":"P02","display":"BAR/ACK - Purge patient accounts","designation":[{"language":"de","value":"Löschen der Abrechnungsdaten eines Patientenkontos"},{"language":"nl","value":"BAR/ACK - Verwijder patiëntaccounts"}]},{"code":"P03","display":"DFT/ACK - Post detail financial transaction","designation":[{"language":"de","value":"Leistungs- und Abrechnungsinformationen"},{"language":"nl","value":"Details financiële verrichting"}]},{"extension":[{"url":"http://hl7.org/fhir/StructureDefinition/codesystem-comments","valueString":"Deprecated"}],"code":"P04","display":"QRY/DSP - Generate bill and A/R statements","designation":[{"language":"de","value":"Druck und Anzeige von Rechnungen"},{"language":"nl","value":"QRY/DSP - Maak factuur en verkregen diensten"}],"property":[{"code":"deprecated","valueDateTime":"2011-01"}]},{"code":"P05","display":"BAR/ACK - Update account","designation":[{"language":"de","value":"Änderung eines Patientenkontos"},{"language":"nl","value":"BAR/ACK - Update account"}]},{"code":"P06","display":"BAR/ACK - End account","designation":[{"language":"de","value":"Abschluß eines Patientenkontos"},{"language":"nl","value":"BAR/ACK - Beëindig account"}]},{"code":"P07","display":"PEX - Unsolicited initial individual product experience report","designation":[{"language":"de","value":"unaufgeforderte individueller Produktersterfahrungsbericht"},{"language":"nl","value":"PEX - Ongevraagd initieel rapport individueel productervaringen"}]},{"code":"P08","display":"PEX - Unsolicited update individual product experience report","designation":[{"language":"de","value":"Änderung individueller Produktersterfahrungsbericht"},{"language":"nl","value":"PEX - Ongevraagde update rapport individueel productervaringen"}]},{"extension":[{"url":"http://hl7.org/fhir/StructureDefinition/codesystem-comments","valueString":"Deprecated"}],"code":"P09","display":"SUR - Summary product experience report","designation":[{"language":"de","value":"zusammenfassender Produkterfahrungsbericht"},{"language":"nl","value":"SUR - Samenvatting rapport productervaringen"}],"property":[{"code":"deprecated","valueDateTime":"2011-01"}]},{"code":"P10","display":"BAR/ACK -Transmit Ambulatory Payment  Classification(APC)","designation":[{"language":"nl","value":"BAR/ACK - Verstuur Ambulatory Payment Classification (APC)"}]},{"code":"P11","display":"DFT/ACK - Post Detail Financial Transactions - New","designation":[{"language":"nl","value":"DFT/ACK - Verstuur financiële verrichtingen - Nieuw"}]},{"code":"P12","display":"BAR/ACK - Update Diagnosis/Procedure","designation":[{"language":"nl","value":"BAR/ACK - Update diagnose/behandeling"}]},{"code":"PC1","display":"PPR - PC/ problem add","designation":[{"language":"de","value":"Problem hinzufügen"},{"language":"nl","value":"PPR - PC/Voeg probleem toe"}]},{"code":"PC2","display":"PPR - PC/ problem update","designation":[{"language":"de","value":"Problem ändern"},{"language":"nl","value":"PPR - PC/Update probleem"}]},{"code":"PC3","display":"PPR - PC/ problem delete","designation":[{"language":"de","value":"Problem löschen"},{"language":"nl","value":"PPR - PC/Verwijder probleem"}]},{"extension":[{"url":"http://hl7.org/fhir/StructureDefinition/codesystem-comments","valueString":"Deprecated"}],"code":"PC4","display":"QRY - PC/ problem query","designation":[{"language":"de","value":"Problem abfragen"},{"language":"nl","value":"PPR - PC/Query problemen"}],"property":[{"code":"deprecated","valueDateTime":"2014-02"}]},{"extension":[{"url":"http://hl7.org/fhir/StructureDefinition/codesystem-comments","valueString":"Deprecated"}],"code":"PC5","display":"PRR - PC/ problem response","designation":[{"language":"de","value":"Problem Anfrage beantworten"},{"language":"nl","value":"PPR - PC/Antwoord problemen"}],"property":[{"code":"deprecated","valueDateTime":"2014-02"}]},{"code":"PC6","display":"PGL - PC/ goal add","designation":[{"language":"de","value":"Ziel hinzufügen"},{"language":"nl","value":"PGL - PC/Voeg doel toe"}]},{"code":"PC7","display":"PGL - PC/ goal update","designation":[{"language":"de","value":"Ziel ändern"},{"language":"nl","value":"PGL - PC/Update doel"}]},{"code":"PC8","display":"PGL - PC/ goal delete","designation":[{"language":"de","value":"Ziel löschen"},{"language":"nl","value":"PGL - PC/Verwijder doel"}]},{"extension":[{"url":"http://hl7.org/fhir/StructureDefinition/codesystem-comments","valueString":"Deprecated"}],"code":"PC9","display":"QRY - PC/ goal query","designation":[{"language":"de","value":"Ziel abfragen"},{"language":"nl","value":"PGL - PC/Query doelen"}],"property":[{"code":"deprecated","valueDateTime":"2014-02"}]},{"extension":[{"url":"http://hl7.org/fhir/StructureDefinition/codesystem-comments","valueString":"Deprecated"}],"code":"PCA","display":"PPV - PC/ goal response","designation":[{"language":"de","value":"Ziel Anfrage beantworten"},{"language":"nl","value":"PPV - PC/Antwoord doelen"}],"property":[{"code":"deprecated","valueDateTime":"2014-02"}]},{"code":"PCB","display":"PPP - PC/ pathway (problem-oriented) add","designation":[{"language":"de","value":"(problemorientierte) Leitlinie hinzufügen"},{"language":"nl","value":"PPP - PC/Voeg zorgpad toe (probleemgeoriënteerd)"}]},{"code":"PCC","display":"PPP - PC/ pathway (problem-oriented) update","designation":[{"language":"de","value":"(problemorientierte) Leitlinie ändern"},{"language":"nl","value":"PPP - PC/Update zorgpad (probleemgeoriënteerd)"}]},{"code":"PCD","display":"PPP - PC/ pathway (problem-oriented) delete","designation":[{"language":"de","value":"(problemorientierte) Leitlinie löschen"},{"language":"nl","value":"PPP - PC/Verwijder zorgpad (probleemgeoriënteerd)"}]},{"extension":[{"url":"http://hl7.org/fhir/StructureDefinition/codesystem-comments","valueString":"Deprecated"}],"code":"PCE","display":"QRY - PC/ pathway (problem-oriented) query","designation":[{"language":"de","value":"(problemorientierte) Leitlinie abfragen"},{"language":"nl","value":"QRY - PC/Query zorgpaden (probleemgeoriënteerd)"}],"property":[{"code":"deprecated","valueDateTime":"2014-02"}]},{"extension":[{"url":"http://hl7.org/fhir/StructureDefinition/codesystem-comments","valueString":"Deprecated"}],"code":"PCF","display":"PTR - PC/ pathway (problem-oriented) query response","designation":[{"language":"de","value":"(problemorientierte) Leitlinie Anfrage beantworten"},{"language":"nl","value":"PTR - PC/Antwoord zorgpaden (probleemgeoriënteerd)"}],"property":[{"code":"deprecated","valueDateTime":"2014-02"}]},{"code":"PCG","display":"PPG - PC/ pathway (goal-oriented) add","designation":[{"language":"de","value":"(zielorientierte) Leitlinie hinzufügen"},{"language":"nl","value":"PPG - PC/Voeg zorgpad toe (doelgeoriënteerd)"}]},{"code":"PCH","display":"PPG - PC/ pathway (goal-oriented) update","designation":[{"language":"de","value":"(zielorientierte) Leitlinie ändern"},{"language":"nl","value":"PPG - PC/Update zorgpad (doelgeoriënteerd)"}]},{"code":"PCJ","display":"PPG - PC/ pathway (goal-oriented) delete","designation":[{"language":"de","value":"(zielorientierte) Leitlinie löschen"},{"language":"nl","value":"PPG - PC/Verwijder zorgpad (doelgeoriënteerd)"}]},{"extension":[{"url":"http://hl7.org/fhir/StructureDefinition/codesystem-comments","valueString":"Deprecated"}],"code":"PCK","display":"QRY - PC/ pathway (goal-oriented) query","designation":[{"language":"de","value":"(zielorientierte) Leitlinie abfragen"},{"language":"nl","value":"QRY - PC/Query zorgpaden (doelgeoriënteerd)"}],"property":[{"code":"deprecated","valueDateTime":"2014-02"}]},{"extension":[{"url":"http://hl7.org/fhir/StructureDefinition/codesystem-comments","valueString":"Deprecated"}],"code":"PCL","display":"PPT - PC/ pathway (goal-oriented) query response","designation":[{"language":"de","value":"(zielorientierte) Leitlinie Anfrage beantworten"},{"language":"nl","value":"PPT - PC/Antwoord zorgpaden (doelgeoriënteerd)"}],"property":[{"code":"deprecated","valueDateTime":"2014-02"}]},{"extension":[{"url":"http://hl7.org/fhir/StructureDefinition/codesystem-comments","valueString":"Deprecated"}],"code":"Q01","display":"QRY/DSR - Query sent for immediate response","designation":[{"language":"de","value":"Anfrage mit sofortiger Antwort"},{"language":"nl","value":"QRY/DSR - Query verzonden voor directe beantwoording"}],"property":[{"code":"deprecated","valueDateTime":"2011-01"}]},{"extension":[{"url":"http://hl7.org/fhir/StructureDefinition/codesystem-comments","valueString":"Deprecated"}],"code":"Q02","display":"QRY/QCK - Query sent for deferred response","designation":[{"language":"de","value":"Anfrage mit verzögerter Antwort"},{"language":"nl","value":"QRY/QCK - Query verzonden voor indirecte beantwoording"}],"property":[{"code":"deprecated","valueDateTime":"2011-01"}]},{"extension":[{"url":"http://hl7.org/fhir/StructureDefinition/codesystem-comments","valueString":"Deprecated"}],"code":"Q03","display":"DSR/ACK - Deferred response to a query","designation":[{"language":"de","value":"Verzögerte Antwort auf Anfrage"},{"language":"nl","value":"DSR/ACK - Indirect antwoord op een query"}],"property":[{"code":"deprecated","valueDateTime":"2011-01"}]},{"code":"Q04","display":"EQQ - Embedded query language query","designation":[{"language":"nl","value":"EQQ - Embedded query language query"}],"property":[{"code":"deprecated","valueDateTime":"2007-04"}]},{"code":"Q05","display":"UDM/ACK - Unsolicited display update message","designation":[{"language":"de","value":"Sofortige Bildschirmanzeige (Eilmeldung)"},{"language":"nl","value":"UDM/ACK - Ongevraagd bericht voor weergave update"}]},{"extension":[{"url":"http://hl7.org/fhir/StructureDefinition/codesystem-comments","valueString":"Deprecated"}],"code":"Q06","display":"OSQ/OSR - Query for order status","designation":[{"language":"de","value":"Abfrage des Auftragsstatus"},{"language":"nl","value":"OSQ/OSR - Query om aanvraagstatus"}],"property":[{"code":"deprecated","valueDateTime":"2011-01"}]},{"code":"Q07","display":"VQQ - Virtual table query","designation":[{"language":"nl","value":"VQQ - Virtuele tabel query"}],"property":[{"code":"deprecated","valueDateTime":"2007-04"}]},{"code":"Q08","display":"SPQ - Stored procedure request","designation":[{"language":"nl","value":"SPQ - Verzoek stored procedure"}],"property":[{"code":"deprecated","valueDateTime":"2007-04"}]},{"code":"Q09","display":"RQQ - event replay query","designation":[{"language":"nl","value":"RQQ - Query event replay"}],"property":[{"code":"deprecated","valueDateTime":"2007-04"}]},{"code":"Q11","display":"QBP - Query by parameter requesting an RSP segment pattern response","designation":[{"language":"nl","value":"QBP - Query op parameter met als antwoord een RSP-segmentpatroon"}]},{"code":"Q13","display":"QBP - Query by parameter requesting an  RTB - tabular response","designation":[{"language":"nl","value":"QBP - Query op parameter met als antwoord een RTB-tabelpatroon"}]},{"code":"Q15","display":"QBP - Query by parameter requesting an RDY display response","designation":[{"language":"nl","value":"QBP - Query op parameter met als antwoord een RDY-weergavepatroon"}]},{"code":"Q16","display":"QSB - Create subscription","designation":[{"language":"nl","value":"QSB - Maak abonnement"}]},{"code":"Q17","display":"QVR - Query for previous events","designation":[{"language":"nl","value":"QVR - Query op vorige events"}]},{"code":"Q21","display":"QBP - Get person demographics","designation":[{"language":"nl","value":"QBP - Query persoonsgegevens"}]},{"code":"Q22","display":"QBP - Find candidates","designation":[{"language":"nl","value":"QBP - Zoek kandidaten"}]},{"code":"Q23","display":"QBP - Get corresponding identifiers","designation":[{"language":"nl","value":"QBP - Query bijbehorende ID's"}]},{"code":"Q24","display":"QBP - Allocate identifiers","designation":[{"language":"nl","value":"QBP - Alloceer ID's"}]},{"code":"Q25","display":"QBP - Personnel Information by Segment Query","designation":[{"language":"nl","value":"QBP - Query personeelinformatie op segment"}]},{"extension":[{"url":"http://hl7.org/fhir/StructureDefinition/codesystem-comments","valueString":"Deprecated"}],"code":"Q26","display":"ROR - Pharmacy/treatment order response","designation":[{"language":"nl","value":"ROR - Antwoordbericht aanvraag medicatie/therapie"}],"property":[{"code":"deprecated","valueDateTime":"2011-01"}]},{"extension":[{"url":"http://hl7.org/fhir/StructureDefinition/codesystem-comments","valueString":"Deprecated"}],"code":"Q27","display":"RAR - Pharmacy/treatment administration information","designation":[{"language":"nl","value":"RAR - Medicatie/therapie toedieningsinformatie"}],"property":[{"code":"deprecated","valueDateTime":"2011-01"}]},{"extension":[{"url":"http://hl7.org/fhir/StructureDefinition/codesystem-comments","valueString":"Deprecated"}],"code":"Q28","display":"RDR - Pharmacy/treatment dispense information","designation":[{"language":"nl","value":"RDR - Medicatie/therapie verstrekkingsinformatie"}],"property":[{"code":"deprecated","valueDateTime":"2011-01"}]},{"extension":[{"url":"http://hl7.org/fhir/StructureDefinition/codesystem-comments","valueString":"Deprecated"}],"code":"Q29","display":"RER - Pharmacy/treatment encoded order information","designation":[{"language":"nl","value":"RER - Medicatie/therapie gecodeerde aanvraag-informatie"}],"property":[{"code":"deprecated","valueDateTime":"2011-01"}]},{"extension":[{"url":"http://hl7.org/fhir/StructureDefinition/codesystem-comments","valueString":"Deprecated"}],"code":"Q30","display":"RGR - Pharmacy/treatment dose information","designation":[{"language":"nl","value":"RER - Medicatie/therapie doseringsinformatie"}],"property":[{"code":"deprecated","valueDateTime":"2011-01"}]},{"code":"Q31","display":"QBP Query Dispense history","designation":[{"language":"nl","value":"QBP - Query verstrekkingshistorie"}]},{"code":"Q32","display":"Find Candidates including Visit Information","designation":[{"language":"nl","value":"Zoek kandidaten inclusief bezoekinformatie"}]},{"code":"Q33","display":"QBP - Get Donor Record Candidates","designation":[{"language":"nl","value":"QBP - Ophalen donorrecord kandidaten"}]},{"code":"Q34","display":"QBP - Get Donor Record","designation":[{"language":"nl","value":"QBP - Ophalen donorrecord"}]},{"code":"R01","display":"ORU/ACK - Unsolicited transmission of an observation message","designation":[{"language":"de","value":"unangeforderte Übermittlung eines Befundes"},{"language":"nl","value":"ORU/ACK - Ongevraagde verzending van een observatiebericht"}]},{"extension":[{"url":"http://hl7.org/fhir/StructureDefinition/codesystem-comments","valueString":"Deprecated"}],"code":"R02","display":"QRY - Query for results of observation","designation":[{"language":"de","value":"Anfrage nach Untersuchungsergebnis"},{"language":"nl","value":"Query op observatieresultaten"}],"property":[{"code":"deprecated","valueDateTime":"2011-01"}]},{"code":"R03","display":"QRY/DSR Display-oriented results, query/unsol. update (for backward compatibility only) (Replaced by Q05)","designation":[{"language":"de","value":"Anzeigeorientiertes Ergebnis"},{"language":"nl","value":"QRY/DSR - Weergave-georiënteerde resultaten, query/ongevr. update (voor backward compatibiliteit) (Vervangen door Q05)"}],"property":[{"code":"deprecated","valueDateTime":"2007-04"}]},{"extension":[{"url":"http://hl7.org/fhir/StructureDefinition/codesystem-comments","valueString":"Deprecated"}],"code":"R04","display":"ORF - Response to query; transmission of requested observation","designation":[{"language":"de","value":"Antwort auf Anfrage / Übermittlung eines angeforderten Ergebnisses"},{"language":"nl","value":"ORF - Antwoord op query; verzending van aangevraagde observatie"}],"property":[{"code":"deprecated","valueDateTime":"2011-01"}]},{"code":"R05","display":"QRY/DSR - query for display results (See Q01)","designation":[{"language":"de","value":"Anfrage nach anzeigeorientierten Ergebnissen"},{"language":"nl","value":"QRY/DSR - Query op weergave resultaten (zie Q01)"}],"property":[{"code":"deprecated","valueDateTime":"2000-11"}]},{"code":"R06","display":"UDM - unsolicited update/display results (See Q05)","designation":[{"language":"de","value":"unaufgeforderte Änderung anzeigeorientierter Ergebnisse"},{"language":"nl","value":"UDM - Ongevraagde update/weergave resultaten (zie Q05)"}],"property":[{"code":"deprecated","valueDateTime":"2000-11"}]},{"code":"R07","display":"EDR - Enhanced Display Response","designation":[{"language":"nl","value":"EDR - Antwoord verrijkte weergave"}],"property":[{"code":"deprecated","valueDateTime":"2007-04"}]},{"code":"R08","display":"TBR - Tabular Data Response","designation":[{"language":"nl","value":"TBR - Antwoord gegevens in tabelvorm"}],"property":[{"code":"deprecated","valueDateTime":"2007-04"}]},{"code":"R09","display":"ERP - Event Replay Response","designation":[{"language":"nl","value":"ERP - Antwoord event replay"}],"property":[{"code":"deprecated","valueDateTime":"2007-04"}]},{"code":"R0R","display":"R0R - Pharmacy prescription order query response","designation":[{"language":"nl","value":"R0R - Medicatievoorschriftaanvraag query antwoord"}],"property":[{"code":"deprecated","valueDateTime":"1999-05"}]},{"extension":[{"url":"http://hl7.org/fhir/StructureDefinition/codesystem-comments","valueString":"Deprecated"}],"code":"R21","display":"OUL - Unsolicited laboratory observation","designation":[{"language":"nl","value":"OUL - Ongevraagde laboratoriumobservatie"}],"property":[{"code":"deprecated","valueDateTime":"2011-01"}]},{"code":"R22","display":"OUL - Unsolicited Specimen Oriented Observation Message","designation":[{"language":"nl","value":"OUL - Ongevraagde monster-georiënteerde observatie"}]},{"code":"R23","display":"OUL - Unsolicited Specimen Container Oriented Observation Message","designation":[{"language":"nl","value":"OUL - Ongevraagde monstercontainer-georiënteerde observatie"}]},{"code":"R24","display":"OUL - Unsolicited Order Oriented Observation Message","designation":[{"language":"nl","value":"OUL - Ongevraagde aanvraag-georiënteerde observatie"}]},{"code":"R25","display":"OPU - Unsolicited Population/Location-Based Laboratory Observation Message","designation":[{"language":"nl","value":"OPU - Ongevraagde populatie/locatie-gebaseerd laboratoriumobservatie"}]},{"code":"R26","display":"OSM - Unsolicited Specimen Shipment Manifest Message","designation":[{"language":"nl","value":"OSM - Ongevraagde monsterverzending manifest"}]},{"code":"R30","display":"ORU - Unsolicited Point-Of-Care Observation Message Without Existing Order - Place An Order","designation":[{"language":"nl","value":"ORU - Ongevraagde Point-Of-Care observatie zonder voorafgaande aanvraag - Plaats een aanvraag"}]},{"code":"R31","display":"ORU - Unsolicited New Point-Of-Care Observation Message - Search For An Order","designation":[{"language":"nl","value":"ORU - Ongevraagde nieuwe Point-Of-Care observatie - Zoek een aanvraag"}]},{"code":"R32","display":"ORU - Unsolicited Pre-Ordered Point-Of-Care Observation","designation":[{"language":"nl","value":"ORU - Ongevraagde pre-ordered Point-Of-Care observatie"}]},{"code":"R33","display":"ORA - Observation Report Acknowledgement","designation":[{"language":"nl","value":"ORA - Bevestiging observatieverslag"}]},{"code":"R40","display":"ORU - Unsolicited Report Alarm","designation":[{"language":"nl","value":"ORU - Ongevraagd rapport alarm"}]},{"code":"R41","display":"Observation Report Alert Acknowledgement","designation":[{"language":"nl","value":"Bevestiging observatierapport waarschuwing"}]},{"code":"RAR","display":"RAR - Pharmacy administration information query response","designation":[{"language":"de","value":"Antwort bzgl. der Behandlungs-/Darreichungsform"},{"language":"nl","value":"RAR - Medicatietoediening-informatie query antwoord"}],"property":[{"code":"deprecated","valueDateTime":"2000-11"}]},{"code":"RDR","display":"RDR - Pharmacy dispense information query response","designation":[{"language":"de","value":"Antwort bzgl. des zu verabreichenden Medikamentes bzw. der Behandlung"},{"language":"nl","value":"RDR - Medicatieverstrekking-informatie query antwoord"}],"property":[{"code":"deprecated","valueDateTime":"2000-11"}]},{"code":"RER","display":"RER - Pharmacy encoded order information query response","designation":[{"language":"de","value":"Antwort bzgl. des zu verabreichenden Medikamentes bzw. der Behandlung"},{"language":"nl","value":"RER - Medicatie gecodeerde aanvraaginformatie query antwoord"}],"property":[{"code":"deprecated","valueDateTime":"2000-11"}]},{"code":"RGR","display":"RGR - Pharmacy dose information query response","designation":[{"language":"de","value":"Antwort bzgl. der Dosis bzw. der Frequenz der Behandlung"},{"language":"nl","value":"RGR - Medicatiedosering-informatie query antwoord"}],"property":[{"code":"deprecated","valueDateTime":"2000-11"}]},{"extension":[{"url":"http://hl7.org/fhir/StructureDefinition/codesystem-comments","valueString":"Deprecated"}],"code":"ROR","display":"ROR - Pharmacy prescription order query response","designation":[{"language":"de","value":"Antwort bzgl. der Verschreibungsanforderung des Arzneiverordnung bzw. d.Behandlg"},{"language":"nl","value":"ROR - Medicatievoorschrift aanvraag query antwoord"}],"property":[{"code":"deprecated","valueDateTime":"2011-01"}]},{"code":"S01","display":"SRM/SRR - Request new appointment booking","designation":[{"language":"de","value":"Terminanforderung"},{"language":"nl","value":"SRM/SRR - Verzoek boeken nieuwe afspraak"}]},{"code":"S02","display":"SRM/SRR - Request appointment rescheduling","designation":[{"language":"de","value":"Anforderung für Terminverschiebung"},{"language":"nl","value":"SRM/SRR - Verzoek verzetten afspraak"}]},{"code":"S03","display":"SRM/SRR - Request appointment modification","designation":[{"language":"de","value":"Anforderung für inhaltliche Terminänderung"},{"language":"nl","value":"SRM/SRR - Verzoek aanpassen afspraak"}]},{"code":"S04","display":"SRM/SRR - Request appointment cancellation","designation":[{"language":"de","value":"Absage eines Termins"},{"language":"nl","value":"SRM/SRR - Verzoek annuleren afspraak"}]},{"code":"S05","display":"SRM/SRR - Request appointment discontinuation","designation":[{"language":"de","value":"Aussetzung des aktuellen oder weiterer Termine"},{"language":"nl","value":"SRM/SRR - Verzoek stopzetten afspraak"}]},{"code":"S06","display":"SRM/SRR - Request appointment deletion","designation":[{"language":"de","value":"Stornierung eines Termins"},{"language":"nl","value":"SRM/SRR - Verzoek verwijderen afspraak"}]},{"code":"S07","display":"SRM/SRR - Request addition of service/resource on appointment","designation":[{"language":"de","value":"Anforderung zusätzlicher Leistungen/Voraussetzungen zu einem Termin"},{"language":"nl","value":"SRM/SRR - Verzoek toevoegen dienst/resource bij afspraak"}]},{"code":"S08","display":"SRM/SRR - Request modification of service/resource on appointment","designation":[{"language":"de","value":"Änderungsanforderung für zusätzliche Leistungen/Voraussetzungen zu einem Termin"},{"language":"nl","value":"SRM/SRR - Verzoek wijzigen dienst/resource bij afspraak"}]},{"code":"S09","display":"SRM/SRR - Request cancellation of service/resource on appointment","designation":[{"language":"de","value":"Absage für zusätzliche Leistungen/Voraussetzungen zu einem Termin"},{"language":"nl","value":"SRM/SRR - Verzoek annuleren dienst/resource bij afspraak"}]},{"code":"S10","display":"SRM/SRR - Request discontinuation of service/resource on appointment","designation":[{"language":"de","value":"Aussetzung für zusätzliche Leistungen/Voraussetzungen zu einem Termin"},{"language":"nl","value":"SRM/SRR - Verzoek stopzetten dienst/resource bij afspraak"}]},{"code":"S11","display":"SRM/SRR - Request deletion of service/resource on appointment","designation":[{"language":"de","value":"Stornierung für zusätzliche Leistungen/Voraussetzungen zu einem Termin"},{"language":"nl","value":"SRM/SRR - Verzoek verwijderen dienst/resource bij afspraak"}]},{"code":"S12","display":"SIU/ACK - Notification of new appointment booking","designation":[{"language":"de","value":"Benachrichtigung über Terminvergabe"},{"language":"nl","value":"SIU/ACK - Notificatie van nieuw geboekte afspraak"}]},{"code":"S13","display":"SIU/ACK - Notification of appointment rescheduling","designation":[{"language":"de","value":"Benachrichtigung für Terminverschiebung"},{"language":"nl","value":"SIU/ACK - Notificatie van verzetten afspraak"}]},{"code":"S14","display":"SIU/ACK - Notification of appointment modification","designation":[{"language":"de","value":"Benachrichtigung für inhaltliche Terminänderung"},{"language":"nl","value":"SIU/ACK - Notificatie van wijzigen afspraak"}]},{"code":"S15","display":"SIU/ACK - Notification of appointment cancellation","designation":[{"language":"de","value":"Benachrichtigung über Terminabsage"},{"language":"nl","value":"SIU/ACK - Notificatie van annuleren afspraak"}]},{"code":"S16","display":"SIU/ACK - Notification of appointment discontinuation","designation":[{"language":"de","value":"Benachrichtigung über Aussetzung des aktuellen oder weiterer Termine"},{"language":"nl","value":"SIU/ACK - Notificatie van stopzetten afspraak"}]},{"code":"S17","display":"SIU/ACK - Notification of appointment deletion","designation":[{"language":"de","value":"Benachrichtigung über Stornierung eines Termins"},{"language":"nl","value":"SIU/ACK - Notificatie van verwijderen afspraak"}]},{"code":"S18","display":"SIU/ACK - Notification of addition of service/resource on appointment","designation":[{"language":"de","value":"Benachrichtigung über  zusätzlicher Leistungen/Voraussetzungen zu einem Termin"},{"language":"nl","value":"SIU/ACK - Notificatie van toevoegen dienst/resource bij afspraak"}]},{"code":"S19","display":"SIU/ACK - Notification of modification of service/resource on appointment","designation":[{"language":"de","value":"Änderungsbenachrichtigung f.zusätzl. Leistungen/Voraussetzungen zu einem Termin"},{"language":"nl","value":"SIU/ACK - Notificatie van wijzigen dienst/resource bij afspraak"}]},{"code":"S20","display":"SIU/ACK - Notification of cancellation of service/resource on appointment","designation":[{"language":"de","value":"Benachrichtigung f. zusätzliche Leistungen/Voraussetzungen zu einem Terminabsage"},{"language":"nl","value":"SIU/ACK - Notificatie van annuleren dienst/resource bij afspraak"}]},{"code":"S21","display":"SIU/ACK - Notification of discontinuation of service/resource on appointment","designation":[{"language":"de","value":"Benachrichtigung über Aussetzung für zusätzliche Leistungen/Voraussetzungen"},{"language":"nl","value":"SIU/ACK - Notificatie van stopzetten dienst/resource bij afspraak"}]},{"code":"S22","display":"SIU/ACK - Notification of deletion of service/resource on appointment","designation":[{"language":"de","value":"Benachrichtigung Stornierg.f.zusätzl.Leistungen/Voraussetzungen zu einem Termin"},{"language":"nl","value":"SIU/ACK - Notificatie van verwijderen dienst/resource bij afspraak"}]},{"code":"S23","display":"SIU/ACK - Notification of blocked schedule time slot(s)","designation":[{"language":"de","value":"Benachrichtigung über nicht verfügbare Zeitbereiche"},{"language":"nl","value":"SIU/ACK - Notificatie van geblokkeerde agenda tijdblok(ken)"}]},{"code":"S24","display":"SIU/ACK - Notification of opened (\"unblocked\") schedule time slot(s)","designation":[{"language":"de","value":"Benachrichtigung über (wieder) verfügbare Zeitbereiche"},{"language":"nl","value":"SIU/ACK - Notificatie van open (niet-geblokkeerde) agenda tijdblok(ken)"}]},{"extension":[{"url":"http://hl7.org/fhir/StructureDefinition/codesystem-comments","valueString":"Deprecated"}],"code":"S25","display":"SQM/SQR - Schedule query message and response","designation":[{"language":"de","value":"Anfrage nach Zeitplaninformation"},{"language":"nl","value":"SQM/SQR - Query agenda-informatie en antwoord"}],"property":[{"code":"deprecated","valueDateTime":"2011-01"}]},{"code":"S26","display":"SIU/ACK Notification that patient did not show up for schedule appointment","designation":[{"language":"de","value":"Benachrichtigung über Nichterscheinen eines Patienten"},{"language":"nl","value":"SIU/ACK - Notificatie dat patiënt niet is komen opdagen voor agenda-afspraak"}]},{"code":"S27","display":"SIU/ACK - Broadcast Notification of Scheduled Appointments","designation":[{"language":"nl","value":"SIU/ACK - Broadcast notificatie van geplande afspraken"}]},{"code":"S28","display":"SLR/SLS - Request new sterilization lot","designation":[{"language":"nl","value":"SLR/SLS - Verzoek nieuwe lot sterilisatie"}]},{"code":"S29","display":"SLR/SLS - Request Sterilization lot deletion","designation":[{"language":"nl","value":"SLR/SLS - Verzoek verwijderen lot sterilisatie"}]},{"code":"S30","display":"STI/STS - Request item","designation":[{"language":"nl","value":"STI/STS - Verzoek item"}]},{"code":"S31","display":"SDR/SDS - Request anti-microbial device data","designation":[{"language":"nl","value":"SDR/SDS - Verzoek anti-microbisch apparaatgegevens"}]},{"code":"S32","display":"SMD/SMS - Request anti-microbial device cycle data","designation":[{"language":"nl","value":"SMD/SMS - Verzoek anti-microbisch apparaatomloopgegevens"}]},{"code":"S33","display":"STC/ACK - Notification of sterilization configuration","designation":[{"language":"nl","value":"STC/ACK - Notificatie van sterilisatie configuratie"}]},{"code":"S34","display":"SLN/ACK - Notification of sterilization lot","designation":[{"language":"nl","value":"SLN/ACK - Notificatie van sterilisatie lot"}]},{"code":"S35","display":"SLN/ACK - Notification of sterilization lot deletion","designation":[{"language":"nl","value":"SLN/ACK - Notificatie verwijdering van sterilisatie lot"}]},{"code":"S36","display":"SDN/ACK - Notification of anti-microbial device data","designation":[{"language":"nl","value":"SDN/ACK - Notificatie anti-microbisch apparaatgegevens"}]},{"code":"S37","display":"SCN/ACK - Notification of anti-microbial device cycle data","designation":[{"language":"nl","value":"SDN/ACK - Notificatie anti-microbisch apparaatomloopgegevens"}]},{"code":"T01","display":"MDM/ACK - Original document notification","designation":[{"language":"de","value":"Benachrichtigung über die Neuanlage eines Dokuments ohne Inhalt"},{"language":"nl","value":"MDM/ACK - Notificatie origineel document"}]},{"code":"T02","display":"MDM/ACK - Original document notification and content","designation":[{"language":"de","value":"Benachrichtigung über die Neuanlage eines Dokuments mit Inhaltsübermittlung"},{"language":"nl","value":"MDM/ACK - Notificatie origineel document met inhoud"}]},{"code":"T03","display":"MDM/ACK - Document status change notification","designation":[{"language":"de","value":"Benachrichtigung über die Statusänderung eines Dokuments (ohne Inhalt)"},{"language":"nl","value":"MDM/ACK - Notificatie wijzigen documentstatus"}]},{"code":"T04","display":"MDM/ACK - Document status change notification and content","designation":[{"language":"de","value":"Benachrichtigung über die Statusänderung eines Dokuments (mit Inhalt)"},{"language":"nl","value":"MDM/ACK - Notificatie wijzigen documentstatus met inhoud"}]},{"code":"T05","display":"MDM/ACK - Document addendum notification","designation":[{"language":"de","value":"Benachrichtigung über die Ergänzung eines Dokuments (ohne Inhalt)"},{"language":"nl","value":"MDM/ACK - Notificatie documentaddendum"}]},{"code":"T06","display":"MDM/ACK - Document addendum notification and content","designation":[{"language":"de","value":"Benachrichtigung über die Ergänzung eines Dokuments (mit Inhalt)"},{"language":"nl","value":"MDM/ACK - Notificatie documentaddendum met inhoud"}]},{"code":"T07","display":"MDM/ACK - Document edit notification","designation":[{"language":"de","value":"Benachrichtigung über die Änderung eines Dokuments (ohne Inhalt)"},{"language":"nl","value":"MDM/ACK - Notificatie wijziging document"}]},{"code":"T08","display":"MDM/ACK - Document edit notification and content","designation":[{"language":"de","value":"Benachrichtigung über die Änderung eines Dokuments (mit Inhalt)"},{"language":"nl","value":"MDM/ACK - Notificatie wijziging document met inhoud"}]},{"code":"T09","display":"MDM/ACK - Document replacement notification","designation":[{"language":"de","value":"Benachrichtigung über den Austausch eines Dokuments (ohne Inhalt)"},{"language":"nl","value":"MDM/ACK - Notificatie vervanging document"}]},{"code":"T10","display":"MDM/ACK - Document replacement notification and content","designation":[{"language":"de","value":"Benachrichtigung über den Austausch eines Dokuments (mit Inhalt)"},{"language":"nl","value":"MDM/ACK - Notificatie vervanging document met inhoud"}]},{"code":"T11","display":"MDM/ACK - Document cancel notification","designation":[{"language":"de","value":"Benachrichtigung über die Löschung eines Dokuments"},{"language":"nl","value":"MDM/ACK - Notificatie annuleren document"}]},{"extension":[{"url":"http://hl7.org/fhir/StructureDefinition/codesystem-comments","valueString":"Deprecated"}],"code":"T12","display":"QRY/DOC - Document query","designation":[{"language":"de","value":"Dokumentanfrage"},{"language":"nl","value":"QRY/DOC - Query documenten"}],"property":[{"code":"deprecated","valueDateTime":"2011-01"}]},{"code":"U01","display":"ESU/ACK - Automated equipment status update","designation":[{"language":"nl","value":"ESU/ACK - Geautomatiseerde materiaal status update"}]},{"code":"U02","display":"ESR/ACK - Automated equipment status request","designation":[{"language":"nl","value":"ESR/ACK - Geautomatiseerde materiaal status verzoek"}]},{"code":"U03","display":"SSU/ACK - Specimen status update","designation":[{"language":"nl","value":"SSU/ACK - Monster status update"}]},{"code":"U04","display":"SSR/ACK - specimen status request","designation":[{"language":"nl","value":"SSR/ACK - Monster status verzoek"}]},{"code":"U05","display":"INU/ACK  - Automated equipment inventory update","designation":[{"language":"nl","value":"INU/ACK - Geautomatiseerde materiaal voorraad update"}]},{"code":"U06","display":"INR/ACK - Automated equipment inventory request","designation":[{"language":"nl","value":"INR/ACK - Geautomatiseerde materiaal voorraad verzoek"}]},{"code":"U07","display":"EAC/ACK - Automated equipment command","designation":[{"language":"nl","value":"EAC/ACK - Geautomatiseerde materiaal commando"}]},{"code":"U08","display":"EAR/ACK - Automated equipment response","designation":[{"language":"nl","value":"EAR/ACK - Geautomatiseerde materiaal antwoord"}]},{"code":"U09","display":"EAN/ACK - Automated equipment notification","designation":[{"language":"nl","value":"EAN/ACK - Geautomatiseerde materiaal notificatie"}]},{"code":"U10","display":"TCU/ACK - Automated equipment test code settings update","designation":[{"language":"nl","value":"TCU/ACK - Geautomatiseerde materiaal testcode instellingen update"}]},{"code":"U11","display":"TCR/ACK - Automated equipment test code settings request","designation":[{"language":"nl","value":"TCR/ACK - Geautomatiseerde materiaal testcode instellingen verzoek"}]},{"code":"U12","display":"LSU/ACK - Automated equipment log/service update","designation":[{"language":"nl","value":"LSU/ACK - Geautomatiseerde materiaal log/service update"}]},{"code":"U13","display":"LSR/ACK - Automated equipment log/service request","designation":[{"language":"nl","value":"LSR/ACK - Geautomatiseerde materiaal log/service verzoek"}]},{"extension":[{"url":"http://hl7.org/fhir/StructureDefinition/codesystem-comments","valueString":"Deprecated"}],"code":"V01","display":"VXQ - Query for vaccination record","designation":[{"language":"de","value":"Anfrage nach Impfstatus eines Patienten"},{"language":"nl","value":"VQX - Query op vaccinatiegegevens"}],"property":[{"code":"deprecated","valueDateTime":"2011-01"}]},{"extension":[{"url":"http://hl7.org/fhir/StructureDefinition/codesystem-comments","valueString":"Deprecated"}],"code":"V02","display":"VXX - Response to vaccination query returning multiple PID matches","designation":[{"language":"de","value":"Antwort auf Impfstatusanfrage bei nicht-eindeutiger Patienten-ID"},{"language":"nl","value":"VXX - Antwoord op query vaccinatiegegevens met meerdere PID's"}],"property":[{"code":"deprecated","valueDateTime":"2011-01"}]},{"extension":[{"url":"http://hl7.org/fhir/StructureDefinition/codesystem-comments","valueString":"Deprecated"}],"code":"V03","display":"VXR - Vaccination record response","designation":[{"language":"de","value":"Antwort auf Impfstatusanfrage zu einem Patienten"},{"language":"nl","value":"VXR - Antwoord op query vaccinatiegegevens"}],"property":[{"code":"deprecated","valueDateTime":"2011-01"}]},{"code":"V04","display":"VXU - Unsolicited vaccination record update","designation":[{"language":"de","value":"unaufgeforderte Änderung zu dem Impfstatus eines Patienten"},{"language":"nl","value":"VXU - Ongevraagde update vaccinatiegegevens"}]},{"code":"Varies","display":"MFQ/MFR - Master files query (use event same as asking for e.g. M05 - location)","designation":[{"language":"de","value":"allgemeine Stammdatenanfrage"},{"language":"nl","value":"MFQ/MFR - Masterbestanden query (gebruik event zoals bij vragen naar bijv. M05 - locatie)"}]},{"extension":[{"url":"http://hl7.org/fhir/StructureDefinition/codesystem-comments","valueString":"Deprecated"}],"code":"W01","display":"ORU - Waveform result, unsolicited transmission of requested information","designation":[{"language":"de","value":"unaufgeforderte Übermittlung von Signaldaten"},{"language":"nl","value":"ORU - Waveformresultaat, ongevraagde verzending van aangevraagde informatie"}],"property":[{"code":"deprecated","valueDateTime":"2011-01"}]},{"extension":[{"url":"http://hl7.org/fhir/StructureDefinition/codesystem-comments","valueString":"Deprecated"}],"code":"W02","display":"QRF - Waveform result, response to query","designation":[{"language":"de","value":"angeforderte Übermittlung von Signaldaten"},{"language":"nl","value":"QRF - Waveformresultaat, antwoord op query"}],"property":[{"code":"deprecated","valueDateTime":"2011-01"}]},{"code":"X01","display":"PEX - Product experience","designation":[{"language":"nl","value":"PEX - Productervaring"}],"property":[{"code":"deprecated","valueDateTime":"1997-03"}]}]}