{"resourceType":"CodeSystem","id":"copy-number-event","meta":{"lastUpdated":"2019-10-24T11:53:00+11:00"},"extension":[{"url":"http://hl7.org/fhir/StructureDefinition/structuredefinition-ballot-status","valueString":"Informative"},{"url":"http://hl7.org/fhir/StructureDefinition/structuredefinition-fmm","valueInteger":0}],"url":"http://hl7.org/fhir/copy-number-event","identifier":{"system":"urn:ietf:rfc:3986","value":"urn:oid:2.16.840.1.113883.4.642.1.222"},"version":"3.0.2","name":"CopyNumberEvent","status":"draft","experimental":false,"date":"2019-10-24T11:53:00+11:00","publisher":"HL7 (FHIR Project)","contact":[{"telecom":[{"system":"url","value":"http://hl7.org/fhir"},{"system":"email","value":"fhir@lists.hl7.org"}]}],"description":"Copy Number Event","caseSensitive":true,"valueSet":"http://hl7.org/fhir/ValueSet/copy-number-event","content":"complete","concept":[{"code":"amp","display":"amplificaiton","definition":"amplificaiton"},{"code":"del","display":"deletion","definition":"deletion"},{"code":"lof","display":"loss of function","definition":"loss of function"}]}