{"resourceType":"CodeSystem","id":"v2-0200","meta":{"profile":["http://hl7.org/fhir/StructureDefinition/shareablecodesystem"]},"extension":[{"url":"http://hl7.org/fhir/StructureDefinition/structuredefinition-ballot-status","valueString":"External"},{"url":"http://hl7.org/fhir/StructureDefinition/structuredefinition-fmm","valueInteger":0}],"url":"http://hl7.org/fhir/v2/0200","identifier":{"system":"urn:ietf:rfc:3986","value":"urn:oid:2.16.840.1.113883.18.104"},"version":"2.8.2","name":"v2 Name Type","status":"active","experimental":false,"publisher":"HL7, Inc","contact":[{"telecom":[{"system":"url","value":"http://hl7.org"}]}],"description":"FHIR Value set/code system definition for HL7 v2 table 0200 ( Name Type)","caseSensitive":false,"valueSet":"http://hl7.org/fhir/ValueSet/v2-0200","content":"complete","property":[{"code":"deprecated","uri":"http://hl7.org/fhir/concept-properties#deprecated","description":"The date at which a concept was deprecated. Concepts that are deprecated but not inactive can still be used, but their use is discouraged","type":"dateTime"}],"concept":[{"code":"..."},{"extension":[{"url":"http://hl7.org/fhir/StructureDefinition/codesystem-comments","valueString":"A name assigned to a person. Reasons some organizations assign alternate names may include not knowing the person's name, or to maintain anonymity. Some, but not necessarily all, of the name types that people call \"alias\" may fit into this category."}],"code":"A","display":"Assigned","designation":[{"language":"de","value":"Aliasname"},{"language":"nl","value":"Toegekend"}]},{"extension":[{"url":"http://hl7.org/fhir/StructureDefinition/codesystem-comments","valueString":"A name that a person had shortly after being born. Usually for family names but may be used to mark given names at birth that may have changed later.<p>This is not for temporary names assigned at birth while a newborn is not yet named"}],"code":"B","display":"Birth name","designation":[{"language":"de","value":"Geburtsname"},{"language":"nl","value":"Geboortenaam"}]},{"extension":[{"url":"http://hl7.org/fhir/StructureDefinition/codesystem-comments","valueString":"A name that was wrongly used in the past and is now maintained only for the purposes of searching"}],"code":"BAD","display":"Bad Name","designation":[{"language":"nl","value":"Incorrecte naam"}]},{"extension":[{"url":"http://hl7.org/fhir/StructureDefinition/codesystem-comments","valueString":"A name acquired by adoption"}],"code":"C","display":"Adopted Name","designation":[{"language":"de","value":"angenommener Name"},{"language":"nl","value":"Adoptienaam"}]},{"extension":[{"url":"http://hl7.org/fhir/StructureDefinition/codesystem-comments","valueString":"Known as/conventional/the one you use.  May also be known asa preferred name."}],"code":"D","display":"Customary Name","designation":[{"language":"de","value":"angezeigter Name"},{"language":"nl","value":"Reguliere naam"}]},{"extension":[{"url":"http://hl7.org/fhir/StructureDefinition/codesystem-comments","valueString":"Fathers Name ( Patronymic Name)"}],"code":"F","display":"Fathers Name","designation":[{"language":"nl","value":"Vaders' naam"}]},{"code":"I","display":"Licensing Name","designation":[{"language":"de","value":"nicht verwendet"},{"language":"nl","value":"Licentienaam"}]},{"extension":[{"url":"http://hl7.org/fhir/StructureDefinition/codesystem-comments","valueString":"A name used in a Professional or Business context. Also includes writer's pseudonym, artist's name, stage name, street name, etc.<p>An example of use is where a person with multiple proper names (i.e. married) uses one of the particular names in a profess"}],"code":"K","display":"Business name","designation":[{"language":"de","value":"Künstler- oder Ordensname"},{"language":"nl","value":"Zakelijke naam"}]},{"extension":[{"url":"http://hl7.org/fhir/StructureDefinition/codesystem-comments","valueString":"The formal name as registered in an official (government) registry, but which name might not be commonly used. May correspond to legal name<p>For many people, customary name is also their official name"}],"code":"L","display":"Official Registry Name","designation":[{"language":"de","value":"gesetzlicher Name"},{"language":"nl","value":"Officieel geregistreerde naam"}]},{"extension":[{"url":"http://hl7.org/fhir/StructureDefinition/codesystem-comments","valueString":"A name you had just before you got married"}],"code":"M","display":"Maiden Name","designation":[{"language":"de","value":"Name als ledige Person (Ledigenname)"},{"language":"nl","value":"Eigennaam"}]},{"extension":[{"url":"http://hl7.org/fhir/StructureDefinition/codesystem-comments","valueString":"There is information on this item available but it has not been provided by the sender due to security, privacy or other reasons. There may be an alternate mechanism for gaining access to this information.<p>Note: using this null flavor does provide infor"}],"code":"MSK","display":"Masked","designation":[{"language":"nl","value":"Gemaskeerd"}]},{"extension":[{"url":"http://hl7.org/fhir/StructureDefinition/codesystem-comments","valueString":"Nickname /\"Call me\" Name/Street Name"}],"code":"N","display":"Nickname","designation":[{"language":"de","value":"Spitzname"},{"language":"nl","value":"Bijnaam"}]},{"extension":[{"url":"http://hl7.org/fhir/StructureDefinition/codesystem-comments","valueString":"Information is not available at this time but it is expected that it will be available later.<p>Includes John or Jane Doe situations"}],"code":"NAV","display":"Temporarily Unavailable","designation":[{"language":"nl","value":"Tijdelijk niet beschikbaar"}]},{"extension":[{"url":"http://hl7.org/fhir/StructureDefinition/codesystem-comments","valueString":"A name assigned on a temporary basis at birth. i.e. \"Baby of Smith\""}],"code":"NB","display":"Newborn Name","designation":[{"language":"nl","value":"Naam nieuwgeborene"}]},{"extension":[{"url":"http://hl7.org/fhir/StructureDefinition/codesystem-comments","valueString":"Name not to be used anymore for personal reasons"}],"code":"NOUSE","display":"No Longer To Be Used","designation":[{"language":"nl","value":"Niet langer gebruiken"}]},{"code":"O","display":"Other","designation":[{"language":"de","value":"sonstiger Name"},{"language":"nl","value":"Anders"}],"property":[{"code":"deprecated","valueDateTime":"1997-03"}]},{"extension":[{"url":"http://hl7.org/fhir/StructureDefinition/codesystem-comments","valueString":"Retained for backward compatibility only as of v2.7."}],"code":"P","display":"Name of Partner/Spouse","designation":[{"language":"de","value":"nicht verwendet"},{"language":"nl","value":"Naam van partner/echtgenoot"}]},{"extension":[{"url":"http://hl7.org/fhir/StructureDefinition/codesystem-comments","valueString":"(animals only)<p>Retained for backwards compatibility only as of v2.7. Use \"L\" instead - has same meaning"}],"code":"R","display":"Registered Name","designation":[{"language":"de","value":"Zuchtname bei Tieren"},{"language":"nl","value":"Geregistreerde naam"}]},{"extension":[{"url":"http://hl7.org/fhir/StructureDefinition/codesystem-comments","valueString":"e.g. Sister Mary Francis, Brother John"}],"code":"REL","display":"Religious","designation":[{"language":"nl","value":"Religieus"}]},{"extension":[{"url":"http://hl7.org/fhir/StructureDefinition/codesystem-comments","valueString":"Coded Pseudo-Name to ensure anonymity"}],"code":"S","display":"Pseudonym","designation":[{"language":"de","value":"Pseudonym (z.B. für Studien)"},{"language":"nl","value":"Pseudoniem"}]},{"extension":[{"url":"http://hl7.org/fhir/StructureDefinition/codesystem-comments","valueString":"Indigenous/Tribal/Community Name  e.g. Chief Red Cloud"}],"code":"T","display":"Indigenous/Tribal","designation":[{"language":"de","value":"Stammesname"},{"language":"nl","value":"Inheemse-/tribae naam"}]},{"extension":[{"url":"http://hl7.org/fhir/StructureDefinition/codesystem-comments","valueString":"A temporary name. Note that a name valid time can provide more detailed information."}],"code":"TEMP","display":"Temporary Name","designation":[{"language":"nl","value":"Tijdelijke naam"}]},{"extension":[{"url":"http://hl7.org/fhir/StructureDefinition/codesystem-comments","valueString":"Unknown"}],"code":"U","display":"Unknown","designation":[{"language":"de","value":"sonstiger Name"},{"language":"nl","value":"Onbekend"}]}]}