{"resourceType":"CodeSystem","id":"v2-0074","meta":{"profile":["http://hl7.org/fhir/StructureDefinition/shareablecodesystem"]},"extension":[{"url":"http://hl7.org/fhir/StructureDefinition/structuredefinition-ballot-status","valueString":"External"},{"url":"http://hl7.org/fhir/StructureDefinition/structuredefinition-fmm","valueInteger":0}],"url":"http://hl7.org/fhir/v2/0074","identifier":{"system":"urn:ietf:rfc:3986","value":"urn:oid:2.16.840.1.113883.18.29"},"version":"2.8.2","name":"v2 Diagnostic Service Section ID","status":"active","experimental":false,"publisher":"HL7, Inc","contact":[{"telecom":[{"system":"url","value":"http://hl7.org"}]}],"description":"FHIR Value set/code system definition for HL7 v2 table 0074 ( Diagnostic Service Section ID)","caseSensitive":false,"valueSet":"http://hl7.org/fhir/ValueSet/v2-0074","content":"complete","property":[{"code":"deprecated","uri":"http://hl7.org/fhir/concept-properties#deprecated","description":"The date at which a concept was deprecated. Concepts that are deprecated but not inactive can still be used, but their use is discouraged","type":"dateTime"}],"concept":[{"code":"AU","display":"Audiology","designation":[{"language":"de","value":"Audiologie"},{"language":"nl","value":"Audiologie"}]},{"code":"BG","display":"Blood Gases","designation":[{"language":"de","value":"Blutgase"},{"language":"nl","value":"Bloedgassen"}]},{"code":"BLB","display":"Blood Bank","designation":[{"language":"de","value":"Blutbank"},{"language":"nl","value":"Bloedbank"}]},{"code":"CG","display":"Cytogenetics","designation":[{"language":"nl","value":"Cytogenetica"}]},{"code":"CH","display":"Chemistry","designation":[{"language":"de","value":"Klinische Chemie"},{"language":"nl","value":"Chemie"}]},{"code":"CP","display":"Cytopathology","designation":[{"language":"de","value":"Zellpathologie"},{"language":"nl","value":"Cytopathologie"}]},{"code":"CT","display":"CAT Scan","designation":[{"language":"de","value":"Computertomographie"},{"language":"nl","value":"CAT-scan"}]},{"code":"CTH","display":"Cardiac Catheterization","designation":[{"language":"de","value":"Herzkatheter"},{"language":"nl","value":"Hartcatetherisatie"}]},{"code":"CUS","display":"Cardiac Ultrasound","designation":[{"language":"de","value":"Kardiologische Ultraschalluntersuchung"},{"language":"nl","value":"Hart ultrasound"}]},{"code":"EC","display":"Electrocardiac (e.g. EKG,  EEC, Holter)","designation":[{"language":"de","value":"Elektrokardiographie"},{"language":"nl","value":"Electrocardiac (bijv. EKG,  EEC, Holter)"}]},{"code":"EN","display":"Electroneuro (EEG, EMG,EP,PSG)","designation":[{"language":"de","value":"Elektroneurographie, Elektroencephalographie"},{"language":"nl","value":"Electroneuro (EEG, EMG,EP,PSG)"}]},{"code":"GE","display":"Genetics","designation":[{"language":"nl","value":"Genetica"}]},{"code":"HM","display":"Hematology","designation":[{"language":"de","value":"Hämatologie"},{"language":"nl","value":"Hematologie"}]},{"code":"ICU","display":"Bedside ICU Monitoring","designation":[{"language":"nl","value":"IC monitoring naast het bed"}]},{"code":"IMG","display":"Diagnostic Imaging","designation":[{"language":"nl","value":"Diagnostisch beeldvorming"}],"property":[{"code":"deprecated","valueDateTime":"2000-11"}]},{"code":"IMM","display":"Immunology","designation":[{"language":"de","value":"Immunologie"},{"language":"nl","value":"Immunologie"}]},{"code":"LAB","display":"Laboratory","designation":[{"language":"nl","value":"Laboratorium"}]},{"code":"MB","display":"Microbiology","designation":[{"language":"de","value":"Mikrobiologie"},{"language":"nl","value":"Microbiologie"}]},{"code":"MCB","display":"Mycobacteriology","designation":[{"language":"de","value":"Mykobakteriologie"},{"language":"nl","value":"Mycobacteriologie"}]},{"code":"MYC","display":"Mycology","designation":[{"language":"de","value":"Mykologie"},{"language":"nl","value":"Mycology"}]},{"code":"NMR","display":"Nuclear Magnetic Resonance","designation":[{"language":"de","value":"Kernspintomographie (MR)"},{"language":"nl","value":"Nucleaire magnetisch resonantie"}]},{"code":"NMS","display":"Nuclear Medicine Scan","designation":[{"language":"de","value":"Szintigramm"},{"language":"nl","value":"Nucleaire geneeskunde scan"}]},{"code":"NRS","display":"Nursing Service Measures","designation":[{"language":"de","value":"Pflegemaßnahme"},{"language":"nl","value":"Verpleegkundige service maatregelen"}]},{"code":"OSL","display":"Outside Lab","designation":[{"language":"de","value":"Externes Labor"},{"language":"nl","value":"Outside Lab"}]},{"code":"OT","display":"Occupational Therapy","designation":[{"language":"de","value":"Beschäftigungstherapie"},{"language":"nl","value":"Ergotherapie"}]},{"code":"OTH","display":"Other","designation":[{"language":"de","value":"Andere"},{"language":"nl","value":"Anders"}]},{"code":"OUS","display":"OB Ultrasound","designation":[{"language":"de","value":"Geburtshilfiche Ultraschalluntersuchung"},{"language":"nl","value":"OB Ultrasound"}]},{"code":"PAR","display":"Parasitology","designation":[{"language":"nl","value":"Parasitologie"}],"property":[{"code":"deprecated","valueDateTime":"2000-11"}]},{"code":"PAT","display":"Pathology (gross & histopath, not surgical)","designation":[{"language":"nl","value":"Pathologie (gross & histopath, niet chirurgisch)"}],"property":[{"code":"deprecated","valueDateTime":"2000-11"}]},{"code":"PF","display":"Pulmonary Function","designation":[{"language":"de","value":"Lungenfunktion"},{"language":"nl","value":"Pulmonaire functie"}]},{"code":"PHR","display":"Pharmacy","designation":[{"language":"de","value":"Apotheke"},{"language":"nl","value":"Medicatie"}]},{"code":"PHY","display":"Physician (Hx. Dx, admission note, etc.)","designation":[{"language":"de","value":"Arzt (Krankengeschichte, Diagnose, Aufnahmeuntersuchung)"},{"language":"nl","value":"Arts (Hx. Dx, opnameverslag, etc.)"}]},{"code":"PT","display":"Physical Therapy","designation":[{"language":"de","value":"physiklische Therapie"},{"language":"nl","value":"Lichamelijke oefening"}]},{"code":"RAD","display":"Radiology","designation":[{"language":"de","value":"Radiologie"},{"language":"nl","value":"Radiologie"}]},{"code":"RC","display":"Respiratory Care (therapy)","designation":[{"language":"de","value":"Atemtherapie"},{"language":"nl","value":"Respiratoire zorg (therapie)"}]},{"code":"RT","display":"Radiation Therapy","designation":[{"language":"de","value":"Strahlentherapie"},{"language":"nl","value":"Stralingstherapie"}]},{"code":"RUS","display":"Radiology Ultrasound","designation":[{"language":"de","value":"Radiologische Ultraschalluntersuchung"},{"language":"nl","value":"Radiologie ultrasound"}]},{"code":"RX","display":"Radiograph","designation":[{"language":"de","value":"Röntgenaufnahme"},{"language":"nl","value":"Radiograph"}]},{"code":"SP","display":"Surgical Pathology","designation":[{"language":"de","value":"Operative Pathologie"},{"language":"nl","value":"Chirurgische pathologie"}]},{"code":"SR","display":"Serology","designation":[{"language":"de","value":"Serologie"},{"language":"nl","value":"Serologie"}]},{"code":"TX","display":"Toxicology","designation":[{"language":"de","value":"Toxikologie"},{"language":"nl","value":"Toxicologie"}]},{"code":"URN","display":"Urinalysis","designation":[{"language":"nl","value":"Urinalyse"}],"property":[{"code":"deprecated","valueDateTime":"2000-11"}]},{"code":"VR","display":"Virology","designation":[{"language":"de","value":"Virologie"},{"language":"nl","value":"Virologie"}]},{"code":"VUS","display":"Vascular Ultrasound","designation":[{"language":"de","value":"Ultraschalluntersuchung der Gefäße"},{"language":"nl","value":"Vasculaire Ultrasound"}]},{"code":"XRC","display":"Cineradiograph","designation":[{"language":"de","value":"Röntgenkinematographie"},{"language":"nl","value":"Cineradiograph"}]}]}