{"resourceType":"CodeSystem","id":"animal-species","meta":{"lastUpdated":"2019-10-24T11:53:00+11:00","profile":["http://hl7.org/fhir/StructureDefinition/shareablecodesystem"]},"extension":[{"url":"http://hl7.org/fhir/StructureDefinition/structuredefinition-ballot-status","valueString":"Informative"},{"url":"http://hl7.org/fhir/StructureDefinition/structuredefinition-fmm","valueInteger":1},{"url":"http://hl7.org/fhir/StructureDefinition/structuredefinition-wg","valueCode":"pa"}],"url":"http://hl7.org/fhir/animal-species","identifier":{"system":"urn:ietf:rfc:3986","value":"urn:oid:2.16.840.1.113883.4.642.1.410"},"version":"3.0.2","name":"AnimalSpecies","status":"draft","experimental":true,"publisher":"FHIR Project team","contact":[{"telecom":[{"system":"url","value":"http://hl7.org/fhir"}]}],"description":"This example value set defines a set of codes that can be used to indicate species of animal patients.","copyright":"This value set includes content from SNOMED CT, which is copyright © 2002+ International Health Terminology Standards Development Organisation (IHTSDO), and distributed by agreement between IHTSDO and HL7. Implementer use of SNOMED CT is not covered by this agreement.","caseSensitive":true,"valueSet":"http://hl7.org/fhir/ValueSet/animal-species","content":"complete","concept":[{"code":"canislf","display":"Dog","definition":"Canis lupus familiaris"},{"code":"ovisa","display":"Sheep","definition":"Ovis aries"},{"code":"serinuscd","display":"Domestic Canary","definition":"Serinus canaria domestica"}]}