{"resourceType":"CodeSystem","id":"v2-0187","meta":{"profile":["http://hl7.org/fhir/StructureDefinition/shareablecodesystem"]},"extension":[{"url":"http://hl7.org/fhir/StructureDefinition/structuredefinition-ballot-status","valueString":"External"},{"url":"http://hl7.org/fhir/StructureDefinition/structuredefinition-fmm","valueInteger":0}],"url":"http://hl7.org/fhir/v2/0187","identifier":{"system":"urn:ietf:rfc:3986","value":"urn:oid:2.16.840.1.113883.18.99"},"version":"2.8.2","name":"v2 Provider Billing","status":"active","experimental":false,"publisher":"HL7, Inc","contact":[{"telecom":[{"system":"url","value":"http://hl7.org"}]}],"description":"FHIR Value set/code system definition for HL7 v2 table 0187 ( Provider Billing)","caseSensitive":false,"valueSet":"http://hl7.org/fhir/ValueSet/v2-0187","content":"complete","concept":[{"code":"I","display":"Institution bills for provider","designation":[{"language":"de","value":"Haus rechnet ab"},{"language":"nl","value":"Instelling doet facturatie voor zorgverlener"}]},{"code":"P","display":"Provider does own billing","designation":[{"language":"de","value":"Eigene Abrechnung"},{"language":"nl","value":"Zorgverlener doet eigen facturatie"}]}]}