{"resourceType":"CodeSystem","id":"transaction-mode","meta":{"lastUpdated":"2019-10-24T11:53:00+11:00"},"extension":[{"url":"http://hl7.org/fhir/StructureDefinition/structuredefinition-ballot-status","valueString":"Informative"},{"url":"http://hl7.org/fhir/StructureDefinition/structuredefinition-fmm","valueInteger":0}],"url":"http://hl7.org/fhir/transaction-mode","identifier":{"system":"urn:ietf:rfc:3986","value":"urn:oid:2.16.840.1.113883.4.642.1.183"},"version":"3.0.2","name":"TransactionMode","status":"draft","experimental":false,"date":"2019-10-24T11:53:00+11:00","publisher":"HL7 (FHIR Project)","contact":[{"telecom":[{"system":"url","value":"http://hl7.org/fhir"},{"system":"email","value":"fhir@lists.hl7.org"}]}],"description":"A code that indicates how transactions are supported.","caseSensitive":true,"valueSet":"http://hl7.org/fhir/ValueSet/transaction-mode","content":"complete","concept":[{"code":"not-supported","display":"None","definition":"Neither batch or transaction is supported."},{"code":"batch","display":"Batches supported","definition":"Batches are  supported."},{"code":"transaction","display":"Transactions Supported","definition":"Transactions are supported."},{"code":"both","display":"Batches & Transactions","definition":"Both batches and transactions are supported."}]}