{"resourceType":"CodeSystem","id":"name-assembly-order","meta":{"lastUpdated":"2019-10-24T11:53:00+11:00"},"extension":[{"url":"http://hl7.org/fhir/StructureDefinition/structuredefinition-ballot-status","valueString":"Informative"},{"url":"http://hl7.org/fhir/StructureDefinition/structuredefinition-fmm","valueInteger":0}],"url":"http://hl7.org/fhir/name-assembly-order","identifier":{"system":"urn:ietf:rfc:3986","value":"urn:oid:2.16.840.1.113883.4.642.1.833"},"version":"3.0.2","name":"HumanNameAssemblyOrder","status":"draft","experimental":false,"date":"2019-10-24T11:53:00+11:00","publisher":"HL7 (FHIR Project)","contact":[{"telecom":[{"system":"url","value":"http://hl7.org/fhir"},{"system":"email","value":"fhir@lists.hl7.org"}]}],"description":"A code that represents the preferred display order of the components of a human name","caseSensitive":true,"valueSet":"http://hl7.org/fhir/ValueSet/name-assembly-order","content":"complete","concept":[{"code":"NL1","display":"Own Name"},{"code":"NL2","display":"Partner Name"},{"code":"NL3","display":"Partner Name followed by Maiden Name"},{"code":"NL4","display":"Own Name followed by Partner Name"}]}