{"resourceType":"CodeSystem","id":"slotstatus","meta":{"lastUpdated":"2019-10-24T11:53:00+11:00"},"extension":[{"url":"http://hl7.org/fhir/StructureDefinition/structuredefinition-ballot-status","valueString":"Informative"},{"url":"http://hl7.org/fhir/StructureDefinition/structuredefinition-fmm","valueInteger":3},{"url":"http://hl7.org/fhir/StructureDefinition/structuredefinition-wg","valueCode":"pa"}],"url":"http://hl7.org/fhir/slotstatus","identifier":{"system":"urn:ietf:rfc:3986","value":"urn:oid:2.16.840.1.113883.4.642.1.476"},"version":"3.0.2","name":"SlotStatus","status":"draft","experimental":false,"date":"2019-10-24T11:53:00+11:00","publisher":"HL7 (FHIR Project)","contact":[{"telecom":[{"system":"url","value":"http://hl7.org/fhir"},{"system":"email","value":"fhir@lists.hl7.org"}]}],"description":"The free/busy status of the slot.","caseSensitive":true,"valueSet":"http://hl7.org/fhir/ValueSet/slotstatus","content":"complete","concept":[{"code":"busy","display":"Busy","definition":"Indicates that the time interval is busy because one  or more events have been scheduled for that interval."},{"code":"free","display":"Free","definition":"Indicates that the time interval is free for scheduling."},{"code":"busy-unavailable","display":"Busy (Unavailable)","definition":"Indicates that the time interval is busy and that the interval can not be scheduled."},{"code":"busy-tentative","display":"Busy (Tentative)","definition":"Indicates that the time interval is busy because one or more events have been tentatively scheduled for that interval."},{"code":"entered-in-error","display":"Entered in error","definition":"This instance should not have been part of this patient's medical record."}]}