{"resourceType":"CodeSystem","id":"allerg-intol-substance-exp-risk","meta":{"lastUpdated":"2019-10-24T11:53:00+11:00"},"extension":[{"url":"http://hl7.org/fhir/StructureDefinition/structuredefinition-ballot-status","valueString":"Informative"},{"url":"http://hl7.org/fhir/StructureDefinition/structuredefinition-fmm","valueInteger":0}],"url":"http://hl7.org/fhir/allerg-intol-substance-exp-risk","identifier":{"system":"urn:ietf:rfc:3986","value":"urn:oid:2.16.840.1.113883.4.642.1.858"},"version":"3.0.2","name":"AllergyIntoleranceSubstanceExposureRisk","status":"draft","experimental":false,"date":"2019-10-24T11:53:00+11:00","publisher":"HL7 (FHIR Project)","contact":[{"telecom":[{"system":"url","value":"http://hl7.org/fhir"},{"system":"email","value":"fhir@lists.hl7.org"}]}],"description":"The risk of an adverse reaction (allergy or intolerance) for this patient upon exposure to the substance (including pharmaceutical products).","caseSensitive":true,"valueSet":"http://hl7.org/fhir/ValueSet/allerg-intol-substance-exp-risk","content":"complete","concept":[{"code":"known-reaction-risk","display":"Known Reaction Risk","definition":"Known risk of allergy or intolerance reaction upon exposure to the specified substance."},{"code":"no-known-reaction-risk","display":"No Known Reaction Risk","definition":"No known risk of allergy or intolerance reaction upon exposure to the specified substance."}]}