{"resourceType":"CodeSystem","id":"classification-or-context","meta":{"lastUpdated":"2019-10-24T11:53:00+11:00"},"extension":[{"url":"http://hl7.org/fhir/StructureDefinition/structuredefinition-ballot-status","valueString":"Informative"},{"url":"http://hl7.org/fhir/StructureDefinition/structuredefinition-fmm","valueInteger":0}],"url":"http://hl7.org/fhir/classification-or-context","identifier":{"system":"urn:ietf:rfc:3986","value":"urn:oid:2.16.840.1.113883.4.642.1.876"},"version":"3.0.2","name":"ClassificationOrContext","status":"draft","experimental":false,"date":"2019-10-24T11:53:00+11:00","publisher":"HL7 (FHIR Project)","contact":[{"telecom":[{"system":"url","value":"http://hl7.org/fhir"},{"system":"email","value":"fhir@lists.hl7.org"}]}],"description":"Identifies whether a useContext represents a context or classification for the element","caseSensitive":true,"valueSet":"http://hl7.org/fhir/ValueSet/classification-or-context","content":"complete","concept":[{"code":"classification","display":"Classification","definition":"Indicates the useContext is a classification - e.g. Administrative, financial, etc."},{"code":"context","display":"Context","definition":"Indicates the useContext is a context - a domain of use - e.g. Particular country, organization or system"}]}