{"resourceType":"CodeSystem","id":"missing-tooth-reason","meta":{"lastUpdated":"2019-10-24T11:53:00+11:00","profile":["http://hl7.org/fhir/StructureDefinition/shareablecodesystem"]},"extension":[{"url":"http://hl7.org/fhir/StructureDefinition/structuredefinition-ballot-status","valueString":"Informative"},{"url":"http://hl7.org/fhir/StructureDefinition/structuredefinition-fmm","valueInteger":1},{"url":"http://hl7.org/fhir/StructureDefinition/structuredefinition-wg","valueCode":"fm"}],"url":"http://hl7.org/fhir/missingtoothreason","identifier":{"system":"urn:ietf:rfc:3986","value":"urn:oid:2.16.840.1.113883.4.642.1.527"},"version":"3.0.2","name":"Missing Tooth Reason Codes","status":"draft","experimental":true,"publisher":"Financial Management","contact":[{"telecom":[{"system":"url","value":"http://hl7.org/fhir"}]}],"description":"This value set includes sample Missing Tooth Reason codes.","copyright":"This is an example set.","caseSensitive":true,"valueSet":"http://hl7.org/fhir/ValueSet/missing-tooth-reason","content":"complete","concept":[{"code":"e","display":"E","definition":"Extraction"},{"code":"c","display":"C","definition":"Congenital"},{"code":"u","display":"U","definition":"Unknown"},{"code":"o","display":"O","definition":"Other"}]}