{"resourceType":"CodeSystem","id":"contract-term-subtype","meta":{"lastUpdated":"2019-10-24T11:53:00+11:00","profile":["http://hl7.org/fhir/StructureDefinition/shareablecodesystem"]},"extension":[{"url":"http://hl7.org/fhir/StructureDefinition/structuredefinition-ballot-status","valueString":"Informative"},{"url":"http://hl7.org/fhir/StructureDefinition/structuredefinition-fmm","valueInteger":1},{"url":"http://hl7.org/fhir/StructureDefinition/structuredefinition-wg","valueCode":"fm"}],"url":"http://hl7.org/fhir/contracttermsubtypecodes","identifier":{"system":"urn:ietf:rfc:3986","value":"urn:oid:2.16.840.1.113883.4.642.1.724"},"version":"3.0.2","name":"Contract Term Subtype Codes","status":"draft","experimental":true,"publisher":"Financial Management","contact":[{"telecom":[{"system":"url","value":"http://hl7.org/fhir"}]}],"description":"This value set includes sample Contract Term SubType codes.","copyright":"This is an example set.","caseSensitive":true,"valueSet":"http://hl7.org/fhir/ValueSet/contract-term-subtype","content":"complete","concept":[{"code":"condition","display":"Condition","definition":"Terms that go to the very root of a contract."},{"code":"warranty","display":"Warranty","definition":"Less imperative than a condition, so the contract will survive a breach"},{"code":"innominate","display":"Innominate","definition":"Breach of which may or may not go to the root of the contract depending upon the nature of the breach"}]}