{"resourceType":"CodeSystem","id":"v2-0002","meta":{"profile":["http://hl7.org/fhir/StructureDefinition/shareablecodesystem"]},"extension":[{"url":"http://hl7.org/fhir/StructureDefinition/structuredefinition-ballot-status","valueString":"External"},{"url":"http://hl7.org/fhir/StructureDefinition/structuredefinition-fmm","valueInteger":0}],"url":"http://hl7.org/fhir/v2/0002","identifier":{"system":"urn:ietf:rfc:3986","value":"urn:oid:2.16.840.1.113883.18.179"},"version":"2.8.2","name":"v2 Marital Status","status":"active","experimental":false,"publisher":"HL7, Inc","contact":[{"telecom":[{"system":"url","value":"http://hl7.org"}]}],"description":"FHIR Value set/code system definition for HL7 v2 table 0002 ( Marital Status)","caseSensitive":false,"valueSet":"http://hl7.org/fhir/ValueSet/v2-0002","content":"complete","concept":[{"code":"A","display":"Separated","designation":[{"language":"de","value":"getrennt lebend"},{"language":"nl","value":"Uit elkaar"}]},{"code":"B","display":"Unmarried","designation":[{"language":"de","value":"ledig"},{"language":"nl","value":"Niet getrouwd"}]},{"code":"C","display":"Common law","designation":[{"language":"de","value":"eheähnliche Gemeinschaft"},{"language":"nl","value":"Volgens jurisprudentie"}]},{"code":"D","display":"Divorced","designation":[{"language":"de","value":"geschieden"},{"language":"nl","value":"Gescheiden na huwelijk"}]},{"code":"E","display":"Legally Separated","designation":[{"language":"de","value":"rechtskräftig getrennt"},{"language":"nl","value":"Wettelijk gescheiden"}]},{"code":"G","display":"Living together","designation":[{"language":"de","value":"zusammenlebend"},{"language":"nl","value":"Samenlevend"}]},{"code":"I","display":"Interlocutory","designation":[{"language":"nl","value":"Tijdelijke overeenkomst"}]},{"code":"M","display":"Married","designation":[{"language":"de","value":"verheiratet"},{"language":"nl","value":"Getrouwd"}]},{"code":"N","display":"Annulled","designation":[{"language":"de","value":"annulliert"},{"language":"nl","value":"Nietig verklaard"}]},{"code":"O","display":"Other","designation":[{"language":"de","value":"sonstiges"},{"language":"nl","value":"Anders"}]},{"code":"P","display":"Domestic partner","designation":[{"language":"de","value":"häuslicher Partner"},{"language":"nl","value":"Huisgenoot"}]},{"code":"R","display":"Registered domestic partner","designation":[{"language":"nl","value":"Geregistreerd partnerschap"}]},{"code":"S","display":"Single","designation":[{"language":"de","value":"allein lebend"},{"language":"nl","value":"Alleenstaand"}]},{"code":"T","display":"Unreported","designation":[{"language":"de","value":"keine Angabe"},{"language":"nl","value":"Niet vermeld"}]},{"code":"U","display":"Unknown","designation":[{"language":"de","value":"unbekannt"},{"language":"nl","value":"Onbekend"}]},{"code":"W","display":"Widowed","designation":[{"language":"de","value":"verwitwet"},{"language":"nl","value":"Weduwe/weduwnaar"}]}]}