{"resourceType":"CodeSystem","id":"v2-0034","meta":{"profile":["http://hl7.org/fhir/StructureDefinition/shareablecodesystem"]},"extension":[{"url":"http://hl7.org/fhir/StructureDefinition/structuredefinition-ballot-status","valueString":"External"},{"url":"http://hl7.org/fhir/StructureDefinition/structuredefinition-fmm","valueInteger":0}],"url":"http://hl7.org/fhir/v2/0034","identifier":{"system":"urn:ietf:rfc:3986","value":"urn:oid:2.16.840.1.113883.18.17"},"version":"2.8.2","name":"v2 SITE ADMINISTERED","status":"active","experimental":false,"publisher":"HL7, Inc","contact":[{"telecom":[{"system":"url","value":"http://hl7.org"}]}],"description":"FHIR Value set/code system definition for HL7 v2 table 0034 ( SITE ADMINISTERED)","caseSensitive":false,"valueSet":"http://hl7.org/fhir/ValueSet/v2-0034","content":"complete","property":[{"code":"deprecated","uri":"http://hl7.org/fhir/concept-properties#deprecated","description":"The date at which a concept was deprecated. Concepts that are deprecated but not inactive can still be used, but their use is discouraged","type":"dateTime"}],"concept":[{"code":"B","display":"Buttock","designation":[{"language":"de","value":"Gesäß"},{"language":"nl","value":"Bil"}],"property":[{"code":"deprecated","valueDateTime":"1990-01"}]},{"code":"L","display":"Left arm","designation":[{"language":"de","value":"linker Arm"},{"language":"nl","value":"Linker arm"}],"property":[{"code":"deprecated","valueDateTime":"1990-01"}]}]}