{"resourceType":"CodeSystem","id":"list-status","meta":{"lastUpdated":"2019-10-24T11:53:00+11:00"},"extension":[{"url":"http://hl7.org/fhir/StructureDefinition/structuredefinition-ballot-status","valueString":"Informative"},{"url":"http://hl7.org/fhir/StructureDefinition/structuredefinition-fmm","valueInteger":1},{"url":"http://hl7.org/fhir/StructureDefinition/structuredefinition-wg","valueCode":"fhir"}],"url":"http://hl7.org/fhir/list-status","identifier":{"system":"urn:ietf:rfc:3986","value":"urn:oid:2.16.840.1.113883.4.642.1.318"},"version":"3.0.2","name":"ListStatus","status":"draft","experimental":false,"date":"2019-10-24T11:53:00+11:00","publisher":"HL7 (FHIR Project)","contact":[{"telecom":[{"system":"url","value":"http://hl7.org/fhir"},{"system":"email","value":"fhir@lists.hl7.org"}]}],"description":"The current state of the list","caseSensitive":true,"valueSet":"http://hl7.org/fhir/ValueSet/list-status","content":"complete","concept":[{"code":"current","display":"Current","definition":"The list is considered to be an active part of the patient's record."},{"code":"retired","display":"Retired","definition":"The list is \"old\" and should no longer be considered accurate or relevant."},{"code":"entered-in-error","display":"Entered In Error","definition":"The list was never accurate.  It is retained for medico-legal purposes only."}]}