{"resourceType":"CodeSystem","id":"v2-0098","meta":{"profile":["http://hl7.org/fhir/StructureDefinition/shareablecodesystem"]},"extension":[{"url":"http://hl7.org/fhir/StructureDefinition/structuredefinition-ballot-status","valueString":"External"},{"url":"http://hl7.org/fhir/StructureDefinition/structuredefinition-fmm","valueInteger":0}],"url":"http://hl7.org/fhir/v2/0098","identifier":{"system":"urn:ietf:rfc:3986","value":"urn:oid:2.16.840.1.113883.18.37"},"version":"2.8.2","name":"v2 Type of Agreement","status":"active","experimental":false,"publisher":"HL7, Inc","contact":[{"telecom":[{"system":"url","value":"http://hl7.org"}]}],"description":"FHIR Value set/code system definition for HL7 v2 table 0098 ( Type of Agreement)","caseSensitive":false,"valueSet":"http://hl7.org/fhir/ValueSet/v2-0098","content":"complete","concept":[{"code":"M","display":"Maternity","designation":[{"language":"nl","value":"Moederschap"}]},{"code":"S","display":"Standard","designation":[{"language":"nl","value":"Standaard"}]},{"code":"U","display":"Unified","designation":[{"language":"nl","value":"Geünificeerd"}]}]}