{"resourceType":"CodeSystem","id":"v2-0043","meta":{"profile":["http://hl7.org/fhir/StructureDefinition/shareablecodesystem"]},"extension":[{"url":"http://hl7.org/fhir/StructureDefinition/structuredefinition-ballot-status","valueString":"External"},{"url":"http://hl7.org/fhir/StructureDefinition/structuredefinition-fmm","valueInteger":0}],"url":"http://hl7.org/fhir/v2/0043","identifier":{"system":"urn:ietf:rfc:3986","value":"urn:oid:2.16.840.1.113883.18.19"},"version":"2.8.2","name":"v2 Condition Code","status":"active","experimental":false,"publisher":"HL7, Inc","contact":[{"telecom":[{"system":"url","value":"http://hl7.org"}]}],"description":"FHIR Value set/code system definition for HL7 v2 table 0043 ( Condition Code)","caseSensitive":false,"valueSet":"http://hl7.org/fhir/ValueSet/v2-0043","content":"complete","property":[{"code":"deprecated","uri":"http://hl7.org/fhir/concept-properties#deprecated","description":"The date at which a concept was deprecated. Concepts that are deprecated but not inactive can still be used, but their use is discouraged","type":"dateTime"}],"concept":[{"code":"...","display":"No suggested values defined","designation":[{"language":"de","value":"keine Werte vorgeschlagen"},{"language":"nl","value":"geen voorgestelde waarden"}]},{"code":"01","display":"Military service related","designation":[{"language":"nl","value":"Militaire dienst gerelateerd"}],"property":[{"code":"deprecated","valueDateTime":"2000-11"}]},{"code":"02","display":"Condition is employment related","designation":[{"language":"nl","value":"Conditie is werkgerelateerd"}],"property":[{"code":"deprecated","valueDateTime":"2000-11"}]},{"code":"03","display":"Patient covered by insurance not reflected here","designation":[{"language":"nl","value":"Patiënt verzekerd door verzekering niet zichtbaar hier"}],"property":[{"code":"deprecated","valueDateTime":"2000-11"}]},{"code":"04","display":"HMO enrollee","designation":[{"language":"nl","value":"HMO gerechtigde"}],"property":[{"code":"deprecated","valueDateTime":"2000-11"}]},{"code":"05","display":"Lien has been filed","designation":[{"language":"nl","value":"Retentierecht is geregistreerd"}],"property":[{"code":"deprecated","valueDateTime":"2000-11"}]},{"code":"06","display":"ESRD patient in first 18 months of entitlement covered by employer group health insurance","designation":[{"language":"nl","value":"ESRD patiënt in eerste 18 maanden van toekenning gedekt door werkgever groepszorgpolis"}],"property":[{"code":"deprecated","valueDateTime":"2000-11"}]},{"code":"07","display":"Treatment of non-terminal condition for hospice patient","designation":[{"language":"nl","value":"Behandeling van niet-terminale aandoening voor hospice patiënt"}],"property":[{"code":"deprecated","valueDateTime":"2000-11"}]},{"code":"08","display":"Beneficiary would not provide information concerning other insurance coverage","designation":[{"language":"nl","value":"Begunstigde wilde geen informatie over andere verzekeringsdekking geven"}],"property":[{"code":"deprecated","valueDateTime":"2000-11"}]},{"code":"09","display":"Neither patient nor spouse is employed","designation":[{"language":"nl","value":"Zowel patiënt als echtgenoot heeft werk"}],"property":[{"code":"deprecated","valueDateTime":"2000-11"}]},{"code":"10","display":"Patient and/or spouse is employed but no EGHP exists","designation":[{"language":"nl","value":"Patiënt en/of echtgenoot heeft werk maar er is geen EGHP"}],"property":[{"code":"deprecated","valueDateTime":"2000-11"}]},{"code":"11","display":"Disabled beneficiary but no LGHP","designation":[{"language":"nl","value":"Gehandicapte begunstigde maar geen LGHP"}],"property":[{"code":"deprecated","valueDateTime":"2000-11"}]},{"code":"12","display":"Payer codes.","designation":[{"language":"nl","value":"Betaler codes."}],"property":[{"code":"deprecated","valueDateTime":"2000-11"}]},{"code":"12 ... 16","display":"Payer codes.","designation":[{"language":"nl","value":"Betaler codes."}],"property":[{"code":"deprecated","valueDateTime":"2000-11"}]},{"code":"13","display":"Payer codes.","designation":[{"language":"nl","value":"Betaler codes."}],"property":[{"code":"deprecated","valueDateTime":"2000-11"}]},{"code":"14","display":"Payer codes.","designation":[{"language":"nl","value":"Betaler codes."}],"property":[{"code":"deprecated","valueDateTime":"2000-11"}]},{"code":"15","display":"Payer codes.","designation":[{"language":"nl","value":"Betaler codes."}],"property":[{"code":"deprecated","valueDateTime":"2000-11"}]},{"code":"16","display":"Payer codes.","designation":[{"language":"nl","value":"Betaler codes."}],"property":[{"code":"deprecated","valueDateTime":"2000-11"}]},{"code":"18","display":"Maiden name retained","designation":[{"language":"nl","value":"Meisjesnaam behouden"}],"property":[{"code":"deprecated","valueDateTime":"2000-11"}]},{"code":"19","display":"Child retains mother's name","designation":[{"language":"nl","value":"Kind behoudt moeders' naam"}],"property":[{"code":"deprecated","valueDateTime":"2000-11"}]},{"code":"20","display":"Beneficiary requested billing","designation":[{"language":"nl","value":"Begunstige heeft facturatie gevraagd"}],"property":[{"code":"deprecated","valueDateTime":"2000-11"}]},{"code":"21","display":"Billing for Denial Notice","designation":[{"language":"nl","value":"Facturatie voor afgewezen melding"}],"property":[{"code":"deprecated","valueDateTime":"2000-11"}]},{"code":"26","display":"VA eligible patient chooses to receive services in a Medicare certified facility","designation":[{"language":"nl","value":"VA-gerechtigde patiënt wil services in een Medicare gecertificeerde instelling"}],"property":[{"code":"deprecated","valueDateTime":"2000-11"}]},{"code":"27","display":"Patient referred to a sole community hospital for a diagnostic laboratory test","designation":[{"language":"nl","value":"Patiënt verwezen naar één algemeen ziekenhuis voor diagnostische laboratoriumtest"}],"property":[{"code":"deprecated","valueDateTime":"2000-11"}]},{"code":"28","display":"Patient and/or spouse's EGHP is secondary to Medicare","designation":[{"language":"nl","value":"Patiënt en/of echtgenoot EGHP is aanvullend op Medicare"}],"property":[{"code":"deprecated","valueDateTime":"2000-11"}]},{"code":"29","display":"Disabled beneficiary and/or family member's LGHP is secondary to Medicare","designation":[{"language":"nl","value":"Gehandicapte begunstigde en/or familielid LGHP is aanvullend op Medicare"}],"property":[{"code":"deprecated","valueDateTime":"2000-11"}]},{"code":"31","display":"Patient is student (full time-day)","designation":[{"language":"nl","value":"Patiënt is student (voltijds dag)"}],"property":[{"code":"deprecated","valueDateTime":"2000-11"}]},{"code":"32","display":"Patient is student (cooperative/work study program)","designation":[{"language":"nl","value":"Patiënt is student (samenwerkend/werk studie programma)"}],"property":[{"code":"deprecated","valueDateTime":"2000-11"}]},{"code":"33","display":"Patient is student (full time-night)","designation":[{"language":"nl","value":"Patiënt is student (voltijds nacht)"}],"property":[{"code":"deprecated","valueDateTime":"2000-11"}]},{"code":"34","display":"Patient is student (Part time)","designation":[{"language":"nl","value":"Patiënt is student (parttime)"}],"property":[{"code":"deprecated","valueDateTime":"2000-11"}]},{"code":"36","display":"General care patient in a special unit","designation":[{"language":"nl","value":"Algemene zorg patiënt in speciale afdeling"}],"property":[{"code":"deprecated","valueDateTime":"2000-11"}]},{"code":"37","display":"Ward accommodation as patient request","designation":[{"language":"nl","value":"Afdelingsaccomodatie op patiëntverzoek"}],"property":[{"code":"deprecated","valueDateTime":"2000-11"}]},{"code":"38","display":"Semi-private room not available","designation":[{"language":"nl","value":"Semi-eigen kamer niet beschikbaar"}],"property":[{"code":"deprecated","valueDateTime":"2000-11"}]},{"code":"39","display":"Private room medically necessary","designation":[{"language":"nl","value":"Eigen kamer medisch noodzakelijk"}],"property":[{"code":"deprecated","valueDateTime":"2000-11"}]},{"code":"40","display":"Same day transfer","designation":[{"language":"nl","value":"Overplaatsing op zelfde dag"}],"property":[{"code":"deprecated","valueDateTime":"2000-11"}]},{"code":"41","display":"Partial hospitalization","designation":[{"language":"nl","value":"Gedeeltelijke opname"}],"property":[{"code":"deprecated","valueDateTime":"2000-11"}]},{"code":"46","display":"Non-availability statement on file","designation":[{"language":"nl","value":"Niet-beschikbaarheid uitspraak opgeslagen"}],"property":[{"code":"deprecated","valueDateTime":"2000-11"}]},{"code":"48","display":"Psychiatric residential treatment centers for children and adolescents","designation":[{"language":"nl","value":"Psychiatrisch behandelcentra voor kinderen en adolescents"}],"property":[{"code":"deprecated","valueDateTime":"2000-11"}]},{"code":"55","display":"SNF bed not available","designation":[{"language":"nl","value":"SNF bed niet beschikbaar"}],"property":[{"code":"deprecated","valueDateTime":"2000-11"}]},{"code":"56","display":"Medical appropriateness","designation":[{"language":"nl","value":"Medische relevantie"}],"property":[{"code":"deprecated","valueDateTime":"2000-11"}]},{"code":"57","display":"SNF readmission","designation":[{"language":"nl","value":"SNF heropname"}],"property":[{"code":"deprecated","valueDateTime":"2000-11"}]},{"code":"60","display":"Day outlier","designation":[{"language":"nl","value":"Dag afwijking"}],"property":[{"code":"deprecated","valueDateTime":"2000-11"}]},{"code":"61","display":"Cost outlier","designation":[{"language":"nl","value":"Kosten afwijking"}],"property":[{"code":"deprecated","valueDateTime":"2000-11"}]},{"code":"62","display":"Payer code","designation":[{"language":"nl","value":"Betaler code"}],"property":[{"code":"deprecated","valueDateTime":"2000-11"}]},{"code":"66","display":"Provider does not wish cost outlier payment","designation":[{"language":"nl","value":"Zorgaanbieder wil geen betaling van afwijkende kosten"}],"property":[{"code":"deprecated","valueDateTime":"2000-11"}]},{"code":"67","display":"Beneficiary elects not to use life time reserve (LTR) days","designation":[{"language":"nl","value":"Begunstigde kiest ervoor niet de levenslange reserve dagen (LTR) te gebruiken"}],"property":[{"code":"deprecated","valueDateTime":"2000-11"}]},{"code":"68","display":"Beneficiary elects to use life time reserve (LTR) days","designation":[{"language":"nl","value":"Begunstigde kiest ervoor  de levenslange reserve dagen (LTR) te gebruiken"}],"property":[{"code":"deprecated","valueDateTime":"2000-11"}]},{"code":"70","display":"Self-administered EPO","designation":[{"language":"nl","value":"Zelf-toegediende EPO"}],"property":[{"code":"deprecated","valueDateTime":"2000-11"}]},{"code":"71","display":"Full care in unit","designation":[{"language":"nl","value":"Volledige zorg in eenheid"}],"property":[{"code":"deprecated","valueDateTime":"2000-11"}]},{"code":"72","display":"Self-care in unit","designation":[{"language":"nl","value":"Zelfzorg in eenheid"}],"property":[{"code":"deprecated","valueDateTime":"2000-11"}]},{"code":"73","display":"Self-care training","designation":[{"language":"nl","value":"Zelfzorg in training"}],"property":[{"code":"deprecated","valueDateTime":"2000-11"}]},{"code":"74","display":"Home","designation":[{"language":"nl","value":"Thuis"}],"property":[{"code":"deprecated","valueDateTime":"2000-11"}]},{"code":"75","display":"Home - 100% reimbursement","designation":[{"language":"nl","value":"Thuis - 100% vergoed"}],"property":[{"code":"deprecated","valueDateTime":"2000-11"}]},{"code":"76","display":"Back-up in facility dialysis","designation":[{"language":"nl","value":"Back-up in instelling dialyse"}],"property":[{"code":"deprecated","valueDateTime":"2000-11"}]},{"code":"77","display":"Provider accepts or is obligated/required due to a contractual arrangement or law to accept payment by a primary payer as payment in full","designation":[{"language":"nl","value":"Zorgaanbieder accepteert of is contractueel of juridisch verplicht om betaling te accepteren van een primaire betaler als volledige vertaling"}],"property":[{"code":"deprecated","valueDateTime":"2000-11"}]},{"code":"78","display":"New coverage not implemented by HMO","designation":[{"language":"nl","value":"Nieuwe dekking niet geïmplementeerd door HMO"}],"property":[{"code":"deprecated","valueDateTime":"2000-11"}]},{"code":"79","display":"Corf services provided off-site","designation":[{"language":"nl","value":"Corf services worden off-site gegeven"}],"property":[{"code":"deprecated","valueDateTime":"2000-11"}]},{"code":"80","display":"Pregnant","designation":[{"language":"nl","value":"Zwanger"}],"property":[{"code":"deprecated","valueDateTime":"2000-11"}]}]}