{"resourceType":"CodeSystem","id":"remittance-outcome","meta":{"lastUpdated":"2019-10-24T11:53:00+11:00","profile":["http://hl7.org/fhir/StructureDefinition/shareablecodesystem"]},"extension":[{"url":"http://hl7.org/fhir/StructureDefinition/structuredefinition-ballot-status","valueString":"Informative"},{"url":"http://hl7.org/fhir/StructureDefinition/structuredefinition-fmm","valueInteger":1},{"url":"http://hl7.org/fhir/StructureDefinition/structuredefinition-wg","valueCode":"fm"}],"url":"http://hl7.org/fhir/remittance-outcome","identifier":{"system":"urn:ietf:rfc:3986","value":"urn:oid:2.16.840.1.113883.4.642.1.14"},"version":"3.0.2","name":"Claim Processing Codes","status":"draft","experimental":true,"publisher":"FHIR Project team","contact":[{"telecom":[{"system":"url","value":"http://hl7.org/fhir"}]}],"description":"This value set includes a Claim Processing Outcome codes.","copyright":"This is an example set.","caseSensitive":true,"valueSet":"http://hl7.org/fhir/ValueSet/remittance-outcome","content":"complete","concept":[{"code":"complete","display":"Processing Complete","definition":"The processing has completed without errors"},{"code":"error","display":"Error","definition":"One or more errors have been detected in the Claim"},{"code":"partial","display":"Partial Processing","definition":"No errors have been detected in the Claim and some of the adjudication has been performed."}]}