{"resourceType":"CodeSystem","id":"goal-category","meta":{"lastUpdated":"2019-10-24T11:53:00+11:00","profile":["http://hl7.org/fhir/StructureDefinition/shareablecodesystem"]},"extension":[{"url":"http://hl7.org/fhir/StructureDefinition/structuredefinition-ballot-status","valueString":"Informative"},{"url":"http://hl7.org/fhir/StructureDefinition/structuredefinition-fmm","valueInteger":1},{"url":"http://hl7.org/fhir/StructureDefinition/structuredefinition-wg","valueCode":"pc"}],"url":"http://hl7.org/fhir/goal-category","identifier":{"system":"urn:ietf:rfc:3986","value":"urn:oid:2.16.840.1.113883.4.642.1.271"},"version":"3.0.2","name":"GoalCategory","status":"draft","experimental":true,"publisher":"HL7 International - Patient Care WG","contact":[{"telecom":[{"system":"url","value":"http://www.hl7.org/Special/committees/patientcare/"}]}],"description":"Example codes for grouping goals for filtering or presentation.","caseSensitive":true,"valueSet":"http://hl7.org/fhir/ValueSet/goal-category","content":"complete","concept":[{"code":"dietary","display":"Dietary","definition":"Goals related to the consumption of food and/or beverages."},{"code":"safety","display":"Safety","definition":"Goals related to the personal protection of the subject."},{"code":"behavioral","display":"Behavioral","definition":"Goals related to the manner in which the subject acts."},{"code":"nursing","display":"Nursing","definition":"Goals related to the practice of nursing or established by nurses."},{"code":"physiotherapy","display":"Physiotherapy","definition":"Goals related to the mobility and motor capability of the subject."}]}