{"resourceType":"CodeSystem","id":"v2-0124","meta":{"profile":["http://hl7.org/fhir/StructureDefinition/shareablecodesystem"]},"extension":[{"url":"http://hl7.org/fhir/StructureDefinition/structuredefinition-ballot-status","valueString":"External"},{"url":"http://hl7.org/fhir/StructureDefinition/structuredefinition-fmm","valueInteger":0}],"url":"http://hl7.org/fhir/v2/0124","identifier":{"system":"urn:ietf:rfc:3986","value":"urn:oid:2.16.840.1.113883.18.52"},"version":"2.8.2","name":"v2 Transportation Mode","status":"active","experimental":false,"publisher":"HL7, Inc","contact":[{"telecom":[{"system":"url","value":"http://hl7.org"}]}],"description":"FHIR Value set/code system definition for HL7 v2 table 0124 ( Transportation Mode)","caseSensitive":false,"valueSet":"http://hl7.org/fhir/ValueSet/v2-0124","content":"complete","concept":[{"code":"CART","display":"Cart - patient travels on cart or gurney","designation":[{"language":"de","value":"Patient wird auf Trage transportiert"},{"language":"nl","value":"Wagentje - patiënt reist per karretje of ziekenhuisbed"}]},{"code":"PORT","display":"The examining device goes to patient's location","designation":[{"language":"de","value":"Untersuchung am Krankenbett"},{"language":"nl","value":"Het onderzoeksapparaat gaat naar de patiëntlocatie"}]},{"code":"WALK","display":"Patient walks to diagnostic service","designation":[{"language":"de","value":"Patient geht zu Fuß zum Funktionsbereich"},{"language":"nl","value":"Patiënt loopt naar diagnostische service"}]},{"code":"WHLC","display":"Wheelchair","designation":[{"language":"de","value":"Rollstuhl"},{"language":"nl","value":"Rolstoel"}]}]}