{"resourceType":"CodeSystem","id":"claim-type","meta":{"lastUpdated":"2019-10-24T11:53:00+11:00","profile":["http://hl7.org/fhir/StructureDefinition/shareablecodesystem"]},"extension":[{"url":"http://hl7.org/fhir/StructureDefinition/structuredefinition-ballot-status","valueString":"Informative"},{"url":"http://hl7.org/fhir/StructureDefinition/structuredefinition-fmm","valueInteger":2},{"url":"http://hl7.org/fhir/StructureDefinition/structuredefinition-wg","valueCode":"fm"}],"url":"http://hl7.org/fhir/ex-claimtype","identifier":{"system":"urn:ietf:rfc:3986","value":"urn:oid:2.16.840.1.113883.4.642.1.551"},"version":"3.0.2","name":"Example Claim Type Codes","status":"draft","experimental":true,"publisher":"Financial Management","contact":[{"telecom":[{"system":"url","value":"http://hl7.org/fhir"}]}],"description":"This value set includes sample Claim Type codes.","copyright":"This is an example set.","caseSensitive":true,"valueSet":"http://hl7.org/fhir/ValueSet/claim-type","content":"complete","concept":[{"code":"institutional","display":"Institutional","definition":"Hospital, clinic and typically inpatient claims."},{"code":"oral","display":"Oral","definition":"Dental, Denture and Hygiene claims."},{"code":"pharmacy","display":"Pharmacy","definition":"Pharmacy claims for goods and services."},{"code":"professional","display":"Professional","definition":"Typically outpatient claims from Physician, Psychological, Chiropractor, Physiotherapy, Speach Pathology, rehabilitative, consulting."},{"code":"vision","display":"Vision","definition":"Vision claims for professional services and products such as glasses and contact lenses."}]}