{"resourceType":"CodeSystem","id":"content-type","meta":{"lastUpdated":"2019-10-24T11:53:00+11:00"},"extension":[{"url":"http://hl7.org/fhir/StructureDefinition/structuredefinition-ballot-status","valueString":"Informative"},{"url":"http://hl7.org/fhir/StructureDefinition/structuredefinition-fmm","valueInteger":2},{"url":"http://hl7.org/fhir/StructureDefinition/structuredefinition-wg","valueCode":"fhir"}],"url":"http://hl7.org/fhir/content-type","identifier":{"system":"urn:ietf:rfc:3986","value":"urn:oid:2.16.840.1.113883.4.642.1.693"},"version":"3.0.2","name":"ContentType","status":"draft","experimental":false,"date":"2019-10-24T11:53:00+11:00","publisher":"HL7 (FHIR Project)","contact":[{"telecom":[{"system":"url","value":"http://hl7.org/fhir"},{"system":"email","value":"fhir@lists.hl7.org"}]}],"description":"The content or mime type.","caseSensitive":true,"valueSet":"http://hl7.org/fhir/ValueSet/content-type","content":"complete","concept":[{"code":"xml","display":"xml","definition":"XML content-type corresponding to the application/fhir+xml mime-type."},{"code":"json","display":"json","definition":"JSON content-type corresponding to the application/fhir+json mime-type."},{"code":"ttl","display":"ttl","definition":"RDF content-type corresponding to the text/turtle mime-type."},{"code":"none","display":"none","definition":"Prevent the use of the corresponding http header."}]}