{"resourceType":"CodeSystem","id":"map-context-type","meta":{"lastUpdated":"2019-10-24T11:53:00+11:00"},"extension":[{"url":"http://hl7.org/fhir/StructureDefinition/structuredefinition-ballot-status","valueString":"Informative"},{"url":"http://hl7.org/fhir/StructureDefinition/structuredefinition-fmm","valueInteger":2},{"url":"http://hl7.org/fhir/StructureDefinition/structuredefinition-wg","valueCode":"fhir"}],"url":"http://hl7.org/fhir/map-context-type","identifier":{"system":"urn:ietf:rfc:3986","value":"urn:oid:2.16.840.1.113883.4.642.1.666"},"version":"3.0.2","name":"StructureMapContextType","status":"draft","experimental":false,"date":"2019-10-24T11:53:00+11:00","publisher":"HL7 (FHIR Project)","contact":[{"telecom":[{"system":"url","value":"http://hl7.org/fhir"},{"system":"email","value":"fhir@lists.hl7.org"}]}],"description":"How to interpret the context","caseSensitive":true,"valueSet":"http://hl7.org/fhir/ValueSet/map-context-type","content":"complete","concept":[{"code":"type","display":"Type","definition":"The context specifies a type"},{"code":"variable","display":"Variable","definition":"The context specifies a variable"}]}