{"resourceType":"CodeSystem","id":"v2-0150","meta":{"profile":["http://hl7.org/fhir/StructureDefinition/shareablecodesystem"]},"extension":[{"url":"http://hl7.org/fhir/StructureDefinition/structuredefinition-ballot-status","valueString":"External"},{"url":"http://hl7.org/fhir/StructureDefinition/structuredefinition-fmm","valueInteger":0}],"url":"http://hl7.org/fhir/v2/0150","identifier":{"system":"urn:ietf:rfc:3986","value":"urn:oid:2.16.840.1.113883.18.71"},"version":"2.8.2","name":"v2 Certification Patient Type","status":"active","experimental":false,"publisher":"HL7, Inc","contact":[{"telecom":[{"system":"url","value":"http://hl7.org"}]}],"description":"FHIR Value set/code system definition for HL7 v2 table 0150 ( Certification Patient Type)","caseSensitive":false,"valueSet":"http://hl7.org/fhir/ValueSet/v2-0150","content":"complete","concept":[{"code":"ER","display":"Emergency","designation":[{"language":"de","value":"(Tabelle 150 wird nicht verwendet)"},{"language":"nl","value":"Spoed"}]},{"code":"IPE","display":"Inpatient elective","designation":[{"language":"nl","value":"Klinisch eigen keuze"}]},{"code":"OPE","display":"Outpatient elective","designation":[{"language":"nl","value":"Poliklinisch eigen keuze"}]},{"code":"UR","display":"Urgent","designation":[{"language":"nl","value":"Spoed"}]}]}