{"resourceType":"CodeSystem","id":"measure-scoring","meta":{"lastUpdated":"2019-10-24T11:53:00+11:00"},"extension":[{"url":"http://hl7.org/fhir/StructureDefinition/structuredefinition-ballot-status","valueString":"Informative"},{"url":"http://hl7.org/fhir/StructureDefinition/structuredefinition-fmm","valueInteger":2},{"url":"http://hl7.org/fhir/StructureDefinition/structuredefinition-wg","valueCode":"cqi"}],"url":"http://hl7.org/fhir/measure-scoring","identifier":{"system":"urn:ietf:rfc:3986","value":"urn:oid:2.16.840.1.113883.4.642.1.752"},"version":"3.0.2","name":"MeasureScoring","status":"draft","experimental":false,"date":"2019-10-24T11:53:00+11:00","publisher":"HL7 (FHIR Project)","contact":[{"telecom":[{"system":"url","value":"http://hl7.org/fhir"},{"system":"email","value":"fhir@lists.hl7.org"}]}],"description":"The scoring type of the measure","caseSensitive":true,"valueSet":"http://hl7.org/fhir/ValueSet/measure-scoring","content":"complete","concept":[{"code":"proportion","display":"Proportion","definition":"The measure score is defined using a proportion"},{"code":"ratio","display":"Ratio","definition":"The measure score is defined using a ratio"},{"code":"continuous-variable","display":"Continuous Variable","definition":"The score is defined by a calculation of some quantity"},{"code":"cohort","display":"Cohort","definition":"The measure is a cohort definition"}]}