{"resourceType":"CodeSystem","id":"contributor-type","meta":{"lastUpdated":"2019-10-24T11:53:00+11:00"},"extension":[{"url":"http://hl7.org/fhir/StructureDefinition/structuredefinition-ballot-status","valueString":"Informative"},{"url":"http://hl7.org/fhir/StructureDefinition/structuredefinition-fmm","valueInteger":0},{"url":"http://hl7.org/fhir/StructureDefinition/structuredefinition-wg","valueCode":"fhir"}],"url":"http://hl7.org/fhir/contributor-type","identifier":{"system":"urn:ietf:rfc:3986","value":"urn:oid:2.16.840.1.113883.4.642.1.87"},"version":"3.0.2","name":"ContributorType","status":"draft","experimental":false,"date":"2019-10-24T11:53:00+11:00","publisher":"HL7 (FHIR Project)","contact":[{"telecom":[{"system":"url","value":"http://hl7.org/fhir"},{"system":"email","value":"fhir@lists.hl7.org"}]}],"description":"The type of contributor","caseSensitive":true,"valueSet":"http://hl7.org/fhir/ValueSet/contributor-type","content":"complete","concept":[{"code":"author","display":"Author","definition":"An author of the content of the module"},{"code":"editor","display":"Editor","definition":"An editor of the content of the module"},{"code":"reviewer","display":"Reviewer","definition":"A reviewer of the content of the module"},{"code":"endorser","display":"Endorser","definition":"An endorser of the content of the module"}]}