{"resourceType":"CodeSystem","id":"care-team-status","meta":{"lastUpdated":"2019-10-24T11:53:00+11:00"},"extension":[{"url":"http://hl7.org/fhir/StructureDefinition/structuredefinition-ballot-status","valueString":"Informative"},{"url":"http://hl7.org/fhir/StructureDefinition/structuredefinition-fmm","valueInteger":2},{"url":"http://hl7.org/fhir/StructureDefinition/structuredefinition-wg","valueCode":"pc"}],"url":"http://hl7.org/fhir/care-team-status","identifier":{"system":"urn:ietf:rfc:3986","value":"urn:oid:2.16.840.1.113883.4.642.1.145"},"version":"3.0.2","name":"CareTeamStatus","status":"draft","experimental":false,"date":"2019-10-24T11:53:00+11:00","publisher":"HL7 (FHIR Project)","contact":[{"telecom":[{"system":"url","value":"http://hl7.org/fhir"},{"system":"email","value":"fhir@lists.hl7.org"}]}],"description":"Indicates the status of the care team.","caseSensitive":true,"valueSet":"http://hl7.org/fhir/ValueSet/care-team-status","content":"complete","concept":[{"code":"proposed","display":"Proposed","definition":"The care team has been drafted and proposed, but not yet participating in the coordination and delivery of care."},{"code":"active","display":"Active","definition":"The care team is currently participating in the coordination and delivery of care."},{"code":"suspended","display":"Suspended","definition":"The care team is temporarily on hold or suspended and not participating in the coordination and delivery of care."},{"code":"inactive","display":"Inactive","definition":"The care team was, but is no longer, participating in the coordination and delivery of care."},{"code":"entered-in-error","display":"Entered In Error","definition":"The care team should have never existed."}]}