{"resourceType":"CodeSystem","id":"service-modifiers","meta":{"lastUpdated":"2019-10-24T11:53:00+11:00","profile":["http://hl7.org/fhir/StructureDefinition/shareablecodesystem"]},"extension":[{"url":"http://hl7.org/fhir/StructureDefinition/structuredefinition-ballot-status","valueString":"Informative"},{"url":"http://hl7.org/fhir/StructureDefinition/structuredefinition-fmm","valueInteger":0}],"url":"http://hl7.org/fhir/ex-servicemodifier","identifier":{"system":"urn:ietf:rfc:3986","value":"urn:oid:2.16.840.1.113883.4.642.1.565"},"version":"3.0.2","name":"Example Service Modifier Codes","status":"draft","experimental":true,"publisher":"Financial Management","contact":[{"telecom":[{"system":"url","value":"http://hl7.org/fhir"}]}],"description":"This value set includes sample Service Modifier codes which may support differential payment.","copyright":"This is an example set.","caseSensitive":true,"valueSet":"http://hl7.org/fhir/ValueSet/service-modifiers","content":"complete","concept":[{"code":"sr","display":"Side of the Road","definition":"Services provided on the side of the raod or such other non-conventional setting."},{"code":"ah","display":"After hours","definition":"Services provided outside or normal business hours."}]}