{"resourceType":"CodeSystem","id":"extra-activity-type","meta":{"lastUpdated":"2019-10-24T11:53:00+11:00"},"extension":[{"url":"http://hl7.org/fhir/StructureDefinition/structuredefinition-ballot-status","valueString":"Informative"},{"url":"http://hl7.org/fhir/StructureDefinition/structuredefinition-fmm","valueInteger":0}],"url":"http://hl7.org/fhir/extra-activity-type","version":"1.1.0","name":"ExtraActivityType","status":"draft","experimental":true,"description":"This value set includes coded concepts not well covered in any of the included valuesets.","caseSensitive":true,"content":"complete","concept":[{"code":"aggregate","display":"aggregate","definition":"Activity resulting in a structured collection of preexisting content that does not necessarily result in an integral object with semantic context making it more than the sum of component parts, from which components could be disaggregated without loss of semantic context, e.g., the assembly of multiple stand-alone documents."},{"code":"compose","display":"compose","definition":"Activity resulting in the structured compilation of new and preexisting content for the purposes of forming an integral object with  semantic context making it more than the sum of component parts, which would be lost if decomposed. For example, the composition of a document that includes in whole or part other documents along with new content that result in a new document that has unique semantic meaning."},{"code":"label","display":"label","definition":"The means used to associate a set of security attributes with a specific information object as part of the data structure for that object. [ISO-10181-3 Access Control]"}]}