{"resourceType":"CodeSystem","id":"goal-priority","meta":{"lastUpdated":"2019-10-24T11:53:00+11:00","profile":["http://hl7.org/fhir/StructureDefinition/shareablecodesystem"]},"extension":[{"url":"http://hl7.org/fhir/StructureDefinition/structuredefinition-ballot-status","valueString":"Informative"},{"url":"http://hl7.org/fhir/StructureDefinition/structuredefinition-fmm","valueInteger":2},{"url":"http://hl7.org/fhir/StructureDefinition/structuredefinition-wg","valueCode":"pc"}],"url":"http://hl7.org/fhir/goal-priority","identifier":{"system":"urn:ietf:rfc:3986","value":"urn:oid:2.16.840.1.113883.4.642.1.269"},"version":"3.0.2","name":"GoalPriority","status":"draft","experimental":true,"publisher":"HL7 International - Patient Care WG","contact":[{"telecom":[{"system":"url","value":"http://www.hl7.org/Special/committees/patientcare/"}]}],"description":"Indicates the level of importance associated with reaching or sustaining a goal.","caseSensitive":true,"valueSet":"http://hl7.org/fhir/ValueSet/goal-priority","content":"complete","concept":[{"code":"high-priority","display":"High Priority","definition":"Indicates that the goal is of considerable importance and should be a primary focus of care delivery."},{"code":"medium-priority","display":"Medium Priority","definition":"Indicates that the goal has a reasonable degree of importance and that concrete action should be taken towards the goal.  Attainment is not as critical as high-priority goals."},{"code":"low-priority","display":"Low Priority","definition":"The goal is desirable but is not sufficiently important to devote significant resources to.  Achievement of the goal may be sought when incidental to achieving other goals."}]}