{"resourceType":"CodeSystem","id":"v2-0206","meta":{"profile":["http://hl7.org/fhir/StructureDefinition/shareablecodesystem"]},"extension":[{"url":"http://hl7.org/fhir/StructureDefinition/structuredefinition-ballot-status","valueString":"External"},{"url":"http://hl7.org/fhir/StructureDefinition/structuredefinition-fmm","valueInteger":0}],"url":"http://hl7.org/fhir/v2/0206","identifier":{"system":"urn:ietf:rfc:3986","value":"urn:oid:2.16.840.1.113883.18.111"},"version":"2.8.2","name":"v2 Segment Action Code","status":"active","experimental":false,"publisher":"HL7, Inc","contact":[{"telecom":[{"system":"url","value":"http://hl7.org"}]}],"description":"FHIR Value set/code system definition for HL7 v2 table 0206 ( Segment Action Code)","caseSensitive":false,"valueSet":"http://hl7.org/fhir/ValueSet/v2-0206","content":"complete","concept":[{"code":"A","display":"Add/Insert","designation":[{"language":"de","value":"Einfügen"},{"language":"nl","value":"Toevoegen/invoegen"}]},{"code":"D","display":"Delete","designation":[{"language":"de","value":"Löschen/Stornieren"},{"language":"nl","value":"Verwijderen"}]},{"code":"U","display":"Update","designation":[{"language":"de","value":"Ändern"},{"language":"nl","value":"Updaten"}]},{"code":"X","display":"No Change","designation":[{"language":"nl","value":"Geen wijziging"}]}]}