{"resourceType":"CodeSystem","id":"coverage-level","meta":{"lastUpdated":"2019-10-24T11:53:00+11:00","profile":["http://hl7.org/fhir/StructureDefinition/shareablecodesystem"]},"extension":[{"url":"http://hl7.org/fhir/StructureDefinition/structuredefinition-ballot-status","valueString":"Informative"},{"url":"http://hl7.org/fhir/StructureDefinition/structuredefinition-fmm","valueInteger":0}],"url":"http://hl7.org/fhir/coverage-level","identifier":{"system":"urn:ietf:rfc:3986","value":"urn:oid:2.16.840.1.113883.4.642.1.518"},"version":"3.0.2","name":"Coverage Level Codes","status":"draft","experimental":true,"publisher":"Financial Management","contact":[{"telecom":[{"system":"url","value":"http://hl7.org/fhir"}]},{"telecom":[{"system":"url","value":"http://hl7.org/fhir"}]}],"description":"This value set includes sample Coverage Level codes.","copyright":"This is an example set.","caseSensitive":true,"valueSet":"http://hl7.org/fhir/ValueSet/coverage-level","content":"complete","concept":[{"code":"group","display":"Group","definition":"An employee group"},{"code":"subgroup","display":"SubGroup","definition":"A sub-group of an employee group"},{"code":"plan","display":"Plan","definition":"A specific suite of benefits."},{"code":"subplan","display":"SubPlan","definition":"A subset of a specific suite of benefits."},{"code":"class","display":"Class","definition":"A class of benefits."},{"code":"subclass","display":"SubClass","definition":"A subset of a class of benefits."}]}