{"resourceType":"CodeSystem","id":"service-uscls","meta":{"lastUpdated":"2019-10-24T11:53:00+11:00","profile":["http://hl7.org/fhir/StructureDefinition/shareablecodesystem"]},"extension":[{"url":"http://hl7.org/fhir/StructureDefinition/structuredefinition-ballot-status","valueString":"Informative"},{"url":"http://hl7.org/fhir/StructureDefinition/structuredefinition-fmm","valueInteger":1},{"url":"http://hl7.org/fhir/StructureDefinition/structuredefinition-wg","valueCode":"fm"}],"url":"http://hl7.org/fhir/ex-USCLS","identifier":{"system":"urn:ietf:rfc:3986","value":"urn:oid:2.16.840.1.113883.4.642.1.535"},"version":"3.0.2","name":"USCLS Codes","status":"draft","experimental":true,"publisher":"FHIR Project team","contact":[{"telecom":[{"system":"url","value":"http://hl7.org/fhir"}]}],"description":"This value set includes a smattering of USCLS codes.","copyright":"This is an example set.","caseSensitive":true,"valueSet":"http://hl7.org/fhir/ValueSet/service-uscls","content":"complete","concept":[{"code":"1101","display":"Exam, comp, primary","definition":"Exam, comp, primary"},{"code":"1102","display":"Exam, comp, mixed","definition":"Exam, comp, mixed"},{"code":"1103","display":"Exam, comp, permanent","definition":"Exam, comp, permanent"},{"code":"1201","display":"Exam, recall","definition":"Exam, recall"},{"code":"1205","display":"Exam, emergency","definition":"Exam, emergency"},{"code":"2101","display":"Radiograph, series (12)","definition":"Radiograph, series (12)"},{"code":"2102","display":"Radiograph, series (16)","definition":"Radiograph, series (16)"},{"code":"2141","display":"Radiograph, bytewing","definition":"Radiograph, bytewing"},{"code":"2601","display":"Radiograph, panoramic","definition":"Radiograph, panoramic"},{"code":"11101","display":"Polishing, 1 unit","definition":"Polishing, 1 unit"},{"code":"11102","display":"Polishing, 2 unit","definition":"Polishing, 2 unit"},{"code":"11103","display":"Polishing, 3 unit","definition":"Polishing, 3 unit"},{"code":"11104","display":"Polishing, 4 unit","definition":"Polishing, 4 unit"},{"code":"21211","display":"Amalgam, 1 surface","definition":"Amalgam, 1 surface"},{"code":"21212","display":"Amalgam, 2 surface","definition":"Amalgam, 2 surface"},{"code":"27211","display":"Crown, PFM","definition":"Crown, PFM"},{"code":"67211","display":"Maryland Bridge","definition":"Maryland Bridge"},{"code":"99111","display":"Lab, commercial","definition":"Lab, commercial"},{"code":"99333","display":"Lab, in office","definition":"Lab, in office"},{"code":"99555","display":"Expense","definition":"Expense"}]}