{"resourceType":"CodeSystem","id":"v2-0001","meta":{"profile":["http://hl7.org/fhir/StructureDefinition/shareablecodesystem"]},"extension":[{"url":"http://hl7.org/fhir/StructureDefinition/structuredefinition-ballot-status","valueString":"External"},{"url":"http://hl7.org/fhir/StructureDefinition/structuredefinition-fmm","valueInteger":0}],"url":"http://hl7.org/fhir/v2/0001","identifier":{"system":"urn:ietf:rfc:3986","value":"urn:oid:2.16.840.1.113883.18.2"},"version":"2.8.2","name":"v2 Administrative Sex","status":"active","experimental":false,"publisher":"HL7, Inc","contact":[{"telecom":[{"system":"url","value":"http://hl7.org"}]}],"description":"FHIR Value set/code system definition for HL7 v2 table 0001 ( Administrative Sex)","caseSensitive":false,"valueSet":"http://hl7.org/fhir/ValueSet/v2-0001","content":"complete","concept":[{"code":"A","display":"Ambiguous","designation":[{"language":"de","value":"mehrdeutig"},{"language":"nl","value":"Ambigu"}]},{"code":"F","display":"Female","designation":[{"language":"de","value":"weiblich"},{"language":"nl","value":"Vrouw"}]},{"code":"M","display":"Male","designation":[{"language":"de","value":"männlich"},{"language":"nl","value":"Man"}]},{"code":"N","display":"Not applicable","designation":[{"language":"de","value":"nicht zutreffend"},{"language":"nl","value":"Niet van toepassing"}]},{"code":"O","display":"Other","designation":[{"language":"de","value":"andere"},{"language":"nl","value":"Anders"}]},{"code":"U","display":"Unknown","designation":[{"language":"de","value":"unbekannt"},{"language":"nl","value":"Onbekend"}]}]}