{"resourceType":"CodeSystem","id":"device-statement-status","meta":{"lastUpdated":"2019-10-24T11:53:00+11:00"},"extension":[{"url":"http://hl7.org/fhir/StructureDefinition/structuredefinition-ballot-status","valueString":"Informative"},{"url":"http://hl7.org/fhir/StructureDefinition/structuredefinition-fmm","valueInteger":0},{"url":"http://hl7.org/fhir/StructureDefinition/structuredefinition-wg","valueCode":"oo"}],"url":"http://hl7.org/fhir/device-statement-status","identifier":{"system":"urn:ietf:rfc:3986","value":"urn:oid:2.16.840.1.113883.4.642.1.204"},"version":"3.0.2","name":"DeviceUseStatementStatus","status":"draft","experimental":false,"date":"2019-10-24T11:53:00+11:00","publisher":"HL7 (FHIR Project)","contact":[{"telecom":[{"system":"url","value":"http://hl7.org/fhir"},{"system":"email","value":"fhir@lists.hl7.org"}]}],"description":"A coded concept indicating the current status of a the Device Usage","caseSensitive":true,"valueSet":"http://hl7.org/fhir/ValueSet/device-statement-status","content":"complete","concept":[{"code":"active","display":"Active","definition":"The device is still being used."},{"code":"completed","display":"Completed","definition":"The device is no longer being used."},{"code":"entered-in-error","display":"Entered in Error","definition":"The statement was recorded incorrectly."},{"code":"intended","display":"Intended","definition":"The device may be used at some time in the future."},{"code":"stopped","display":"Stopped","definition":"Actions implied by the statement have been permanently halted, before all of them occurred."},{"code":"on-hold","display":"On Hold","definition":"Actions implied by the statement have been temporarily halted, but are expected to continue later. May also be called \"suspended\"."}]}