{"resourceType":"CodeSystem","id":"sequence-type","meta":{"lastUpdated":"2019-10-24T11:53:00+11:00"},"extension":[{"url":"http://hl7.org/fhir/StructureDefinition/structuredefinition-ballot-status","valueString":"Informative"},{"url":"http://hl7.org/fhir/StructureDefinition/structuredefinition-fmm","valueInteger":1},{"url":"http://hl7.org/fhir/StructureDefinition/structuredefinition-wg","valueCode":"cg"}],"url":"http://hl7.org/fhir/sequence-type","identifier":{"system":"urn:ietf:rfc:3986","value":"urn:oid:2.16.840.1.113883.4.642.1.215"},"version":"3.0.2","name":"sequenceType","status":"draft","experimental":false,"date":"2019-10-24T11:53:00+11:00","publisher":"HL7 (FHIR Project)","contact":[{"telecom":[{"system":"url","value":"http://hl7.org/fhir"},{"system":"email","value":"fhir@lists.hl7.org"}]}],"description":"Type if a sequence -- DNA, RNA, or amino acid sequence","caseSensitive":true,"valueSet":"http://hl7.org/fhir/ValueSet/sequence-type","content":"complete","concept":[{"code":"aa","display":"AA Sequence","definition":"Amino acid sequence"},{"code":"dna","display":"DNA Sequence","definition":"DNA Sequence"},{"code":"rna","display":"RNA Sequence","definition":"RNA Sequence"}]}