{"resourceType":"CodeSystem","id":"action-participant-type","meta":{"lastUpdated":"2019-10-24T11:53:00+11:00"},"extension":[{"url":"http://hl7.org/fhir/StructureDefinition/structuredefinition-ballot-status","valueString":"Informative"},{"url":"http://hl7.org/fhir/StructureDefinition/structuredefinition-fmm","valueInteger":2},{"url":"http://hl7.org/fhir/StructureDefinition/structuredefinition-wg","valueCode":"cds"}],"url":"http://hl7.org/fhir/action-participant-type","identifier":{"system":"urn:ietf:rfc:3986","value":"urn:oid:2.16.840.1.113883.4.642.1.795"},"version":"3.0.2","name":"ActionParticipantType","status":"draft","experimental":false,"date":"2019-10-24T11:53:00+11:00","publisher":"HL7 (FHIR Project)","contact":[{"telecom":[{"system":"url","value":"http://hl7.org/fhir"},{"system":"email","value":"fhir@lists.hl7.org"}]}],"description":"The type of participant for the action","caseSensitive":true,"valueSet":"http://hl7.org/fhir/ValueSet/action-participant-type","content":"complete","concept":[{"code":"patient","display":"Patient","definition":"The participant is the patient under evaluation"},{"code":"practitioner","display":"Practitioner","definition":"The participant is a practitioner involved in the patient's care"},{"code":"related-person","display":"Related Person","definition":"The participant is a person related to the patient"}]}