{"resourceType":"CodeSystem","id":"operation-kind","meta":{"lastUpdated":"2019-10-24T11:53:00+11:00"},"extension":[{"url":"http://hl7.org/fhir/StructureDefinition/structuredefinition-ballot-status","valueString":"Informative"},{"url":"http://hl7.org/fhir/StructureDefinition/structuredefinition-fmm","valueInteger":4},{"url":"http://hl7.org/fhir/StructureDefinition/structuredefinition-wg","valueCode":"fhir"}],"url":"http://hl7.org/fhir/operation-kind","identifier":{"system":"urn:ietf:rfc:3986","value":"urn:oid:2.16.840.1.113883.4.642.1.500"},"version":"3.0.2","name":"OperationKind","status":"draft","experimental":false,"date":"2019-10-24T11:53:00+11:00","publisher":"HL7 (FHIR Project)","contact":[{"telecom":[{"system":"url","value":"http://hl7.org/fhir"},{"system":"email","value":"fhir@lists.hl7.org"}]}],"description":"Whether an operation is a normal operation or a query.","caseSensitive":true,"valueSet":"http://hl7.org/fhir/ValueSet/operation-kind","content":"complete","concept":[{"code":"operation","display":"Operation","definition":"This operation is invoked as an operation."},{"code":"query","display":"Query","definition":"This operation is a named query, invoked using the search mechanism."}]}