{"resourceType":"CodeSystem","id":"usage-context-type","meta":{"lastUpdated":"2019-10-24T11:53:00+11:00"},"extension":[{"url":"http://hl7.org/fhir/StructureDefinition/structuredefinition-ballot-status","valueString":"Informative"},{"url":"http://hl7.org/fhir/StructureDefinition/structuredefinition-fmm","valueInteger":0},{"url":"http://hl7.org/fhir/StructureDefinition/structuredefinition-wg","valueCode":"fhir"}],"url":"http://hl7.org/fhir/usage-context-type","identifier":{"system":"urn:ietf:rfc:3986","value":"urn:oid:2.16.840.1.113883.4.642.1.95"},"version":"3.0.2","name":"UsageContextType","status":"draft","experimental":false,"date":"2019-10-24T11:53:00+11:00","publisher":"HL7 (FHIR Project)","contact":[{"telecom":[{"system":"url","value":"http://hl7.org/fhir"},{"system":"email","value":"fhir@lists.hl7.org"}]}],"description":"A code that specifies a type of context being specified by a usage context","caseSensitive":true,"valueSet":"http://hl7.org/fhir/ValueSet/usage-context-type","content":"complete","concept":[{"code":"gender","display":"Gender","definition":"The gender of the patient. For this context type, the value should be a code taken from the http://hl7.org/fhir/ValueSet/administrative-gender value set"},{"code":"age","display":"Age Range","definition":"The age of the patient. For this context type, the value should be a range the specifies the applicable ages or a code from the MeSH value set http://hl7.org/fhir/ValueSet/v3-AgeGroupObservationValue"},{"code":"focus","display":"Clinical Focus","definition":"The clinical concept(s) addressed by the artifact. For example, disease, diagnostic test interpretation, medication ordering as in http://hl7.org/fhir/ValueSet/condition-code."},{"code":"user","display":"User Type","definition":"The clinical specialty of the context in which the patient is being treated - For example, PCP, Patient, Cardiologist, Behavioral Professional, Oral Health Professional, Prescriber, etc... taken from the NUCC Health Care provider taxonomy value set http://hl7.org/fhir/ValueSet/provider-taxonomy."},{"code":"workflow","display":"Workflow Setting","definition":"The settings in which the artifact is intended for use. For example, admission, pre-op, etc. For example, the ActEncounterCode value set http://hl7.org/fhir/ValueSet/v3-ActEncounterCode"},{"code":"task","display":"Workflow Task","definition":"The context for the clinical task(s) represented by this artifact. Can be any task context represented by the HL7 ActTaskCode value set http://hl7.org/fhir/ValueSet/v3-ActTaskCode. General categories include: order entry, patient documentation and patient information review."},{"code":"venue","display":"Clinical Venue","definition":"The venue in which an artifact could be used. For example, Outpatient, Inpatient, Home, Nursing home. The code value may originate from either the HL7 ActEncounterCode http://hl7.org/fhir/ValueSet/v3-ActEncounterCode or NUCC non-individual provider codes http://hl7.org/fhir/ValueSet/provider-taxonomy"},{"code":"species","display":"Species","definition":"The species to which an artifact applies. For example, SNOMED - 387961004 | Kingdom Animalia (organism)."}]}