{"resourceType":"CodeSystem","id":"history-status","meta":{"lastUpdated":"2019-10-24T11:53:00+11:00"},"extension":[{"url":"http://hl7.org/fhir/StructureDefinition/structuredefinition-ballot-status","valueString":"Informative"},{"url":"http://hl7.org/fhir/StructureDefinition/structuredefinition-fmm","valueInteger":2},{"url":"http://hl7.org/fhir/StructureDefinition/structuredefinition-wg","valueCode":"pc"}],"url":"http://hl7.org/fhir/history-status","identifier":{"system":"urn:ietf:rfc:3986","value":"urn:oid:2.16.840.1.113883.4.642.1.263"},"version":"3.0.2","name":"FamilyHistoryStatus","status":"draft","experimental":false,"date":"2019-10-24T11:53:00+11:00","publisher":"HL7 (FHIR Project)","contact":[{"telecom":[{"system":"url","value":"http://hl7.org/fhir"},{"system":"email","value":"fhir@lists.hl7.org"}]}],"description":"A code that identifies the status of the family history record.","caseSensitive":true,"valueSet":"http://hl7.org/fhir/ValueSet/history-status","content":"complete","concept":[{"code":"partial","display":"Partial","definition":"Some health information is known and captured, but not complete - see notes for details."},{"code":"completed","display":"Completed","definition":"All available related health information is captured as of the date (and possibly time) when the family member history was taken."},{"code":"entered-in-error","display":"Entered in error","definition":"This instance should not have been part of this patient's medical record."},{"code":"health-unknown","display":"Health unknown","definition":"Health information for this individual is unavailable/unknown."}]}