{"resourceType":"CodeSystem","id":"v2-0201","meta":{"profile":["http://hl7.org/fhir/StructureDefinition/shareablecodesystem"]},"extension":[{"url":"http://hl7.org/fhir/StructureDefinition/structuredefinition-ballot-status","valueString":"External"},{"url":"http://hl7.org/fhir/StructureDefinition/structuredefinition-fmm","valueInteger":0}],"url":"http://hl7.org/fhir/v2/0201","identifier":{"system":"urn:ietf:rfc:3986","value":"urn:oid:2.16.840.1.113883.18.106"},"version":"2.8.2","name":"v2 Telecommunication Use Code","status":"active","experimental":false,"publisher":"HL7, Inc","contact":[{"telecom":[{"system":"url","value":"http://hl7.org"}]}],"description":"FHIR Value set/code system definition for HL7 v2 table 0201 ( Telecommunication Use Code)","caseSensitive":false,"valueSet":"http://hl7.org/fhir/ValueSet/v2-0201","content":"complete","concept":[{"code":"ASN","display":"Answering Service Number","designation":[{"language":"de","value":"Auftragsdienst"},{"language":"nl","value":"Antwoorddienstnummer"}]},{"extension":[{"url":"http://hl7.org/fhir/StructureDefinition/codesystem-comments","valueString":"Retained for backward compatibility as of v 2.6"}],"code":"BPN","display":"Beeper Number","designation":[{"language":"de","value":"Pagernummer (Cityruf o.ä.)"},{"language":"nl","value":"Beeper-nummer"}]},{"code":"EMR","display":"Emergency Number","designation":[{"language":"de","value":"Notfallnummer"},{"language":"nl","value":"Noodnummer"}]},{"extension":[{"url":"http://hl7.org/fhir/StructureDefinition/codesystem-comments","valueString":"Retained for backward compatibility as of v 2.6"}],"code":"NET","display":"Network (email) Address","designation":[{"language":"de","value":"Netzwerkadresse (E-Mail)"},{"language":"nl","value":"Netwerk (e-mail)adres"}]},{"code":"ORN","display":"Other Residence Number","designation":[{"language":"de","value":"Nebenwohnsitznummer"},{"language":"nl","value":"Ander privénummer"}]},{"code":"PRN","display":"Primary Residence Number","designation":[{"language":"de","value":"Hauptwohnsitznummer"},{"language":"nl","value":"Primair privénummer"}]},{"extension":[{"url":"http://hl7.org/fhir/StructureDefinition/codesystem-comments","valueString":"Not tied to a location or role"}],"code":"PRS","display":"Personal","designation":[{"language":"nl","value":"Persoonlijk"}]},{"code":"VHN","display":"Vacation Home Number","designation":[{"language":"de","value":"Ferienwohnsitznummer"},{"language":"nl","value":"Vakantie privénummer"}]},{"code":"WPN","display":"Work Number","designation":[{"language":"de","value":"Dienstnummer"},{"language":"nl","value":"Zakelijk nummer"}]}]}