{"resourceType":"CodeSystem","id":"v2-0136","meta":{"profile":["http://hl7.org/fhir/StructureDefinition/shareablecodesystem"]},"extension":[{"url":"http://hl7.org/fhir/StructureDefinition/structuredefinition-ballot-status","valueString":"External"},{"url":"http://hl7.org/fhir/StructureDefinition/structuredefinition-fmm","valueInteger":0}],"url":"http://hl7.org/fhir/v2/0136","identifier":{"system":"urn:ietf:rfc:3986","value":"urn:oid:2.16.840.1.113883.18.347"},"version":"2.8.2","name":"v2 Yes/no Indicator","status":"active","experimental":false,"publisher":"HL7, Inc","contact":[{"telecom":[{"system":"url","value":"http://hl7.org"}]}],"description":"FHIR Value set/code system definition for HL7 v2 table 0136 ( Yes/no Indicator)","caseSensitive":false,"valueSet":"http://hl7.org/fhir/ValueSet/v2-0136","content":"complete","concept":[{"code":"N","display":"No","designation":[{"language":"de","value":"Nein"},{"language":"nl","value":"Nee"}]},{"code":"Y","display":"Yes","designation":[{"language":"de","value":"Ja"},{"language":"nl","value":"Ja"}]}]}