{"resourceType":"CodeSystem","id":"v2-0162","meta":{"profile":["http://hl7.org/fhir/StructureDefinition/shareablecodesystem"]},"extension":[{"url":"http://hl7.org/fhir/StructureDefinition/structuredefinition-ballot-status","valueString":"External"},{"url":"http://hl7.org/fhir/StructureDefinition/structuredefinition-fmm","valueInteger":0}],"url":"http://hl7.org/fhir/v2/0162","identifier":{"system":"urn:ietf:rfc:3986","value":"urn:oid:2.16.840.1.113883.18.80"},"version":"2.8.2","name":"v2 Route of Administration","status":"active","experimental":false,"publisher":"HL7, Inc","contact":[{"telecom":[{"system":"url","value":"http://hl7.org"}]}],"description":"FHIR Value set/code system definition for HL7 v2 table 0162 ( Route of Administration)","caseSensitive":false,"valueSet":"http://hl7.org/fhir/ValueSet/v2-0162","content":"complete","concept":[{"code":"AP","display":"Apply Externally","designation":[{"language":"de","value":"Externe Applikation"},{"language":"nl","value":"Uitwendig gebruik"}]},{"code":"B","display":"Buccal","designation":[{"language":"de","value":"buccal"},{"language":"nl","value":"Wang"}]},{"code":"DT","display":"Dental","designation":[{"language":"de","value":"dental"},{"language":"nl","value":"Dentaal"}]},{"code":"EP","display":"Epidural","designation":[{"language":"de","value":"epidural"},{"language":"nl","value":"Epiduraal"}]},{"extension":[{"url":"http://hl7.org/fhir/StructureDefinition/codesystem-comments","valueString":"used primarily for respiratory therapy and anesthesia delivery"}],"code":"ET","display":"Endotrachial Tube*","designation":[{"language":"de","value":"endotrachialer Schlauch (insbes.f.respirat.Ther.+Anästh.)"},{"language":"nl","value":"Endotrachiale sonde*"}]},{"code":"GTT","display":"Gastrostomy Tube","designation":[{"language":"de","value":"Magenschlauch"},{"language":"nl","value":"Maagsonde"}]},{"code":"GU","display":"GU Irrigant","designation":[{"language":"de","value":"Magenspülung"},{"language":"nl","value":"GU Irrigatiemiddel"}]},{"code":"IA","display":"Intra-arterial","designation":[{"language":"de","value":"Intraarteriell"},{"language":"nl","value":"Intra-arteriaal"}]},{"code":"IB","display":"Intrabursal","designation":[{"language":"de","value":"Intrabursal"},{"language":"nl","value":"Intrabursaal"}]},{"code":"IC","display":"Intracardiac","designation":[{"language":"de","value":"Intracardial"},{"language":"nl","value":"Intracardiaal"}]},{"code":"ICV","display":"Intracervical (uterus)","designation":[{"language":"de","value":"Intracervikal (Uterus)"},{"language":"nl","value":"Intracervicaal (uterus)"}]},{"code":"ID","display":"Intradermal","designation":[{"language":"de","value":"Intradermal"},{"language":"nl","value":"Intradermaal"}]},{"code":"IH","display":"Inhalation","designation":[{"language":"de","value":"Inhalation"},{"language":"nl","value":"Inhalatie"}]},{"code":"IHA","display":"Intrahepatic Artery","designation":[{"language":"nl","value":"Intrahepatische ader"}]},{"code":"IM","display":"Intramuscular","designation":[{"language":"de","value":"Intramuskulär"},{"language":"nl","value":"Intramusculair"}]},{"code":"IMR","display":"Immerse (Soak) Body Part","designation":[{"language":"nl","value":"Dompel (Week) lichaamsdeel"}]},{"code":"IN","display":"Intranasal","designation":[{"language":"de","value":"Intranasal"},{"language":"nl","value":"Intranasaal"}]},{"code":"IO","display":"Intraocular","designation":[{"language":"de","value":"Intraokular"},{"language":"nl","value":"Intraoculair"}]},{"code":"IP","display":"Intraperitoneal","designation":[{"language":"de","value":"Intraperitoneal"},{"language":"nl","value":"Intraperitoneaal"}]},{"code":"IS","display":"Intrasynovial","designation":[{"language":"de","value":"Intrasynovial"},{"language":"nl","value":"Intrasynoviaal"}]},{"code":"IT","display":"Intrathecal","designation":[{"language":"de","value":"Intrathekal"},{"language":"nl","value":"Intrathecaal"}]},{"code":"IU","display":"Intrauterine","designation":[{"language":"nl","value":"Intra-uterine"}]},{"code":"IV","display":"Intravenous","designation":[{"language":"de","value":"Intravenös"},{"language":"nl","value":"Intraveneus"}]},{"code":"MM","display":"Mucous Membrane","designation":[{"language":"de","value":"Mukosamembran"},{"language":"nl","value":"Slijmvlies"}]},{"code":"MTH","display":"Mouth/Throat","designation":[{"language":"nl","value":"Mond/keel"}]},{"code":"NG","display":"Nasogastric","designation":[{"language":"de","value":"Nasogastral"},{"language":"nl","value":"Nasogastrisch"}]},{"extension":[{"url":"http://hl7.org/fhir/StructureDefinition/codesystem-comments","valueString":"used primarily for respiratory therapy and anesthesia delivery"}],"code":"NP","display":"Nasal Prongs*","designation":[{"language":"de","value":"Nasenklemme (insbes.f.respirat.Ther.+Anästh.)"},{"language":"nl","value":"Neuskap*"}]},{"code":"NS","display":"Nasal","designation":[{"language":"de","value":"Nasal"},{"language":"nl","value":"Nasaal"}]},{"code":"NT","display":"Nasotrachial Tube","designation":[{"language":"nl","value":"Neussonde"}]},{"code":"OP","display":"Ophthalmic","designation":[{"language":"de","value":"In das Auge"},{"language":"nl","value":"Oculair"}]},{"code":"OT","display":"Otic","designation":[{"language":"de","value":"In das Ohr"},{"language":"nl","value":"Auriculair"}]},{"code":"OTH","display":"Other/Miscellaneous","designation":[{"language":"nl","value":"Anders/overig"}]},{"code":"PF","display":"Perfusion","designation":[{"language":"de","value":"Perfusion"},{"language":"nl","value":"Perfusie"}]},{"code":"PO","display":"Oral","designation":[{"language":"de","value":"Oral"},{"language":"nl","value":"Oraal"}]},{"code":"PR","display":"Rectal","designation":[{"language":"de","value":"Rektal"},{"language":"nl","value":"Rectaal"}]},{"extension":[{"url":"http://hl7.org/fhir/StructureDefinition/codesystem-comments","valueString":"used primarily for respiratory therapy and anesthesia delivery"}],"code":"RM","display":"Rebreather Mask*","designation":[{"language":"de","value":"Beatmungsmaske (insbes.f.respirat.Ther.+Anästh.)"},{"language":"nl","value":"Rebreather-masker*"}]},{"code":"SC","display":"Subcutaneous","designation":[{"language":"de","value":"Subkutan"},{"language":"nl","value":"Subcutaan"}]},{"code":"SD","display":"Soaked Dressing","designation":[{"language":"nl","value":"Verzadigde dressing"}]},{"code":"SL","display":"Sublingual","designation":[{"language":"de","value":"Sublingual"},{"language":"nl","value":"Sublinguaal"}]},{"code":"TD","display":"Transdermal","designation":[{"language":"de","value":"Transdermal"},{"language":"nl","value":"Transdermaal"}]},{"code":"TL","display":"Translingual","designation":[{"language":"de","value":"Translingual"},{"language":"nl","value":"Translinguaal"}]},{"code":"TP","display":"Topical","designation":[{"language":"de","value":"Lokal"},{"language":"nl","value":"Topicaal"}]},{"extension":[{"url":"http://hl7.org/fhir/StructureDefinition/codesystem-comments","valueString":"used primarily for respiratory therapy and anesthesia delivery"}],"code":"TRA","display":"Tracheostomy*","designation":[{"language":"de","value":"Tracheostomie (insbes.f.respirat.Ther.+Anästh.)"},{"language":"nl","value":"Tracheostomie*"}]},{"code":"UR","display":"Urethral","designation":[{"language":"de","value":"Urethral"},{"language":"nl","value":"Urethraal"}]},{"code":"VG","display":"Vaginal","designation":[{"language":"de","value":"Vaginal"},{"language":"nl","value":"Vaginaal"}]},{"code":"VM","display":"Ventimask","designation":[{"language":"nl","value":"Ventimasker"}]},{"code":"WND","display":"Wound","designation":[{"language":"nl","value":"Wond"}]}]}