{"resourceType":"CodeSystem","id":"diagnosis-role","meta":{"lastUpdated":"2019-10-24T11:53:00+11:00","profile":["http://hl7.org/fhir/StructureDefinition/shareablecodesystem"]},"extension":[{"url":"http://hl7.org/fhir/StructureDefinition/structuredefinition-ballot-status","valueString":"Informative"},{"url":"http://hl7.org/fhir/StructureDefinition/structuredefinition-fmm","valueInteger":2},{"url":"http://hl7.org/fhir/StructureDefinition/structuredefinition-wg","valueCode":"pa"}],"url":"http://hl7.org/fhir/diagnosis-role","identifier":{"system":"urn:ietf:rfc:3986","value":"urn:oid:2.16.840.1.113883.4.642.1.49"},"version":"3.0.2","name":"DiagnosisRole","status":"draft","experimental":true,"publisher":"FHIR Project team","contact":[{"telecom":[{"system":"url","value":"http://hl7.org/fhir"}]}],"description":"This value set defines a set of codes that can be used to express the role of a diagnosis on the Encounter or EpisodeOfCare record.","caseSensitive":true,"valueSet":"http://hl7.org/fhir/ValueSet/diagnosis-role","content":"complete","concept":[{"code":"AD","display":"Admission diagnosis"},{"code":"DD","display":"Discharge diagnosis"},{"code":"CC","display":"Chief complaint"},{"code":"CM","display":"Comorbidity diagnosis"},{"code":"pre-op","display":"pre-op diagnosis"},{"code":"post-op","display":"post-op diagnosis"},{"code":"billing","display":"Billing"}]}