{"resourceType":"CodeSystem","id":"v2-0164","meta":{"profile":["http://hl7.org/fhir/StructureDefinition/shareablecodesystem"]},"extension":[{"url":"http://hl7.org/fhir/StructureDefinition/structuredefinition-ballot-status","valueString":"External"},{"url":"http://hl7.org/fhir/StructureDefinition/structuredefinition-fmm","valueInteger":0}],"url":"http://hl7.org/fhir/v2/0164","identifier":{"system":"urn:ietf:rfc:3986","value":"urn:oid:2.16.840.1.113883.18.82"},"version":"2.8.2","name":"v2 Administration Device","status":"active","experimental":false,"publisher":"HL7, Inc","contact":[{"telecom":[{"system":"url","value":"http://hl7.org"}]}],"description":"FHIR Value set/code system definition for HL7 v2 table 0164 ( Administration Device)","caseSensitive":false,"valueSet":"http://hl7.org/fhir/ValueSet/v2-0164","content":"complete","concept":[{"code":"AP","display":"Applicator","designation":[{"language":"de","value":"Applikator"},{"language":"nl","value":"Applicator"}]},{"code":"BT","display":"Buretrol","designation":[{"language":"nl","value":"Buretrol"}]},{"code":"HL","display":"Heparin Lock","designation":[{"language":"de","value":"Infusionskanüle"},{"language":"nl","value":"Heprine lock"}]},{"code":"IPPB","display":"IPPB","designation":[{"language":"de","value":"Intermittierende Überdruckbeatmung"},{"language":"nl","value":"Intermittent positive pressure breathing"}]},{"code":"IVP","display":"IV Pump","designation":[{"language":"de","value":"Perfusor"},{"language":"nl","value":"Infuuspomp"}]},{"code":"IVS","display":"IV Soluset","designation":[{"language":"de","value":"Infusionsbesteck"},{"language":"nl","value":"Infuus soluset"}]},{"code":"MI","display":"Metered Inhaler","designation":[{"language":"de","value":"Inhalator"},{"language":"nl","value":"Dosis-inhalator"}]},{"code":"NEB","display":"Nebulizer","designation":[{"language":"de","value":"Vernebler"},{"language":"nl","value":"Vernevelaar"}]},{"code":"PCA","display":"PCA Pump","designation":[{"language":"de","value":"Patientengesteuerte Analgesiepumpe"},{"language":"nl","value":"PCA-pomp"}]}]}