{"resourceType":"CodeSystem","id":"fm-itemtype","meta":{"lastUpdated":"2019-10-24T11:53:00+11:00","profile":["http://hl7.org/fhir/StructureDefinition/shareablecodesystem"]},"extension":[{"url":"http://hl7.org/fhir/StructureDefinition/structuredefinition-ballot-status","valueString":"Informative"},{"url":"http://hl7.org/fhir/StructureDefinition/structuredefinition-fmm","valueInteger":0}],"url":"http://hl7.org/fhir/ex-claimitemtype","identifier":{"system":"urn:ietf:rfc:3986","value":"urn:oid:2.16.840.1.113883.4.642.1.541"},"version":"3.0.2","name":"Claim Item Type Codes","status":"draft","experimental":true,"publisher":"Financial Management","contact":[{"telecom":[{"system":"url","value":"http://hl7.org/fhir"}]}],"description":"This value set includes sample Item Type codes.","copyright":"This is an example set.","caseSensitive":true,"valueSet":"http://hl7.org/fhir/ValueSet/fm-itemtype","content":"complete","concept":[{"code":"group","display":"Group","definition":"A group of products and/or Services, amount ar the summary or detail level products and services."},{"code":"product","display":"Product","definition":"A billed product line item."},{"code":"service","display":"Service","definition":"A billed service line item."}]}