{"resourceType":"CodeSystem","id":"concept-properties","meta":{"lastUpdated":"2019-10-24T11:53:00+11:00"},"extension":[{"url":"http://hl7.org/fhir/StructureDefinition/structuredefinition-ballot-status","valueString":"Informative"},{"url":"http://hl7.org/fhir/StructureDefinition/structuredefinition-fmm","valueInteger":0}],"url":"http://hl7.org/fhir/concept-properties","name":"FHIR Defined Concept Properties","status":"draft","publisher":"FHIR Project","description":"A set of common concept properties for use on coded systems through out the FHIR eco-system.","caseSensitive":true,"valueSet":"http://hl7.org/fhir/ValueSet/concept-properties","content":"complete","concept":[{"code":"inactive","display":"Inactive","definition":"True if the concept is not considered active - e.g. not a valid concept any more. Property type is boolean, default value is false"},{"code":"deprecated","display":"Deprecated","definition":"The date at which a concept was deprecated. Concepts that are deprecated but not inactive can still be used, but their use is discouraged, and they should be expected to be made inactive in a future release. Property type is dateTime"},{"code":"notSelectable","display":"Not Selectable","definition":"The concept is not intended to be chosen by the user - only intended to be used as a selector for other concepts. Note, though, that the interpretation of this is highly contextual; all concepts are selectable in some context. Property type is boolean, default value is false"},{"code":"parent","display":"Parent","definition":"The concept identified in this property is a parent of the concept on which it is a property. The property type will be 'code'. The meaning of 'parent' is defined by the hierarchyMeaning attribute"},{"code":"child","display":"Child","definition":"The concept identified in this property is a child of the concept on which it is a property. The property type will be 'code'. The meaning of 'child' is defined by the hierarchyMeaning attribute"}]}