{"resourceType":"CodeSystem","id":"icd-10-procedures","meta":{"lastUpdated":"2019-10-24T11:53:00+11:00","profile":["http://hl7.org/fhir/StructureDefinition/shareablecodesystem"]},"extension":[{"url":"http://hl7.org/fhir/StructureDefinition/structuredefinition-wg","valueCode":"fm"},{"url":"http://hl7.org/fhir/StructureDefinition/structuredefinition-ballot-status","valueString":"Draft"},{"url":"http://hl7.org/fhir/StructureDefinition/structuredefinition-fmm","valueInteger":1}],"url":"http://hl7.org/fhir/sid/ex-icd-10-procedures","identifier":{"system":"urn:ietf:rfc:3986","value":"urn:oid:2.16.840.1.113883.4.642.1.567"},"version":"3.0.2","name":"ICD-10 Procedure Codes","status":"draft","experimental":true,"publisher":"Financial Management","contact":[{"telecom":[{"system":"url","value":"http://hl7.org/fhir"}]}],"description":"This value set includes sample ICD-10 Procedure codes.","copyright":"This is an example set.","caseSensitive":true,"valueSet":"http://hl7.org/fhir/ValueSet/icd-10-procedures","content":"complete","concept":[{"code":"123001","display":"PROC-1","definition":"Procedure 1"},{"code":"123002","display":"PROC-2","definition":"Procedure 2"},{"code":"123003","display":"PROC-3","definition":"Procedure 3"}]}