{"resourceType":"CodeSystem","id":"communication-category","meta":{"lastUpdated":"2019-10-24T11:53:00+11:00"},"extension":[{"url":"http://hl7.org/fhir/StructureDefinition/structuredefinition-ballot-status","valueString":"Informative"},{"url":"http://hl7.org/fhir/StructureDefinition/structuredefinition-fmm","valueInteger":1},{"url":"http://hl7.org/fhir/StructureDefinition/structuredefinition-wg","valueCode":"pc"}],"url":"http://hl7.org/fhir/communication-category","identifier":{"system":"urn:ietf:rfc:3986","value":"urn:oid:2.16.840.1.113883.4.642.1.163"},"version":"3.0.2","name":"CommunicationCategory","status":"draft","experimental":false,"date":"2019-10-24T11:53:00+11:00","publisher":"HL7 (FHIR Project)","contact":[{"telecom":[{"system":"url","value":"http://hl7.org/fhir"},{"system":"email","value":"fhir@lists.hl7.org"}]}],"description":"Codes for general categories of communications such as alerts, instruction, etc.","caseSensitive":true,"valueSet":"http://hl7.org/fhir/ValueSet/communication-category","content":"complete","concept":[{"code":"alert","display":"Alert","definition":"The communication conveys an alert."},{"code":"notification","display":"Notification","definition":"The communication conveys a notification."},{"code":"reminder","display":"Reminder","definition":"The communication conveys a reminder."},{"code":"instruction","display":"Instruction","definition":"The communication conveys instruction."}]}