{"resourceType":"CodeSystem","id":"v2-0065","meta":{"profile":["http://hl7.org/fhir/StructureDefinition/shareablecodesystem"]},"extension":[{"url":"http://hl7.org/fhir/StructureDefinition/structuredefinition-ballot-status","valueString":"External"},{"url":"http://hl7.org/fhir/StructureDefinition/structuredefinition-fmm","valueInteger":0}],"url":"http://hl7.org/fhir/v2/0065","identifier":{"system":"urn:ietf:rfc:3986","value":"urn:oid:2.16.840.1.113883.18.25"},"version":"2.8.2","name":"v2 Specimen Action Code","status":"active","experimental":false,"publisher":"HL7, Inc","contact":[{"telecom":[{"system":"url","value":"http://hl7.org"}]}],"description":"FHIR Value set/code system definition for HL7 v2 table 0065 ( Specimen Action Code)","caseSensitive":false,"valueSet":"http://hl7.org/fhir/ValueSet/v2-0065","content":"complete","property":[{"code":"deprecated","uri":"http://hl7.org/fhir/concept-properties#deprecated","description":"The date at which a concept was deprecated. Concepts that are deprecated but not inactive can still be used, but their use is discouraged","type":"dateTime"}],"concept":[{"code":"A","display":"Add ordered tests to the existing specimen","designation":[{"language":"de","value":"Zusätzliche Tests zur vorhandenen Probe"},{"language":"nl","value":"Voeg gevraagde tests toe aan bestaande monster"}]},{"code":"C","display":"Cancel order for battery or tests named","designation":[{"language":"de","value":"Stornoauftrag zu bekannter Probe"},{"language":"nl","value":"Annuleer aanvraag voor genoemde battery of tests"}],"property":[{"code":"deprecated","valueDateTime":"1990-01"}]},{"code":"G","display":"Generated order; reflex order","designation":[{"language":"de","value":"Nachgeordneter Auftrag / Auftrag als Reaktion auf Untersuchungsergebnis"},{"language":"nl","value":"Gegenereerde aanvraag / reflexaanvraag"}]},{"code":"L","display":"Lab to obtain specimen from patient","designation":[{"language":"de","value":"Holauftrag für Labor"},{"language":"nl","value":"Lab verzamelt monster van patiënt"}]},{"code":"O","display":"Specimen obtained by service other than Lab","designation":[{"language":"de","value":"Probe wird / wurde mit dem Auftrag zur Verfügung gestellt"},{"language":"nl","value":"Monster wordt afgenomen door een service anders dan het Lab"}]},{"code":"P","display":"Pending specimen; Order sent prior to delivery","designation":[{"language":"de","value":"Probe steht noch aus - Auftrag liegt schon vor"},{"language":"nl","value":"Wachtend op monster - Aanvraag gestuurd voorafgaand aan levering"}]},{"code":"R","display":"Revised order","designation":[{"language":"de","value":"Geänderter Auftrag"},{"language":"nl","value":"Herziene aanvraag"}]},{"code":"S","display":"Schedule the tests specified below","designation":[{"language":"de","value":"Spezifizierte Untersuchungen einplanen"},{"language":"nl","value":"Plan de tests zoals hieronder gespecificeerd"}]}]}