{"resourceType":"CodeSystem","id":"v2-0108","meta":{"profile":["http://hl7.org/fhir/StructureDefinition/shareablecodesystem"]},"extension":[{"url":"http://hl7.org/fhir/StructureDefinition/structuredefinition-ballot-status","valueString":"External"},{"url":"http://hl7.org/fhir/StructureDefinition/structuredefinition-fmm","valueInteger":0}],"url":"http://hl7.org/fhir/v2/0108","identifier":{"system":"urn:ietf:rfc:3986","value":"urn:oid:2.16.840.1.113883.18.45"},"version":"2.8.2","name":"v2 Query results level","status":"active","experimental":false,"publisher":"HL7, Inc","contact":[{"telecom":[{"system":"url","value":"http://hl7.org"}]}],"description":"FHIR Value set/code system definition for HL7 v2 table 0108 ( Query results level)","caseSensitive":false,"valueSet":"http://hl7.org/fhir/ValueSet/v2-0108","content":"complete","property":[{"code":"deprecated","uri":"http://hl7.org/fhir/concept-properties#deprecated","description":"The date at which a concept was deprecated. Concepts that are deprecated but not inactive can still be used, but their use is discouraged","type":"dateTime"}],"concept":[{"code":"O","display":"Order plus order status","designation":[{"language":"de","value":"Auftrag und Auftragsstatus"},{"language":"nl","value":"Aanvraag plus aanvragstatus"}],"property":[{"code":"deprecated","valueDateTime":"2007-10"}]},{"code":"R","display":"Results without bulk text","designation":[{"language":"de","value":"Ergebnisse / Befunde ohne umfänglichen Text"},{"language":"nl","value":"Resultaten zonder bulktest"}],"property":[{"code":"deprecated","valueDateTime":"2007-10"}]},{"code":"S","display":"Status only","designation":[{"language":"de","value":"nur Statusinformation"},{"language":"nl","value":"Alleen status"}],"property":[{"code":"deprecated","valueDateTime":"2007-10"}]},{"code":"T","display":"Full results","designation":[{"language":"de","value":"Komplette Ergebnisse / Befunde"},{"language":"nl","value":"Volledige resultaten"}],"property":[{"code":"deprecated","valueDateTime":"2007-10"}]}]}