{"resourceType":"CodeSystem","id":"questionnaire-usage-mode","meta":{"lastUpdated":"2019-10-24T11:53:00+11:00"},"extension":[{"url":"http://hl7.org/fhir/StructureDefinition/structuredefinition-ballot-status","valueString":"Informative"},{"url":"http://hl7.org/fhir/StructureDefinition/structuredefinition-fmm","valueInteger":0}],"url":"http://hl7.org/fhir/questionnaire-usage-mode","identifier":{"system":"urn:ietf:rfc:3986","value":"urn:oid:2.16.840.1.113883.4.642.1.855"},"version":"3.0.2","name":"QuestionnaireItemUsageMode","status":"draft","experimental":false,"date":"2019-10-24T11:53:00+11:00","publisher":"HL7 (FHIR Project)","contact":[{"telecom":[{"system":"url","value":"http://hl7.org/fhir"},{"system":"email","value":"fhir@lists.hl7.org"}]}],"description":"Identifies the modes of usage of a questionnaire that should enable a particular questionnaire item","caseSensitive":true,"valueSet":"http://hl7.org/fhir/ValueSet/questionnaire-usage-mode","content":"complete","concept":[{"code":"capture-display","display":"Capture & Display","definition":"Render the item regardless of usage mode"},{"code":"capture","display":"Capture Only","definition":"Render the item only when capturing data"},{"code":"display","display":"Display Only","definition":"Render the item only when displaying a completed form"},{"code":"display-non-empty","display":"Display when Answered","definition":"Render the item only when displaying a completed form and the item has been answered (or has child items that have been answered)"},{"code":"capture-display-non-empty","display":"Capture or, if answered, Display","definition":"Render the item when capturing data or when displaying a completed form and the item has been answered (or has child items that have been answered)"}]}