{"resourceType":"CodeSystem","id":"v2-0207","meta":{"profile":["http://hl7.org/fhir/StructureDefinition/shareablecodesystem"]},"extension":[{"url":"http://hl7.org/fhir/StructureDefinition/structuredefinition-ballot-status","valueString":"External"},{"url":"http://hl7.org/fhir/StructureDefinition/structuredefinition-fmm","valueInteger":0}],"url":"http://hl7.org/fhir/v2/0207","identifier":{"system":"urn:ietf:rfc:3986","value":"urn:oid:2.16.840.1.113883.18.112"},"version":"2.8.2","name":"v2 Processing Mode","status":"active","experimental":false,"publisher":"HL7, Inc","contact":[{"telecom":[{"system":"url","value":"http://hl7.org"}]}],"description":"FHIR Value set/code system definition for HL7 v2 table 0207 ( Processing Mode)","caseSensitive":false,"valueSet":"http://hl7.org/fhir/ValueSet/v2-0207","content":"complete","concept":[{"code":"A","display":"Archive","designation":[{"language":"nl","value":"Archiveren"}]},{"code":"I","display":"Initial load","designation":[{"language":"nl","value":"Initieel laden"}]},{"code":"Not present","display":"Not present (the default, meaning current  processing)","designation":[{"language":"nl","value":"Niet aanwezig"}]},{"code":"R","display":"Restore from archive","designation":[{"language":"nl","value":"Herstellen uit archief"}]},{"code":"T","display":"Current processing, transmitted at intervals (scheduled or on demand)","designation":[{"language":"nl","value":"Huidige verwerking, verstuurd op basis van intervallen (gepland of op aanvraag)"}]}]}