{"resourceType":"CodeSystem","id":"v2-0121","meta":{"profile":["http://hl7.org/fhir/StructureDefinition/shareablecodesystem"]},"extension":[{"url":"http://hl7.org/fhir/StructureDefinition/structuredefinition-ballot-status","valueString":"External"},{"url":"http://hl7.org/fhir/StructureDefinition/structuredefinition-fmm","valueInteger":0}],"url":"http://hl7.org/fhir/v2/0121","identifier":{"system":"urn:ietf:rfc:3986","value":"urn:oid:2.16.840.1.113883.18.49"},"version":"2.8.2","name":"v2 Response Flag","status":"active","experimental":false,"publisher":"HL7, Inc","contact":[{"telecom":[{"system":"url","value":"http://hl7.org"}]}],"description":"FHIR Value set/code system definition for HL7 v2 table 0121 ( Response Flag)","caseSensitive":false,"valueSet":"http://hl7.org/fhir/ValueSet/v2-0121","content":"complete","concept":[{"code":"D","display":"Same as R, also other associated segments","designation":[{"language":"de","value":"Wie R, zusätzlich Detail-Segmente (OBR usw.) von nachgeordneten und Ersatzaufträ"},{"language":"nl","value":"Zelfde als R, ook andere gekoppelde segmenten"}]},{"code":"E","display":"Report exceptions only","designation":[{"language":"de","value":"Nur OK oder Fehlercode nach Auftragsprüfung / -bearbeitung"},{"language":"nl","value":"Meld alleen uitzonderingen."}]},{"code":"F","display":"Same as D, plus confirmations explicitly","designation":[{"language":"de","value":"Wie D, zusätzlich ausdrückliche Bestätigungen"},{"language":"nl","value":"Zelfde als D, plus expliciete bevestigingen."}]},{"code":"N","display":"Only the MSA segment is returned","designation":[{"language":"de","value":"Nur Eingangsbestätigung"},{"language":"nl","value":"Alleen het MSA-segment wordt geretourneerd."}]},{"code":"R","display":"Same as E, also Replacement and Parent-Child","designation":[{"language":"de","value":"Wie E, zusätzlich ORC-Segmente von nachgeordneten und Ersatzaufträgen"},{"language":"nl","value":"Zelfde als E, ook Vervanging en Parent-Child"}]}]}