{"resourceType":"CodeSystem","id":"v2-0009","meta":{"profile":["http://hl7.org/fhir/StructureDefinition/shareablecodesystem"]},"extension":[{"url":"http://hl7.org/fhir/StructureDefinition/structuredefinition-ballot-status","valueString":"External"},{"url":"http://hl7.org/fhir/StructureDefinition/structuredefinition-fmm","valueInteger":0}],"url":"http://hl7.org/fhir/v2/0009","identifier":{"system":"urn:ietf:rfc:3986","value":"urn:oid:2.16.840.1.113883.18.11"},"version":"2.8.2","name":"v2 Ambulatory Status","status":"active","experimental":false,"publisher":"HL7, Inc","contact":[{"telecom":[{"system":"url","value":"http://hl7.org"}]}],"description":"FHIR Value set/code system definition for HL7 v2 table 0009 ( Ambulatory Status)","caseSensitive":false,"valueSet":"http://hl7.org/fhir/ValueSet/v2-0009","content":"complete","concept":[{"code":"A0","display":"No functional limitations","designation":[{"language":"de","value":"Keine funktionalen Einschränkungen"},{"language":"nl","value":"Geen functionele beperkingen"}]},{"code":"A1","display":"Ambulates with assistive device","designation":[{"language":"de","value":"Patient benötigt Hilfsmittel"},{"language":"nl","value":"Loopt met ondersteunend middel"}]},{"code":"A2","display":"Wheelchair/stretcher bound","designation":[{"language":"de","value":"Rollstuhl / Trage notwendig"},{"language":"nl","value":"Gebonden aan rolstoel/stretcher"}]},{"code":"A3","display":"Comatose; non-responsive","designation":[{"language":"de","value":"Komatös; nicht ansprechbar"},{"language":"nl","value":"Comateus; niet-responsief"}]},{"code":"A4","display":"Disoriented","designation":[{"language":"de","value":"Desorientiert"},{"language":"nl","value":"Gedesoriënteerd"}]},{"code":"A5","display":"Vision impaired","designation":[{"language":"de","value":"Sehstörung"},{"language":"nl","value":"Visueel beperkt"}]},{"code":"A6","display":"Hearing impaired","designation":[{"language":"de","value":"Schwerhörigkeit"},{"language":"nl","value":"Auditief beperkt"}]},{"code":"A7","display":"Speech impaired","designation":[{"language":"de","value":"Sprachstörung"},{"language":"nl","value":"Spraak beperkt"}]},{"code":"A8","display":"Non-English speaking","designation":[{"language":"de","value":"der Landessprache nicht mächtig"},{"language":"nl","value":"Niet-Engelssprekend"}]},{"code":"A9","display":"Functional level unknown","designation":[{"language":"de","value":"Unbekannter Zustand"},{"language":"nl","value":"Functioneel niveau onbekend"}]},{"code":"B1","display":"Oxygen therapy","designation":[{"language":"de","value":"Sauerstofftherapie"},{"language":"nl","value":"Zuurstoftherapie"}]},{"code":"B2","display":"Special equipment (tubes, IVs, catheters)","designation":[{"language":"de","value":"Besondere Hilsfmittel"},{"language":"nl","value":"Speciale middelen (slangen, infuzen, catethers)"}]},{"code":"B3","display":"Amputee","designation":[{"language":"de","value":"Amputation"},{"language":"nl","value":"Amputatie"}]},{"code":"B4","display":"Mastectomy","designation":[{"language":"de","value":"Brustamputation"},{"language":"nl","value":"Mastectomie"}]},{"code":"B5","display":"Paraplegic","designation":[{"language":"de","value":"(Querschnitt-) Lähmung"},{"language":"nl","value":"Dwarslaesie"}]},{"code":"B6","display":"Pregnant","designation":[{"language":"de","value":"Schwanger"},{"language":"nl","value":"Zwanger"}]}]}