{"resourceType":"CodeSystem","id":"testscript-profile-destination-types","meta":{"lastUpdated":"2019-10-24T11:53:00+11:00","profile":["http://hl7.org/fhir/StructureDefinition/shareablecodesystem"]},"extension":[{"url":"http://hl7.org/fhir/StructureDefinition/structuredefinition-ballot-status","valueString":"Informative"},{"url":"http://hl7.org/fhir/StructureDefinition/structuredefinition-fmm","valueInteger":2},{"url":"http://hl7.org/fhir/StructureDefinition/structuredefinition-wg","valueCode":"fhir"}],"url":"http://hl7.org/fhir/testscript-profile-destination-types","identifier":{"system":"urn:ietf:rfc:3986","value":"urn:oid:2.16.840.1.113883.4.642.1.703"},"version":"3.0.2","name":"TestScriptProfileDestinationType","status":"draft","experimental":true,"publisher":"FHIR Project team","contact":[{"telecom":[{"system":"url","value":"http://hl7.org/fhir"}]}],"description":"This value set defines a set of codes that are used to indicate the profile type of a test system when acting as the destination within a TestScript.","caseSensitive":true,"valueSet":"http://hl7.org/fhir/ValueSet/testscript-profile-destination-types","content":"complete","concept":[{"code":"FHIR-Server","display":"FHIR Server","definition":"General FHIR server used to respond to operations sent from a FHIR client."},{"code":"FHIR-SDC-FormManager","display":"FHIR SDC FormManager","definition":"A FHIR server acting as a Structured Data Capture Form Manager."},{"code":"FHIR-SDC-FormProcessor","display":"FHIR SDC FormProcessor","definition":"A FHIR server acting as a Structured Data Capture Form Processor."},{"code":"FHIR-SDC-FormReceiver","display":"FHIR SDC FormReceiver","definition":"A FHIR server acting as a Structured Data Capture Form Receiver."}]}