{"resourceType":"CodeSystem","id":"v2-0165","meta":{"profile":["http://hl7.org/fhir/StructureDefinition/shareablecodesystem"]},"extension":[{"url":"http://hl7.org/fhir/StructureDefinition/structuredefinition-ballot-status","valueString":"External"},{"url":"http://hl7.org/fhir/StructureDefinition/structuredefinition-fmm","valueInteger":0}],"url":"http://hl7.org/fhir/v2/0165","identifier":{"system":"urn:ietf:rfc:3986","value":"urn:oid:2.16.840.1.113883.18.83"},"version":"2.8.2","name":"v2 Administration Method","status":"active","experimental":false,"publisher":"HL7, Inc","contact":[{"telecom":[{"system":"url","value":"http://hl7.org"}]}],"description":"FHIR Value set/code system definition for HL7 v2 table 0165 ( Administration Method)","caseSensitive":false,"valueSet":"http://hl7.org/fhir/ValueSet/v2-0165","content":"complete","concept":[{"code":"CH","display":"Chew","designation":[{"language":"de","value":"Kauen"},{"language":"nl","value":"Kauwen"}]},{"code":"DI","display":"Dissolve","designation":[{"language":"de","value":"Auflösen"},{"language":"nl","value":"Oplossen"}]},{"code":"DU","display":"Dust","designation":[{"language":"de","value":"Zerstäuben"},{"language":"nl","value":"Poeder"}]},{"code":"IF","display":"Infiltrate","designation":[{"language":"de","value":"Infiltrieren"},{"language":"nl","value":"Infiltratie"}]},{"code":"IR","display":"Irrigate","designation":[{"language":"de","value":"Spülen"},{"language":"nl","value":"Irrigeren"}]},{"code":"IS","display":"Insert","designation":[{"language":"de","value":"Einfügen / einsetzen"},{"language":"nl","value":"Inbrengen"}]},{"code":"IVP","display":"IV Push","designation":[{"language":"de","value":"Intravenöse Spritze"},{"language":"nl","value":"Infuusinjectie"}]},{"code":"IVPB","display":"IV Piggyback","designation":[{"language":"de","value":"IV-Kurzinfusion"},{"language":"nl","value":"Infuus meeliften"}]},{"code":"NB","display":"Nebulized","designation":[{"language":"de","value":"Vernebeln"},{"language":"nl","value":"Verneveld"}]},{"code":"PF","display":"Perfuse","designation":[{"language":"de","value":"Perfundieren"},{"language":"nl","value":"Perfusie"}]},{"code":"PT","display":"Paint","designation":[{"language":"de","value":"Schmerz"},{"language":"nl","value":"Smeren"}]},{"code":"SH","display":"Shampoo","designation":[{"language":"de","value":"Shampoo"},{"language":"nl","value":"Shampoo"}]},{"code":"SO","display":"Soak","designation":[{"language":"de","value":"Aufweichen"},{"language":"nl","value":"Soppen"}]},{"code":"WA","display":"Wash","designation":[{"language":"de","value":"Waschen"},{"language":"nl","value":"Wassen"}]},{"code":"WI","display":"Wipe","designation":[{"language":"de","value":"Wischen"},{"language":"nl","value":"Vegen"}]}]}