{"resourceType":"CodeSystem","id":"procedure-progress-status-codes","meta":{"lastUpdated":"2019-10-24T11:53:00+11:00","profile":["http://hl7.org/fhir/StructureDefinition/shareablecodesystem"]},"extension":[{"url":"http://hl7.org/fhir/StructureDefinition/structuredefinition-ballot-status","valueString":"Informative"},{"url":"http://hl7.org/fhir/StructureDefinition/structuredefinition-fmm","valueInteger":0}],"url":"http://hl7.org/fhir/procedure-progress-status-code","identifier":{"system":"urn:ietf:rfc:3986","value":"urn:oid:2.16.840.1.113883.4.642.1.864"},"version":"3.0.2","name":"Procedure Progress Status Codes","status":"draft","experimental":true,"publisher":"FHIR Project team","contact":[{"telecom":[{"system":"url","value":"http://hl7.org/fhir"}]}],"description":"This value set is provided as an example. The value set to instantiate this attribute should be drawn from a robust terminology code system that consists of or contains concepts to support the procedure performance process.","caseSensitive":true,"valueSet":"http://hl7.org/fhir/ValueSet/procedure-progress-status-codes","content":"complete","concept":[{"code":"in-operating-room","display":"In Operating Room","definition":"A patient is in the Operating Room."},{"code":"prepared","display":"Prepared","definition":"The patient is prepared for a procedure."},{"code":"anesthesia-induced","display":"Anesthesia Induced","definition":"The patient is under anesthesia."},{"code":"open-incision","display":"Open Incision","definition":"The patient has open incision(s)."},{"code":"closed-incision","display":"Closed Incision","definition":"The patient has incision(s) closed."},{"code":"in-recovery-room","display":"In Recovery Room","definition":"The patient is in the recovery room."}]}