{"resourceType":"CodeSystem","id":"v2-0178","meta":{"profile":["http://hl7.org/fhir/StructureDefinition/shareablecodesystem"]},"extension":[{"url":"http://hl7.org/fhir/StructureDefinition/structuredefinition-ballot-status","valueString":"External"},{"url":"http://hl7.org/fhir/StructureDefinition/structuredefinition-fmm","valueInteger":0}],"url":"http://hl7.org/fhir/v2/0178","identifier":{"system":"urn:ietf:rfc:3986","value":"urn:oid:2.16.840.1.113883.18.93"},"version":"2.8.2","name":"v2 File Level Event Code","status":"active","experimental":false,"publisher":"HL7, Inc","contact":[{"telecom":[{"system":"url","value":"http://hl7.org"}]}],"description":"FHIR Value set/code system definition for HL7 v2 table 0178 ( File Level Event Code)","caseSensitive":false,"valueSet":"http://hl7.org/fhir/ValueSet/v2-0178","content":"complete","concept":[{"code":"REP","display":"Replace current version of this master file with the version contained in this message","designation":[{"language":"de","value":"Ersetzen der gesamten Datei"},{"language":"nl","value":"Vervangen huidige versie van dit masterbestand met de versie uit dit bericht"}]},{"code":"UPD","display":"Change file records as defined in the record-level event codes for each record that follows","designation":[{"language":"de","value":"Änderung einzelner Sätze"},{"language":"nl","value":"Wijzigen bestandrecords zoals gedefinieerd in de record-niveau eventscodes voor ieder volgend record"}]}]}