{"resourceType":"CodeSystem","id":"abstract-types","meta":{"lastUpdated":"2019-10-24T11:53:00+11:00"},"extension":[{"url":"http://hl7.org/fhir/StructureDefinition/structuredefinition-ballot-status","valueString":"Informative"},{"url":"http://hl7.org/fhir/StructureDefinition/structuredefinition-fmm","valueInteger":0}],"url":"http://hl7.org/fhir/abstract-types","version":"3.0.2","name":"AbstractType","status":"draft","experimental":false,"date":"2019-10-24T11:53:00+11:00","publisher":"HL7 (FHIR Project)","contact":[{"telecom":[{"system":"url","value":"http://hl7.org/fhir"},{"system":"email","value":"fhir@lists.hl7.org"}]}],"description":"A type defined by FHIR that is an abstract type","caseSensitive":true,"valueSet":"http://hl7.org/fhir/ValueSet/abstract-types","content":"complete","concept":[{"code":"Type","display":"Type","definition":"A place holder that means any kind of data type"},{"code":"Any","display":"Any","definition":"A place holder that means any kind of resource"}]}