{"resourceType":"CodeSystem","id":"allergy-clinical-status","meta":{"lastUpdated":"2019-10-24T11:53:00+11:00"},"extension":[{"url":"http://hl7.org/fhir/StructureDefinition/structuredefinition-ballot-status","valueString":"Informative"},{"url":"http://hl7.org/fhir/StructureDefinition/structuredefinition-fmm","valueInteger":3},{"url":"http://hl7.org/fhir/StructureDefinition/structuredefinition-wg","valueCode":"pc"}],"url":"http://hl7.org/fhir/allergy-clinical-status","identifier":{"system":"urn:ietf:rfc:3986","value":"urn:oid:2.16.840.1.113883.4.642.1.118"},"version":"3.0.2","name":"AllergyIntoleranceClinicalStatus","status":"draft","experimental":false,"date":"2019-10-24T11:53:00+11:00","publisher":"HL7 (FHIR Project)","contact":[{"telecom":[{"system":"url","value":"http://hl7.org/fhir"},{"system":"email","value":"fhir@lists.hl7.org"}]}],"description":"The clinical status of the allergy or intolerance.","caseSensitive":true,"valueSet":"http://hl7.org/fhir/ValueSet/allergy-clinical-status","content":"complete","concept":[{"code":"active","display":"Active","definition":"An active record of a risk of a reaction to the identified substance."},{"code":"inactive","display":"Inactive","definition":"An inactivated record of a risk of a reaction to the identified substance.","concept":[{"code":"resolved","display":"Resolved","definition":"A reaction to the identified substance has been clinically reassessed by testing or re-exposure and considered to be resolved."}]}]}