{"resourceType":"CodeSystem","id":"relationship","meta":{"lastUpdated":"2019-10-24T11:53:00+11:00","profile":["http://hl7.org/fhir/StructureDefinition/shareablecodesystem"]},"extension":[{"url":"http://hl7.org/fhir/StructureDefinition/structuredefinition-ballot-status","valueString":"Informative"},{"url":"http://hl7.org/fhir/StructureDefinition/structuredefinition-fmm","valueInteger":0}],"url":"http://hl7.org/fhir/relationship","identifier":{"system":"urn:ietf:rfc:3986","value":"urn:oid:2.16.840.1.113883.4.642.1.35"},"version":"3.0.2","name":"Beneficiary Relationship Codes","status":"draft","experimental":true,"publisher":"FHIR Project team","contact":[{"telecom":[{"system":"url","value":"http://hl7.org/fhir"}]}],"description":"This value set includes the Patient to subscriber relationship codes.","copyright":"This is an example set.","caseSensitive":true,"valueSet":"http://hl7.org/fhir/ValueSet/relationship","content":"complete","concept":[{"code":"1","display":"Self","definition":"The patient is the subscriber (policy holder)"},{"code":"2","display":"Spouse","definition":"The patient is the spouse or equivalent of the subscriber (policy holder)"},{"code":"3","display":"Child","definition":"The patient is the child of the subscriber (policy holder)"},{"code":"4","display":"Common Law Spouse","definition":"The patient is the common law spouse of the subscriber (policy holder)"},{"code":"5","display":"Other","definition":"The patient has some other relationship, such as parent, to the subscriber (policy holder)"}]}