{"resourceType":"CodeSystem","id":"v2-0204","meta":{"profile":["http://hl7.org/fhir/StructureDefinition/shareablecodesystem"]},"extension":[{"url":"http://hl7.org/fhir/StructureDefinition/structuredefinition-ballot-status","valueString":"External"},{"url":"http://hl7.org/fhir/StructureDefinition/structuredefinition-fmm","valueInteger":0}],"url":"http://hl7.org/fhir/v2/0204","identifier":{"system":"urn:ietf:rfc:3986","value":"urn:oid:2.16.840.1.113883.18.109"},"version":"2.8.2","name":"v2 Organizational Name Type","status":"active","experimental":false,"publisher":"HL7, Inc","contact":[{"telecom":[{"system":"url","value":"http://hl7.org"}]}],"description":"FHIR Value set/code system definition for HL7 v2 table 0204 ( Organizational Name Type)","caseSensitive":false,"valueSet":"http://hl7.org/fhir/ValueSet/v2-0204","content":"complete","concept":[{"code":"A","display":"Alias name","designation":[{"language":"de","value":"Aliasname"},{"language":"nl","value":"Aliasnaam"}]},{"code":"D","display":"Display name","designation":[{"language":"de","value":"angezeigter Name"},{"language":"nl","value":"Weergavenaam"}]},{"code":"L","display":"Legal name","designation":[{"language":"de","value":"gesetzlicher Name"},{"language":"nl","value":"Juridische naam"}]},{"code":"SL","display":"Stock exchange listing name","designation":[{"language":"de","value":"Börsenlistenname"},{"language":"nl","value":"Beursgenoteerde naam"}]}]}