{"resourceType":"CodeSystem","id":"report-result-codes","meta":{"lastUpdated":"2019-10-24T11:53:00+11:00"},"extension":[{"url":"http://hl7.org/fhir/StructureDefinition/structuredefinition-ballot-status","valueString":"Informative"},{"url":"http://hl7.org/fhir/StructureDefinition/structuredefinition-fmm","valueInteger":0},{"url":"http://hl7.org/fhir/StructureDefinition/structuredefinition-wg","valueCode":"fhir"}],"url":"http://hl7.org/fhir/report-result-codes","identifier":{"system":"urn:ietf:rfc:3986","value":"urn:oid:2.16.840.1.113883.4.642.1.707"},"version":"3.0.2","name":"TestReportResult","status":"draft","experimental":false,"date":"2019-10-24T11:53:00+11:00","publisher":"HL7 (FHIR Project)","contact":[{"telecom":[{"system":"url","value":"http://hl7.org/fhir"},{"system":"email","value":"fhir@lists.hl7.org"}]}],"description":"The reported execution result.","caseSensitive":true,"valueSet":"http://hl7.org/fhir/ValueSet/report-result-codes","content":"complete","concept":[{"code":"pass","display":"Pass","definition":"All test operations successfully passed all asserts"},{"code":"fail","display":"Fail","definition":"One or more test operations failed one or more asserts"},{"code":"pending","display":"Pending","definition":"One or more test operations is pending execution completion"}]}