{"resourceType":"CodeSystem","id":"v2-0161","meta":{"profile":["http://hl7.org/fhir/StructureDefinition/shareablecodesystem"]},"extension":[{"url":"http://hl7.org/fhir/StructureDefinition/structuredefinition-ballot-status","valueString":"External"},{"url":"http://hl7.org/fhir/StructureDefinition/structuredefinition-fmm","valueInteger":0}],"url":"http://hl7.org/fhir/v2/0161","identifier":{"system":"urn:ietf:rfc:3986","value":"urn:oid:2.16.840.1.113883.18.79"},"version":"2.8.2","name":"v2 Allow Substitution","status":"active","experimental":false,"publisher":"HL7, Inc","contact":[{"telecom":[{"system":"url","value":"http://hl7.org"}]}],"description":"FHIR Value set/code system definition for HL7 v2 table 0161 ( Allow Substitution)","caseSensitive":false,"valueSet":"http://hl7.org/fhir/ValueSet/v2-0161","content":"complete","concept":[{"code":"G","display":"Allow generic substitutions.","designation":[{"language":"de","value":"Substitution durch Generika erlaubt"},{"language":"nl","value":"Generieke substituties toegestaan"}]},{"code":"N","display":"Substitutions are NOT authorized.  (This is the default - null.)","designation":[{"language":"de","value":"Substitution nicht erlaubt"},{"language":"nl","value":"Substituties NIET geautoriseerd (Standaardwaarde.)"}]},{"code":"T","display":"Allow therapeutic substitutions","designation":[{"language":"de","value":"Therapieorientierte Substitution erlaubt"},{"language":"nl","value":"Therapeutische substituties toegestaan"}]}]}