{"resourceType":"CodeSystem","id":"v2-0155","meta":{"profile":["http://hl7.org/fhir/StructureDefinition/shareablecodesystem"]},"extension":[{"url":"http://hl7.org/fhir/StructureDefinition/structuredefinition-ballot-status","valueString":"External"},{"url":"http://hl7.org/fhir/StructureDefinition/structuredefinition-fmm","valueInteger":0}],"url":"http://hl7.org/fhir/v2/0155","identifier":{"system":"urn:ietf:rfc:3986","value":"urn:oid:2.16.840.1.113883.18.73"},"version":"2.8.2","name":"v2 Accept/Application Acknowledgment Conditions","status":"active","experimental":false,"publisher":"HL7, Inc","contact":[{"telecom":[{"system":"url","value":"http://hl7.org"}]}],"description":"FHIR Value set/code system definition for HL7 v2 table 0155 ( Accept/Application Acknowledgment Conditions)","caseSensitive":false,"valueSet":"http://hl7.org/fhir/ValueSet/v2-0155","content":"complete","concept":[{"code":"AL","display":"Always","designation":[{"language":"de","value":"immer"},{"language":"nl","value":"Altijd"}]},{"code":"ER","display":"Error/reject conditions only","designation":[{"language":"de","value":"Nur bei Auftreten von Fehlerbedingungen"},{"language":"nl","value":"Alleen bij fout/weigering"}]},{"code":"NE","display":"Never","designation":[{"language":"de","value":"niemals"},{"language":"nl","value":"Nooit"}]},{"code":"SU","display":"Successful completion only","designation":[{"language":"de","value":"Nur bei erfolgreichem Abschluß"},{"language":"nl","value":"Alleen bij succes"}]}]}