{"resourceType":"CodeSystem","id":"v2-0189","meta":{"profile":["http://hl7.org/fhir/StructureDefinition/shareablecodesystem"]},"extension":[{"url":"http://hl7.org/fhir/StructureDefinition/structuredefinition-ballot-status","valueString":"External"},{"url":"http://hl7.org/fhir/StructureDefinition/structuredefinition-fmm","valueInteger":0}],"url":"http://hl7.org/fhir/v2/0189","identifier":{"system":"urn:ietf:rfc:3986","value":"urn:oid:2.16.840.1.113883.18.100"},"version":"2.8.2","name":"v2 Ethnic Group","status":"active","experimental":false,"publisher":"HL7, Inc","contact":[{"telecom":[{"system":"url","value":"http://hl7.org"}]}],"description":"FHIR Value set/code system definition for HL7 v2 table 0189 ( Ethnic Group)","caseSensitive":false,"valueSet":"http://hl7.org/fhir/ValueSet/v2-0189","content":"complete","concept":[{"code":"H","display":"Hispanic or Latino","designation":[{"language":"nl","value":"Hispanic of Latino"}]},{"code":"N","display":"Not Hispanic or Latino","designation":[{"language":"nl","value":"Niet hispanic of Latino"}]},{"code":"U","display":"Unknown","designation":[{"language":"nl","value":"Onbekend"}]}]}