{"resourceType":"CodeSystem","id":"v2-0147","meta":{"profile":["http://hl7.org/fhir/StructureDefinition/shareablecodesystem"]},"extension":[{"url":"http://hl7.org/fhir/StructureDefinition/structuredefinition-ballot-status","valueString":"External"},{"url":"http://hl7.org/fhir/StructureDefinition/structuredefinition-fmm","valueInteger":0}],"url":"http://hl7.org/fhir/v2/0147","identifier":{"system":"urn:ietf:rfc:3986","value":"urn:oid:2.16.840.1.113883.18.68"},"version":"2.8.2","name":"v2 Policy Type","status":"active","experimental":false,"publisher":"HL7, Inc","contact":[{"telecom":[{"system":"url","value":"http://hl7.org"}]}],"description":"FHIR Value set/code system definition for HL7 v2 table 0147 ( Policy Type)","caseSensitive":false,"valueSet":"http://hl7.org/fhir/ValueSet/v2-0147","content":"complete","concept":[{"code":"2ANC","display":"Second ancillary","designation":[{"language":"de","value":"weitere Zusatzversicherung"},{"language":"nl","value":"Tweede aanvullend"}]},{"code":"2MMD","display":"Second major medical","designation":[{"language":"de","value":"weitere Hauptversicherung"}]},{"code":"3MMD","display":"Third major medical","designation":[{"language":"de","value":"weitere Hauptversicherung"}]},{"code":"ANC","display":"Ancillary","designation":[{"language":"de","value":"Zusatzversicherung"},{"language":"nl","value":"Aanvullend"}]},{"code":"MMD","display":"Major medical","designation":[{"language":"de","value":"Hauptversicherung"},{"language":"nl","value":"Basisverzekering"}]}]}