{"resourceType":"CodeSystem","id":"capability-statement-kind","meta":{"lastUpdated":"2019-10-24T11:53:00+11:00"},"extension":[{"url":"http://hl7.org/fhir/StructureDefinition/structuredefinition-ballot-status","valueString":"Informative"},{"url":"http://hl7.org/fhir/StructureDefinition/structuredefinition-fmm","valueInteger":3},{"url":"http://hl7.org/fhir/StructureDefinition/structuredefinition-wg","valueCode":"fhir"}],"url":"http://hl7.org/fhir/capability-statement-kind","identifier":{"system":"urn:ietf:rfc:3986","value":"urn:oid:2.16.840.1.113883.4.642.1.189"},"version":"3.0.2","name":"CapabilityStatementKind","status":"draft","experimental":false,"date":"2019-10-24T11:53:00+11:00","publisher":"HL7 (FHIR Project)","contact":[{"telecom":[{"system":"url","value":"http://hl7.org/fhir"},{"system":"email","value":"fhir@lists.hl7.org"}]}],"description":"How a capability statement is intended to be used.","caseSensitive":true,"valueSet":"http://hl7.org/fhir/ValueSet/capability-statement-kind","content":"complete","concept":[{"code":"instance","display":"Instance","definition":"The CapabilityStatement instance represents the present capabilities of a specific system instance.  This is the kind returned by OPTIONS for a FHIR server end-point."},{"extension":[{"url":"http://hl7.org/fhir/StructureDefinition/codesystem-comments","valueString":"Elements marked as 'optional' represent configurable capabilities"}],"code":"capability","display":"Capability","definition":"The CapabilityStatement instance represents the capabilities of a system or piece of software, independent of a particular installation."},{"code":"requirements","display":"Requirements","definition":"The CapabilityStatement instance represents a set of requirements for other systems to meet; e.g. as part of an implementation guide or 'request for proposal'."}]}