{"resourceType":"CodeSystem","id":"list-mode","meta":{"lastUpdated":"2019-10-24T11:53:00+11:00"},"extension":[{"url":"http://hl7.org/fhir/StructureDefinition/structuredefinition-ballot-status","valueString":"Informative"},{"url":"http://hl7.org/fhir/StructureDefinition/structuredefinition-fmm","valueInteger":2},{"url":"http://hl7.org/fhir/StructureDefinition/structuredefinition-wg","valueCode":"sd"}],"url":"http://hl7.org/fhir/list-mode","identifier":{"system":"urn:ietf:rfc:3986","value":"urn:oid:2.16.840.1.113883.4.642.1.310"},"version":"3.0.2","name":"ListMode","status":"draft","experimental":false,"date":"2019-10-24T11:53:00+11:00","publisher":"HL7 (FHIR Project)","contact":[{"telecom":[{"system":"url","value":"http://hl7.org/fhir"},{"system":"email","value":"fhir@lists.hl7.org"}]}],"description":"The processing mode that applies to this list","caseSensitive":true,"valueSet":"http://hl7.org/fhir/ValueSet/list-mode","content":"complete","concept":[{"code":"working","display":"Working List","definition":"This list is the master list, maintained in an ongoing fashion with regular updates as the real world list it is tracking changes"},{"code":"snapshot","display":"Snapshot List","definition":"This list was prepared as a snapshot. It should not be assumed to be current"},{"code":"changes","display":"Change List","definition":"A list that indicates where changes have been made or recommended"}]}