{"resourceType":"CodeSystem","id":"v2-0092","meta":{"profile":["http://hl7.org/fhir/StructureDefinition/shareablecodesystem"]},"extension":[{"url":"http://hl7.org/fhir/StructureDefinition/structuredefinition-ballot-status","valueString":"External"},{"url":"http://hl7.org/fhir/StructureDefinition/structuredefinition-fmm","valueInteger":1},{"url":"http://hl7.org/fhir/StructureDefinition/structuredefinition-wg","valueCode":"pa"}],"url":"http://hl7.org/fhir/v2/0092","identifier":{"system":"urn:ietf:rfc:3986","value":"urn:oid:2.16.840.1.113883.18.36"},"version":"2.8.2","name":"v2 Re-Admission Indicator","status":"active","experimental":false,"publisher":"HL7, Inc","contact":[{"telecom":[{"system":"url","value":"http://hl7.org"}]}],"description":"FHIR Value set/code system definition for HL7 v2 table 0092 ( Re-Admission Indicator)","caseSensitive":false,"valueSet":"http://hl7.org/fhir/ValueSet/v2-0092","content":"complete","concept":[{"code":"R","display":"Re-admission","designation":[{"language":"de","value":"Wiederaufnahme"},{"language":"nl","value":"Heropname"}]}]}