{"resourceType":"CodeSystem","id":"v2-0103","meta":{"profile":["http://hl7.org/fhir/StructureDefinition/shareablecodesystem"]},"extension":[{"url":"http://hl7.org/fhir/StructureDefinition/structuredefinition-ballot-status","valueString":"External"},{"url":"http://hl7.org/fhir/StructureDefinition/structuredefinition-fmm","valueInteger":0}],"url":"http://hl7.org/fhir/v2/0103","identifier":{"system":"urn:ietf:rfc:3986","value":"urn:oid:2.16.840.1.113883.18.40"},"version":"2.8.2","name":"v2 Processing ID","status":"active","experimental":false,"publisher":"HL7, Inc","contact":[{"telecom":[{"system":"url","value":"http://hl7.org"}]}],"description":"FHIR Value set/code system definition for HL7 v2 table 0103 ( Processing ID)","caseSensitive":false,"valueSet":"http://hl7.org/fhir/ValueSet/v2-0103","content":"complete","concept":[{"code":"D","display":"Debugging","designation":[{"language":"de","value":"Test"},{"language":"nl","value":"Debugging"}]},{"code":"P","display":"Production","designation":[{"language":"de","value":"Routine / Produktion"},{"language":"nl","value":"Productie"}]},{"code":"T","display":"Training","designation":[{"language":"de","value":"Schulung"},{"language":"nl","value":"Training"}]}]}