{"resourceType":"CodeSystem","id":"binding-strength","meta":{"lastUpdated":"2019-10-24T11:53:00+11:00"},"extension":[{"url":"http://hl7.org/fhir/StructureDefinition/structuredefinition-ballot-status","valueString":"Informative"},{"url":"http://hl7.org/fhir/StructureDefinition/structuredefinition-fmm","valueInteger":4},{"url":"http://hl7.org/fhir/StructureDefinition/structuredefinition-wg","valueCode":"fhir"}],"url":"http://hl7.org/fhir/binding-strength","identifier":{"system":"urn:ietf:rfc:3986","value":"urn:oid:2.16.840.1.113883.4.642.1.43"},"version":"3.0.2","name":"BindingStrength","status":"draft","experimental":false,"date":"2019-10-24T11:53:00+11:00","description":"Indication of the degree of conformance expectations associated with a binding.","caseSensitive":true,"valueSet":"http://hl7.org/fhir/ValueSet/binding-strength","content":"complete","concept":[{"code":"required","display":"Required","definition":"To be conformant, the concept in this element SHALL be from the specified value set"},{"code":"extensible","display":"Extensible","definition":"To be conformant, the concept in this element SHALL be from the specified value set if any of the codes within the value set can apply to the concept being communicated.  If the value set does not cover the concept (based on human review), alternate codings (or, data type allowing, text) may be included instead."},{"code":"preferred","display":"Preferred","definition":"Instances are encouraged to draw from the specified codes for interoperability purposes but are not required to do so to be considered conformant."},{"code":"example","display":"Example","definition":"Instances are not expected or even encouraged to draw from the specified value set.  The value set merely provides examples of the types of concepts intended to be included."}]}