{"resourceType":"CodeSystem","id":"quantity-comparator","meta":{"lastUpdated":"2019-10-24T11:53:00+11:00"},"extension":[{"url":"http://hl7.org/fhir/StructureDefinition/structuredefinition-ballot-status","valueString":"Informative"},{"url":"http://hl7.org/fhir/StructureDefinition/structuredefinition-fmm","valueInteger":0},{"url":"http://hl7.org/fhir/StructureDefinition/structuredefinition-wg","valueCode":"fhir"}],"url":"http://hl7.org/fhir/quantity-comparator","identifier":{"system":"urn:ietf:rfc:3986","value":"urn:oid:2.16.840.1.113883.4.642.1.55"},"version":"3.0.2","name":"QuantityComparator","status":"draft","experimental":false,"date":"2019-10-24T11:53:00+11:00","publisher":"HL7 (FHIR Project)","contact":[{"telecom":[{"system":"url","value":"http://hl7.org/fhir"},{"system":"email","value":"fhir@lists.hl7.org"}]}],"description":"How the Quantity should be understood and represented.","caseSensitive":true,"valueSet":"http://hl7.org/fhir/ValueSet/quantity-comparator","content":"complete","concept":[{"code":"<","display":"Less than","definition":"The actual value is less than the given value."},{"code":"<=","display":"Less or Equal to","definition":"The actual value is less than or equal to the given value."},{"code":">=","display":"Greater or Equal to","definition":"The actual value is greater than or equal to the given value."},{"code":">","display":"Greater than","definition":"The actual value is greater than the given value."}]}