{"resourceType":"CodeSystem","id":"v2-0033","meta":{"profile":["http://hl7.org/fhir/StructureDefinition/shareablecodesystem"]},"extension":[{"url":"http://hl7.org/fhir/StructureDefinition/structuredefinition-ballot-status","valueString":"External"},{"url":"http://hl7.org/fhir/StructureDefinition/structuredefinition-fmm","valueInteger":0}],"url":"http://hl7.org/fhir/v2/0033","identifier":{"system":"urn:ietf:rfc:3986","value":"urn:oid:2.16.840.1.113883.18.16"},"version":"2.8.2","name":"v2 ROUTE","status":"active","experimental":false,"publisher":"HL7, Inc","contact":[{"telecom":[{"system":"url","value":"http://hl7.org"}]}],"description":"FHIR Value set/code system definition for HL7 v2 table 0033 ( ROUTE)","caseSensitive":false,"valueSet":"http://hl7.org/fhir/ValueSet/v2-0033","content":"complete","property":[{"code":"deprecated","uri":"http://hl7.org/fhir/concept-properties#deprecated","description":"The date at which a concept was deprecated. Concepts that are deprecated but not inactive can still be used, but their use is discouraged","type":"dateTime"}],"concept":[{"code":"AP","display":"Apply externally","designation":[{"language":"de","value":"externe Applikatione"},{"language":"nl","value":"Uitwendig gebruiken"}],"property":[{"code":"deprecated","valueDateTime":"1990-01"}]},{"code":"CH","display":"Chew","designation":[{"language":"de","value":"Kautablette"},{"language":"nl","value":"Kauwen"}],"property":[{"code":"deprecated","valueDateTime":"1990-01"}]},{"code":"DU","display":"Dust","designation":[{"language":"de","value":"Puder"},{"language":"nl","value":"Stof"}],"property":[{"code":"deprecated","valueDateTime":"1990-01"}]},{"code":"EA","display":"Ear","designation":[{"language":"de","value":"Ohr"},{"language":"nl","value":"Oor"}],"property":[{"code":"deprecated","valueDateTime":"1990-01"}]},{"code":"EY","display":"Eye","designation":[{"language":"de","value":"Auge"},{"language":"nl","value":"Oog"}],"property":[{"code":"deprecated","valueDateTime":"1990-01"}]},{"code":"IA","display":"Intro-arterial","designation":[{"language":"de","value":"intraarteriell"},{"language":"nl","value":"Intro-arteriaal"}],"property":[{"code":"deprecated","valueDateTime":"1990-01"}]},{"code":"ID","display":"Intra-dermal","designation":[{"language":"de","value":"intradermal"},{"language":"nl","value":"Intra-dermaal"}],"property":[{"code":"deprecated","valueDateTime":"1990-01"}]},{"code":"IF","display":"Infiltrate","designation":[{"language":"de","value":"infiltrieren"},{"language":"nl","value":"Infiltratie"}],"property":[{"code":"deprecated","valueDateTime":"1990-01"}]},{"code":"IH","display":"Inhalation","designation":[{"language":"de","value":"Inhalation"},{"language":"nl","value":"Inhalatie"}],"property":[{"code":"deprecated","valueDateTime":"1990-01"}]},{"code":"IM","display":"Intra-muscular","designation":[{"language":"de","value":"intramuskulär"},{"language":"nl","value":"Intra-musculair"}],"property":[{"code":"deprecated","valueDateTime":"1990-01"}]},{"code":"IN","display":"Intra-nasal","designation":[{"language":"de","value":"intranasal"},{"language":"nl","value":"Intro-nasaal"}],"property":[{"code":"deprecated","valueDateTime":"1990-01"}]},{"code":"IR","display":"Irrigate","designation":[{"language":"de","value":"Einlauf"},{"language":"nl","value":"Irrigatie"}],"property":[{"code":"deprecated","valueDateTime":"1990-01"}]},{"code":"IS","display":"Inserted","designation":[{"language":"de","value":"Implantat"},{"language":"nl","value":"Ingebracht"}],"property":[{"code":"deprecated","valueDateTime":"1990-01"}]},{"code":"IT","display":"Intrathecal","designation":[{"language":"de","value":"intrathekal"},{"language":"nl","value":"Intrathecaal"}],"property":[{"code":"deprecated","valueDateTime":"1990-01"}]},{"code":"IV","display":"Intravenous","designation":[{"language":"de","value":"intravenös"},{"language":"nl","value":"Intraveneus"}],"property":[{"code":"deprecated","valueDateTime":"1990-01"}]},{"code":"NB","display":"Nebulized","designation":[{"language":"de","value":"vernebelt"},{"language":"nl","value":"Verneveld"}],"property":[{"code":"deprecated","valueDateTime":"1990-01"}]},{"code":"NG","display":"Nathogasic","designation":[{"language":"de","value":"nasogastral"}],"property":[{"code":"deprecated","valueDateTime":"1990-01"}]},{"code":"PA","display":"Peri-anally","designation":[{"language":"de","value":"peranal"},{"language":"nl","value":"Peri-anaal"}],"property":[{"code":"deprecated","valueDateTime":"1990-01"}]},{"code":"PT","display":"Paint","designation":[{"language":"de","value":"aufpinseln"},{"language":"nl","value":"Verf"}],"property":[{"code":"deprecated","valueDateTime":"1990-01"}]},{"code":"PU","display":"IV push","designation":[{"language":"de","value":"intravenöser Bolus"},{"language":"nl","value":"IV push"}],"property":[{"code":"deprecated","valueDateTime":"1990-01"}]},{"code":"RC","display":"Rectally","designation":[{"language":"de","value":"rektal"},{"language":"nl","value":"Rectaal"}],"property":[{"code":"deprecated","valueDateTime":"1990-01"}]},{"code":"SH","display":"Shampoo","designation":[{"language":"de","value":"Shampoo"},{"language":"nl","value":"Shampoo"}],"property":[{"code":"deprecated","valueDateTime":"1990-01"}]},{"code":"SL","display":"Sublingual","designation":[{"language":"de","value":"subligual"},{"language":"nl","value":"Sublinguaal"}],"property":[{"code":"deprecated","valueDateTime":"1990-01"}]},{"code":"SO","display":"Soak","designation":[{"language":"de","value":"drchtränken"},{"language":"nl","value":"Soppen"}],"property":[{"code":"deprecated","valueDateTime":"1990-01"}]},{"code":"SS","display":"IV soluset","designation":[{"language":"de","value":"Iv-Lösung"},{"language":"nl","value":"IV soluset"}],"property":[{"code":"deprecated","valueDateTime":"1990-01"}]},{"code":"TP","display":"Topically","designation":[{"language":"de","value":"topisch"},{"language":"nl","value":"Topicaal"}],"property":[{"code":"deprecated","valueDateTime":"1990-01"}]},{"code":"WA","display":"Wash","designation":[{"language":"de","value":"waschen"},{"language":"nl","value":"Wassen"}],"property":[{"code":"deprecated","valueDateTime":"1990-01"}]},{"code":"WI","display":"Wipe","designation":[{"language":"de","value":"wischen"},{"language":"nl","value":"Vegen"}],"property":[{"code":"deprecated","valueDateTime":"1990-01"}]}]}