{"resourceType":"CodeSystem","id":"measurement-principle","meta":{"lastUpdated":"2019-10-24T11:53:00+11:00"},"extension":[{"url":"http://hl7.org/fhir/StructureDefinition/structuredefinition-ballot-status","valueString":"Informative"},{"url":"http://hl7.org/fhir/StructureDefinition/structuredefinition-fmm","valueInteger":1},{"url":"http://hl7.org/fhir/StructureDefinition/structuredefinition-wg","valueCode":"dev"}],"url":"http://hl7.org/fhir/measurement-principle","identifier":{"system":"urn:ietf:rfc:3986","value":"urn:oid:2.16.840.1.113883.4.642.1.619"},"version":"3.0.2","name":"MeasmntPrinciple","status":"draft","experimental":false,"date":"2019-10-24T11:53:00+11:00","publisher":"HL7 (FHIR Project)","contact":[{"telecom":[{"system":"url","value":"http://hl7.org/fhir"},{"system":"email","value":"fhir@lists.hl7.org"}]}],"description":"Different measurement principle supported by the device.","caseSensitive":true,"valueSet":"http://hl7.org/fhir/ValueSet/measurement-principle","content":"complete","concept":[{"code":"other","display":"MSP Other","definition":"Measurement principle isn't in the list."},{"code":"chemical","display":"MSP Chemical","definition":"Measurement is done using the chemical principle."},{"code":"electrical","display":"MSP Electrical","definition":"Measurement is done using the electrical principle."},{"code":"impedance","display":"MSP Impedance","definition":"Measurement is done using the impedance principle."},{"code":"nuclear","display":"MSP Nuclear","definition":"Measurement is done using the nuclear principle."},{"code":"optical","display":"MSP Optical","definition":"Measurement is done using the optical principle."},{"code":"thermal","display":"MSP Thermal","definition":"Measurement is done using the thermal principle."},{"code":"biological","display":"MSP Biological","definition":"Measurement is done using the biological principle."},{"code":"mechanical","display":"MSP Mechanical","definition":"Measurement is done using the mechanical principle."},{"code":"acoustical","display":"MSP Acoustical","definition":"Measurement is done using the acoustical principle."},{"code":"manual","display":"MSP Manual","definition":"Measurement is done using the manual principle."}]}