{"resourceType":"CodeSystem","id":"fm-status","meta":{"lastUpdated":"2019-10-24T11:53:00+11:00","profile":["http://hl7.org/fhir/StructureDefinition/shareablecodesystem"]},"extension":[{"url":"http://hl7.org/fhir/StructureDefinition/structuredefinition-ballot-status","valueString":"Informative"},{"url":"http://hl7.org/fhir/StructureDefinition/structuredefinition-fmm","valueInteger":2},{"url":"http://hl7.org/fhir/StructureDefinition/structuredefinition-wg","valueCode":"fm"}],"url":"http://hl7.org/fhir/fm-status","identifier":{"system":"urn:ietf:rfc:3986","value":"urn:oid:2.16.840.1.113883.4.642.1.585"},"version":"3.0.2","name":"Financial Resource Status Codes","status":"draft","experimental":true,"publisher":"Financial Management","contact":[{"telecom":[{"system":"url","value":"http://hl7.org/fhir"}]}],"description":"This value set includes Status codes.","copyright":"HL7 International.","caseSensitive":true,"valueSet":"http://hl7.org/fhir/ValueSet/fm-status","content":"complete","concept":[{"code":"active","display":"Active","definition":"The instance is currently in-force."},{"code":"cancelled","display":"Cancelled","definition":"The instance is withdrawn, rescinded or reversed."},{"code":"draft","display":"Draft","definition":"A new instance the contents of which is not complete."},{"code":"entered-in-error","display":"Entered in Error","definition":"The instance was entered in error."}]}