{"resourceType":"CodeSystem","id":"v2-0141","meta":{"profile":["http://hl7.org/fhir/StructureDefinition/shareablecodesystem"]},"extension":[{"url":"http://hl7.org/fhir/StructureDefinition/structuredefinition-ballot-status","valueString":"External"},{"url":"http://hl7.org/fhir/StructureDefinition/structuredefinition-fmm","valueInteger":0}],"url":"http://hl7.org/fhir/v2/0141","identifier":{"system":"urn:ietf:rfc:3986","value":"urn:oid:2.16.840.1.113883.18.63"},"version":"2.8.2","name":"v2 Military Rank/Grade","status":"active","experimental":false,"publisher":"HL7, Inc","contact":[{"telecom":[{"system":"url","value":"http://hl7.org"}]}],"description":"FHIR Value set/code system definition for HL7 v2 table 0141 ( Military Rank/Grade)","caseSensitive":false,"valueSet":"http://hl7.org/fhir/ValueSet/v2-0141","content":"complete","property":[{"code":"deprecated","uri":"http://hl7.org/fhir/concept-properties#deprecated","description":"The date at which a concept was deprecated. Concepts that are deprecated but not inactive can still be used, but their use is discouraged","type":"dateTime"}],"concept":[{"code":"E1 ... E9","display":"Enlisted","designation":[{"language":"nl","value":"Ingetekend"}],"property":[{"code":"deprecated","valueDateTime":"2000-11"}]},{"code":"E1... E9","display":"Enlisted","designation":[{"language":"nl","value":"Ingetekend"}]},{"code":"O1 ... O10","display":"Officers","designation":[{"language":"nl","value":"Officieren"}],"property":[{"code":"deprecated","valueDateTime":"2000-11"}]},{"code":"O1 ... O9","display":"Officers","designation":[{"language":"nl","value":"Officieren"}]},{"code":"W1 ... W4","display":"Warrant Officers","designation":[{"language":"nl","value":"Warrant-officieren"}]}]}