{"resourceType":"CodeSystem","id":"claim-informationcategory","meta":{"lastUpdated":"2019-10-24T11:53:00+11:00","profile":["http://hl7.org/fhir/StructureDefinition/shareablecodesystem"]},"extension":[{"url":"http://hl7.org/fhir/StructureDefinition/structuredefinition-ballot-status","valueString":"Informative"},{"url":"http://hl7.org/fhir/StructureDefinition/structuredefinition-fmm","valueInteger":1},{"url":"http://hl7.org/fhir/StructureDefinition/structuredefinition-wg","valueCode":"fm"}],"url":"http://hl7.org/fhir/claiminformationcategory","identifier":{"system":"urn:ietf:rfc:3986","value":"urn:oid:2.16.840.1.113883.4.642.1.575"},"version":"3.0.2","name":"Claim Information Category Codes","status":"draft","experimental":true,"publisher":"Financial Management","contact":[{"telecom":[{"system":"url","value":"http://hl7.org/fhir"}]}],"description":"This value set includes sample Information Category codes.","copyright":"This is an example set.","caseSensitive":true,"valueSet":"http://hl7.org/fhir/ValueSet/claim-informationcategory","content":"complete","concept":[{"code":"info","display":"Information","definition":"Codes conveying additional situation and condition information."},{"code":"discharge","display":"Discharge","definition":"Discharge status and discharge to locations."},{"code":"onset","display":"Onset","definition":"Period, start or end dates of aspects of the Condition."},{"code":"related","display":"Related Services","definition":"Nature and date of the related event eg. Last exam, service, Xray etc."},{"code":"exception","display":"Exception","definition":"Insurance policy exceptions."},{"code":"material","display":"Materials Forwarded","definition":"Materials being forwarded, eg. Models, molds, images, documents."},{"code":"attachment","display":"Attachment","definition":"Materials attached such as images, documents and resources."},{"code":"missingtooth","display":"Missing Tooth","definition":"Teeth which are missing for any reason, for example: prior extraction, never developed."},{"code":"prosthesis","display":"Prosthesis","definition":"The type of prosthesis and date of supply if a previously supplied prosthesis."},{"code":"other","display":"Other","definition":"Other information identified by the type.system."}]}