{"resourceType":"CodeSystem","id":"v2-0105","meta":{"profile":["http://hl7.org/fhir/StructureDefinition/shareablecodesystem"]},"extension":[{"url":"http://hl7.org/fhir/StructureDefinition/structuredefinition-ballot-status","valueString":"External"},{"url":"http://hl7.org/fhir/StructureDefinition/structuredefinition-fmm","valueInteger":0}],"url":"http://hl7.org/fhir/v2/0105","identifier":{"system":"urn:ietf:rfc:3986","value":"urn:oid:2.16.840.1.113883.18.42"},"version":"2.8.2","name":"v2 Source of Comment","status":"active","experimental":false,"publisher":"HL7, Inc","contact":[{"telecom":[{"system":"url","value":"http://hl7.org"}]}],"description":"FHIR Value set/code system definition for HL7 v2 table 0105 ( Source of Comment)","caseSensitive":false,"valueSet":"http://hl7.org/fhir/ValueSet/v2-0105","content":"complete","concept":[{"code":"L","display":"Ancillary (filler) department is source of comment","designation":[{"language":"de","value":"Leistungsstelle"},{"language":"nl","value":"Andere (filler) afdeling is bron van opmerking"}]},{"code":"O","display":"Other system is source of comment","designation":[{"language":"de","value":"Andere Stelle"},{"language":"nl","value":"Ander systeem is bron van opmerking"}]},{"code":"P","display":"Orderer (placer) is source of comment","designation":[{"language":"de","value":"Auftraggeber / auftraggebende Stelle"},{"language":"nl","value":"Aanvrager (placer) is bron van opmerking"}]}]}