{"resourceType":"CodeSystem","id":"parameter-group","meta":{"lastUpdated":"2019-10-24T11:53:00+11:00"},"extension":[{"url":"http://hl7.org/fhir/StructureDefinition/structuredefinition-ballot-status","valueString":"Informative"},{"url":"http://hl7.org/fhir/StructureDefinition/structuredefinition-fmm","valueInteger":1},{"url":"http://hl7.org/fhir/StructureDefinition/structuredefinition-wg","valueCode":"dev"}],"url":"http://hl7.org/fhir/parameter-group","identifier":{"system":"urn:ietf:rfc:3986","value":"urn:oid:2.16.840.1.113883.4.642.1.900"},"version":"3.0.2","name":"DeviceComponentParameterGroup","status":"draft","experimental":false,"date":"2019-10-24T11:53:00+11:00","publisher":"HL7 (FHIR Project)","contact":[{"telecom":[{"system":"url","value":"http://hl7.org/fhir"},{"system":"email","value":"fhir@lists.hl7.org"}]}],"description":"Codes identifying groupings of parameters; e.g. Cardiovascular.","caseSensitive":true,"valueSet":"http://hl7.org/fhir/ValueSet/parameter-group","content":"complete","concept":[{"code":"haemodynamic","display":"Haemodynamic Parameter Group","definition":"Haemodynamic Parameter Group - MDC_PGRP_HEMO"},{"code":"ecg","display":"ECG Parameter Group","definition":"ECG Parameter Group - MDC_PGRP_ECG"},{"code":"respiratory","display":"Respiratory Parameter Group","definition":"Respiratory Parameter Group - MDC_PGRP_RESP"},{"code":"ventilation","display":"Ventilation Parameter Group","definition":"Ventilation Parameter Group - MDC_PGRP_VENT"},{"code":"neurological","display":"Neurological Parameter Group","definition":"Neurological Parameter Group - MDC_PGRP_NEURO"},{"code":"drug-delivery","display":"Drug Delivery Parameter Group","definition":"Drug Delivery Parameter Group - MDC_PGRP_DRUG"},{"code":"fluid-chemistry","display":"Fluid Chemistry Parameter Group","definition":"Fluid Chemistry Parameter Group - MDC_PGRP_FLUID"},{"code":"blood-chemistry","display":"Blood Chemistry Parameter Group","definition":"Blood Chemistry Parameter Group - MDC_PGRP_BLOOD_CHEM"},{"code":"miscellaneous","display":"Miscellaneous Parameter Group","definition":"Miscellaneous Parameter Group - MDC_PGRP_MISC"}]}