{"resourceType":"CodeSystem","id":"related-claim-relationship","meta":{"lastUpdated":"2019-10-24T11:53:00+11:00","profile":["http://hl7.org/fhir/StructureDefinition/shareablecodesystem"]},"extension":[{"url":"http://hl7.org/fhir/StructureDefinition/structuredefinition-wg","valueCode":"fm"},{"url":"http://hl7.org/fhir/StructureDefinition/structuredefinition-ballot-status","valueString":"Draft"},{"url":"http://hl7.org/fhir/StructureDefinition/structuredefinition-fmm","valueInteger":1}],"url":"http://hl7.org/fhir/ex-relatedclaimrelationship","identifier":{"system":"urn:ietf:rfc:3986","value":"urn:oid:2.16.840.1.113883.4.642.1.561"},"version":"3.0.2","name":"Example Related Claim Relationship Codes","status":"draft","experimental":true,"publisher":"Financial Management","contact":[{"telecom":[{"system":"url","value":"http://hl7.org/fhir"}]}],"description":"This value set includes sample Related Claim Relationship codes.","copyright":"This is an example set.","caseSensitive":true,"valueSet":"http://hl7.org/fhir/ValueSet/related-claim-relationship","content":"complete","concept":[{"code":"prior","display":"Prior Claim","definition":"A prior claim instance for the same intended suite of services."},{"code":"associated","display":"Associated Claim","definition":"A claim for a different suite of services which is related the suite claimed here."}]}