{"resourceType":"CodeSystem","id":"account-status","meta":{"lastUpdated":"2019-10-24T11:53:00+11:00"},"extension":[{"url":"http://hl7.org/fhir/StructureDefinition/structuredefinition-ballot-status","valueString":"Informative"},{"url":"http://hl7.org/fhir/StructureDefinition/structuredefinition-fmm","valueInteger":2},{"url":"http://hl7.org/fhir/StructureDefinition/structuredefinition-wg","valueCode":"pa"}],"url":"http://hl7.org/fhir/account-status","identifier":{"system":"urn:ietf:rfc:3986","value":"urn:oid:2.16.840.1.113883.4.642.1.715"},"version":"3.0.2","name":"AccountStatus","status":"draft","experimental":false,"date":"2019-10-24T11:53:00+11:00","publisher":"HL7 (FHIR Project)","contact":[{"telecom":[{"system":"url","value":"http://hl7.org/fhir"},{"system":"email","value":"fhir@lists.hl7.org"}]}],"description":"Indicates whether the account is available to be used.","caseSensitive":true,"valueSet":"http://hl7.org/fhir/ValueSet/account-status","content":"complete","concept":[{"code":"active","display":"Active","definition":"This account is active and may be used."},{"code":"inactive","display":"Inactive","definition":"This account is inactive and should not be used to track financial information."},{"code":"entered-in-error","display":"Entered in error","definition":"This instance should not have been part of this patient's medical record."}]}