{"resourceType":"CodeSystem","id":"episodeofcare-type","meta":{"lastUpdated":"2019-10-24T11:53:00+11:00","profile":["http://hl7.org/fhir/StructureDefinition/shareablecodesystem"]},"extension":[{"url":"http://hl7.org/fhir/StructureDefinition/structuredefinition-ballot-status","valueString":"Informative"},{"url":"http://hl7.org/fhir/StructureDefinition/structuredefinition-fmm","valueInteger":1},{"url":"http://hl7.org/fhir/StructureDefinition/structuredefinition-wg","valueCode":"pa"}],"url":"http://hl7.org/fhir/episodeofcare-type","identifier":{"system":"urn:ietf:rfc:3986","value":"urn:oid:2.16.840.1.113883.4.642.1.651"},"version":"3.0.2","name":"EpisodeOfCareType","status":"draft","experimental":true,"publisher":"FHIR Project team","contact":[{"telecom":[{"system":"url","value":"http://hl7.org/fhir"}]}],"description":"This example value set defines a set of codes that can be used to express the usage type of an EpisodeOfCare record.","caseSensitive":true,"valueSet":"http://hl7.org/fhir/ValueSet/episodeofcare-type","content":"complete","concept":[{"code":"hacc","display":"Home and Community Care"},{"code":"pac","display":"Post Acute Care"},{"code":"diab","display":"Post co-ordinated diabetes program"},{"code":"da","display":"Drug and alcohol rehabilitation"},{"code":"cacp","display":"Community-based aged care"}]}