{"resourceType":"CodeSystem","id":"contactentity-type","meta":{"lastUpdated":"2019-10-24T11:53:00+11:00","profile":["http://hl7.org/fhir/StructureDefinition/shareablecodesystem"]},"extension":[{"url":"http://hl7.org/fhir/StructureDefinition/structuredefinition-ballot-status","valueString":"Informative"},{"url":"http://hl7.org/fhir/StructureDefinition/structuredefinition-fmm","valueInteger":3},{"url":"http://hl7.org/fhir/StructureDefinition/structuredefinition-wg","valueCode":"pa"}],"url":"http://hl7.org/fhir/contactentity-type","identifier":{"system":"urn:ietf:rfc:3986","value":"urn:oid:2.16.840.1.113883.4.642.1.406"},"version":"3.0.2","name":"ContactEntityType","status":"draft","experimental":true,"publisher":"FHIR Project team","contact":[{"telecom":[{"system":"url","value":"http://hl7.org/fhir"}]}],"description":"This example value set defines a set of codes that can be used to indicate the purpose for which you would contact a contact party.","caseSensitive":true,"valueSet":"http://hl7.org/fhir/ValueSet/contactentity-type","content":"complete","concept":[{"code":"BILL","display":"Billing","definition":"Contact details for information regarding to billing/general finance enquiries."},{"code":"ADMIN","display":"Administrative","definition":"Contact details for administrative enquiries."},{"code":"HR","display":"Human Resource","definition":"Contact details for issues related to Human Resources, such as staff matters, OH&S etc."},{"code":"PAYOR","display":"Payor","definition":"Contact details for dealing with issues related to insurance claims/adjudication/payment."},{"code":"PATINF","display":"Patient","definition":"Generic information contact for patients."},{"code":"PRESS","display":"Press","definition":"Dedicated contact point for matters relating to press enquiries."}]}