{"resourceType":"CodeSystem","id":"report-status-codes","meta":{"lastUpdated":"2019-10-24T11:53:00+11:00"},"extension":[{"url":"http://hl7.org/fhir/StructureDefinition/structuredefinition-ballot-status","valueString":"Informative"},{"url":"http://hl7.org/fhir/StructureDefinition/structuredefinition-fmm","valueInteger":0},{"url":"http://hl7.org/fhir/StructureDefinition/structuredefinition-wg","valueCode":"fhir"}],"url":"http://hl7.org/fhir/report-status-codes","identifier":{"system":"urn:ietf:rfc:3986","value":"urn:oid:2.16.840.1.113883.4.642.1.713"},"version":"3.0.2","name":"TestReportStatus","status":"draft","experimental":false,"date":"2019-10-24T11:53:00+11:00","publisher":"HL7 (FHIR Project)","contact":[{"telecom":[{"system":"url","value":"http://hl7.org/fhir"},{"system":"email","value":"fhir@lists.hl7.org"}]}],"description":"The current status of the test report.","caseSensitive":true,"valueSet":"http://hl7.org/fhir/ValueSet/report-status-codes","content":"complete","concept":[{"code":"completed","display":"Completed","definition":"All test operations have completed"},{"code":"in-progress","display":"In Progress","definition":"A test operations is currently executing"},{"code":"waiting","display":"Waiting","definition":"A test operation is waiting for an external client request"},{"code":"stopped","display":"Stopped","definition":"The test script execution was manually stopped"},{"code":"entered-in-error","display":"Entered In Error","definition":"This test report was entered or created in error"}]}