{"resourceType":"CodeSystem","id":"contract-type","meta":{"lastUpdated":"2019-10-24T11:53:00+11:00","profile":["http://hl7.org/fhir/StructureDefinition/shareablecodesystem"]},"extension":[{"url":"http://hl7.org/fhir/StructureDefinition/structuredefinition-ballot-status","valueString":"Informative"},{"url":"http://hl7.org/fhir/StructureDefinition/structuredefinition-fmm","valueInteger":1},{"url":"http://hl7.org/fhir/StructureDefinition/structuredefinition-wg","valueCode":"fm"}],"url":"http://hl7.org/fhir/contracttypecodes","identifier":{"system":"urn:ietf:rfc:3986","value":"urn:oid:2.16.840.1.113883.4.642.1.718"},"version":"3.0.2","name":"Contract Type Codes","status":"draft","experimental":true,"publisher":"Financial Management","contact":[{"telecom":[{"system":"url","value":"http://hl7.org/fhir"}]}],"description":"This value set includes sample Contract Type codes.","copyright":"This is an example set.","caseSensitive":true,"valueSet":"http://hl7.org/fhir/ValueSet/contract-type","content":"complete","concept":[{"code":"privacy","display":"Privacy","definition":"Privacy policy."},{"code":"disclosure","display":"Disclosure","definition":"Information disclosure policy."},{"code":"healthinsurance","display":"Health Insurance","definition":"Health Insurance policy."},{"code":"supply","display":"Supply Contract","definition":"Contract to supply goods or services."},{"code":"consent","display":"Consent","definition":"Consent Directive."}]}