{"resourceType":"CodeSystem","id":"address-type","meta":{"lastUpdated":"2019-10-24T11:53:00+11:00"},"extension":[{"url":"http://hl7.org/fhir/StructureDefinition/structuredefinition-ballot-status","valueString":"Informative"},{"url":"http://hl7.org/fhir/StructureDefinition/structuredefinition-fmm","valueInteger":0},{"url":"http://hl7.org/fhir/StructureDefinition/structuredefinition-wg","valueCode":"fhir"}],"url":"http://hl7.org/fhir/address-type","identifier":{"system":"urn:ietf:rfc:3986","value":"urn:oid:2.16.840.1.113883.4.642.1.63"},"version":"3.0.2","name":"AddressType","status":"draft","experimental":false,"date":"2019-10-24T11:53:00+11:00","publisher":"HL7 (FHIR Project)","contact":[{"telecom":[{"system":"url","value":"http://hl7.org/fhir"},{"system":"email","value":"fhir@lists.hl7.org"}]}],"description":"The type of an address (physical / postal)","caseSensitive":true,"valueSet":"http://hl7.org/fhir/ValueSet/address-type","content":"complete","concept":[{"code":"postal","display":"Postal","definition":"Mailing addresses - PO Boxes and care-of addresses."},{"code":"physical","display":"Physical","definition":"A physical address that can be visited."},{"code":"both","display":"Postal & Physical","definition":"An address that is both physical and postal."}]}