{"resourceType":"CodeSystem","id":"v2-0179","meta":{"profile":["http://hl7.org/fhir/StructureDefinition/shareablecodesystem"]},"extension":[{"url":"http://hl7.org/fhir/StructureDefinition/structuredefinition-ballot-status","valueString":"External"},{"url":"http://hl7.org/fhir/StructureDefinition/structuredefinition-fmm","valueInteger":0}],"url":"http://hl7.org/fhir/v2/0179","identifier":{"system":"urn:ietf:rfc:3986","value":"urn:oid:2.16.840.1.113883.18.94"},"version":"2.8.2","name":"v2 Response Level","status":"active","experimental":false,"publisher":"HL7, Inc","contact":[{"telecom":[{"system":"url","value":"http://hl7.org"}]}],"description":"FHIR Value set/code system definition for HL7 v2 table 0179 ( Response Level)","caseSensitive":false,"valueSet":"http://hl7.org/fhir/ValueSet/v2-0179","content":"complete","concept":[{"code":"AL","display":"Always.  All MFA segments (whether denoting errors or not) must be returned via the application-level acknowledgment message","designation":[{"language":"de","value":"Rückmeldung immer erforderlich"},{"language":"nl","value":"Altijd. Alle MFA-segmenten (fouten en/of succes) moeten worden geretourneerd via de applicatieniveau-bevestiging"}]},{"code":"ER","display":"Error/Reject conditions only.  Only MFA segments denoting errors must be returned via the application-level acknowledgment for this message","designation":[{"language":"de","value":"Rückmeldung bei auftretenden Fehlern"},{"language":"nl","value":"Alleen bij fout/weigering. Er mogen voor dit bericht alleen MFA-segmenten die fouten aanduiden worden geretourneerd via de applicatieniveau-bevestiging"}]},{"code":"NE","display":"Never.  No application-level response needed","designation":[{"language":"de","value":"Keine Rückmeldung erforderlich"},{"language":"nl","value":"Nooit - er is geen antwoord op applicatieniveau nodig"}]},{"code":"SU","display":"Success.  Only MFA segments denoting success must be returned via the application-level acknowledgment for this message","designation":[{"language":"de","value":"Rückmeldung bei erfolgreicher Verarbeitung"},{"language":"nl","value":"Alleen bij succes. Er mogen voor dit bericht alleen MFA-segmenten die succes aanduiden worden geretourneerd via de applicatieniveau-bevestiging"}]}]}