{"resourceType":"CodeSystem","id":"event-status","meta":{"lastUpdated":"2019-10-24T11:53:00+11:00"},"extension":[{"url":"http://hl7.org/fhir/StructureDefinition/structuredefinition-ballot-status","valueString":"Informative"},{"url":"http://hl7.org/fhir/StructureDefinition/structuredefinition-fmm","valueInteger":3},{"url":"http://hl7.org/fhir/StructureDefinition/structuredefinition-wg","valueCode":"pc"}],"url":"http://hl7.org/fhir/event-status","identifier":{"system":"urn:ietf:rfc:3986","value":"urn:oid:2.16.840.1.113883.4.642.1.101"},"version":"3.0.2","name":"EventStatus","status":"draft","experimental":false,"date":"2019-10-24T11:53:00+11:00","publisher":"HL7 (FHIR Project)","contact":[{"telecom":[{"system":"url","value":"http://hl7.org/fhir"},{"system":"email","value":"fhir@lists.hl7.org"}]}],"description":"Codes identifying the stage lifecycle stage of a event","caseSensitive":true,"valueSet":"http://hl7.org/fhir/ValueSet/event-status","content":"complete","concept":[{"code":"preparation","display":"Preparation","definition":"The core event has not started yet, but some staging activities have begun (e.g. surgical suite preparation).  Preparation stages may be tracked for billing purposes."},{"code":"in-progress","display":"In Progress","definition":"The event is currently occurring"},{"code":"suspended","display":"Suspended","definition":"The event has been temporarily stopped but is expected to resume in the future"},{"code":"aborted","display":"Aborted","definition":"The event was  prior to the full completion of the intended actions"},{"code":"completed","display":"Completed","definition":"The event has now concluded"},{"code":"entered-in-error","display":"Entered in Error","definition":"This electronic record should never have existed, though it is possible that real-world decisions were based on it.  (If real-world activity has occurred, the status should be \"cancelled\" rather than \"entered-in-error\".)"},{"code":"unknown","display":"Unknown","definition":"The authoring system does not know which of the status values currently applies for this request.  Note: This concept is not to be used for \"other\" - one of the listed statuses is presumed to apply, it's just not known which one."}]}