{"resourceType":"CodeSystem","id":"audit-event-type","meta":{"lastUpdated":"2019-10-24T11:53:00+11:00","profile":["http://hl7.org/fhir/StructureDefinition/shareablecodesystem"]},"extension":[{"url":"http://hl7.org/fhir/StructureDefinition/structuredefinition-ballot-status","valueString":"Informative"},{"url":"http://hl7.org/fhir/StructureDefinition/structuredefinition-fmm","valueInteger":3},{"url":"http://hl7.org/fhir/StructureDefinition/structuredefinition-wg","valueCode":"sec"}],"url":"http://hl7.org/fhir/audit-event-type","identifier":{"system":"urn:ietf:rfc:3986","value":"urn:oid:2.16.840.1.113883.4.642.1.456"},"version":"20150326","name":"Audit Event ID","status":"active","experimental":true,"date":"2015-03-26T00:00:00+11:00","publisher":"NEMA/DICOM","description":"Event Types for Audit Events - defined by DICOM with some FHIR specific additions.","copyright":"These codes are excerpted from Digital Imaging and Communications in Medicine (DICOM) Standard, Part 16: Content Mapping Resource, Copyright © 2011 by the National Electrical Manufacturers Association.","caseSensitive":true,"valueSet":"http://hl7.org/fhir/ValueSet/audit-event-type","content":"complete","concept":[{"code":"rest","display":"RESTful Operation","definition":"Audit Event: Execution of a RESTful operation as defined by FHIR."}]}