{"resourceType":"CodeSystem","id":"search-entry-mode","meta":{"lastUpdated":"2019-10-24T11:53:00+11:00"},"extension":[{"url":"http://hl7.org/fhir/StructureDefinition/structuredefinition-ballot-status","valueString":"Informative"},{"url":"http://hl7.org/fhir/StructureDefinition/structuredefinition-fmm","valueInteger":5},{"url":"http://hl7.org/fhir/StructureDefinition/structuredefinition-wg","valueCode":"fhir"}],"url":"http://hl7.org/fhir/search-entry-mode","identifier":{"system":"urn:ietf:rfc:3986","value":"urn:oid:2.16.840.1.113883.4.642.1.615"},"version":"3.0.2","name":"SearchEntryMode","status":"draft","experimental":false,"date":"2019-10-24T11:53:00+11:00","publisher":"HL7 (FHIR Project)","contact":[{"telecom":[{"system":"url","value":"http://hl7.org/fhir"},{"system":"email","value":"fhir@lists.hl7.org"}]}],"description":"Why an entry is in the result set - whether it's included as a match or because of an _include requirement.","caseSensitive":true,"valueSet":"http://hl7.org/fhir/ValueSet/search-entry-mode","content":"complete","concept":[{"code":"match","display":"Match","definition":"This resource matched the search specification."},{"code":"include","display":"Include","definition":"This resource is returned because it is referred to from another resource in the search set."},{"code":"outcome","display":"Outcome","definition":"An OperationOutcome that provides additional information about the processing of a search."}]}