{"resourceType":"CodeSystem","id":"http-operations","meta":{"lastUpdated":"2019-10-24T11:53:00+11:00"},"extension":[{"url":"http://hl7.org/fhir/StructureDefinition/structuredefinition-ballot-status","valueString":"Informative"},{"url":"http://hl7.org/fhir/StructureDefinition/structuredefinition-fmm","valueInteger":2},{"url":"http://hl7.org/fhir/StructureDefinition/structuredefinition-wg","valueCode":"fhir"}],"url":"http://hl7.org/fhir/http-operations","identifier":{"system":"urn:ietf:rfc:3986","value":"urn:oid:2.16.840.1.113883.4.642.1.705"},"version":"3.0.2","name":"TestScriptRequestMethodCode","status":"draft","experimental":false,"date":"2019-10-24T11:53:00+11:00","publisher":"HL7 (FHIR Project)","contact":[{"telecom":[{"system":"url","value":"http://hl7.org/fhir"},{"system":"email","value":"fhir@lists.hl7.org"}]}],"description":"The allowable request method or HTTP operation codes.","caseSensitive":true,"valueSet":"http://hl7.org/fhir/ValueSet/http-operations","content":"complete","concept":[{"code":"delete","display":"DELETE","definition":"HTTP DELETE operation"},{"code":"get","display":"GET","definition":"HTTP GET operation"},{"code":"options","display":"OPTIONS","definition":"HTTP OPTIONS operation"},{"code":"patch","display":"PATCH","definition":"HTTP PATCH operation"},{"code":"post","display":"POST","definition":"HTTP POST operation"},{"code":"put","display":"PUT","definition":"HTTP PUT operation"}]}