{"resourceType":"CodeSystem","id":"v2-0148","meta":{"profile":["http://hl7.org/fhir/StructureDefinition/shareablecodesystem"]},"extension":[{"url":"http://hl7.org/fhir/StructureDefinition/structuredefinition-ballot-status","valueString":"External"},{"url":"http://hl7.org/fhir/StructureDefinition/structuredefinition-fmm","valueInteger":0}],"url":"http://hl7.org/fhir/v2/0148","identifier":{"system":"urn:ietf:rfc:3986","value":"urn:oid:2.16.840.1.113883.18.69"},"version":"2.8.2","name":"v2 Money or Percentage Indicator","status":"active","experimental":false,"publisher":"HL7, Inc","contact":[{"telecom":[{"system":"url","value":"http://hl7.org"}]}],"description":"FHIR Value set/code system definition for HL7 v2 table 0148 ( Money or Percentage Indicator)","caseSensitive":false,"valueSet":"http://hl7.org/fhir/ValueSet/v2-0148","content":"complete","concept":[{"code":"AT","display":"Currency amount","designation":[{"language":"de","value":"Betrag (Tabelle 148 wird nicht verwendet)"},{"language":"nl","value":"Geldbedrag"}]},{"code":"PC","display":"Percentage","designation":[{"language":"de","value":"Prozentsatz"},{"language":"nl","value":"Percentage"}]}]}