{"resourceType":"CodeSystem","id":"assert-direction-codes","meta":{"lastUpdated":"2019-10-24T11:53:00+11:00"},"extension":[{"url":"http://hl7.org/fhir/StructureDefinition/structuredefinition-ballot-status","valueString":"Informative"},{"url":"http://hl7.org/fhir/StructureDefinition/structuredefinition-fmm","valueInteger":2},{"url":"http://hl7.org/fhir/StructureDefinition/structuredefinition-wg","valueCode":"fhir"}],"url":"http://hl7.org/fhir/assert-direction-codes","identifier":{"system":"urn:ietf:rfc:3986","value":"urn:oid:2.16.840.1.113883.4.642.1.695"},"version":"3.0.2","name":"AssertionDirectionType","status":"draft","experimental":false,"date":"2019-10-24T11:53:00+11:00","publisher":"HL7 (FHIR Project)","contact":[{"telecom":[{"system":"url","value":"http://hl7.org/fhir"},{"system":"email","value":"fhir@lists.hl7.org"}]}],"description":"The type of direction to use for assertion.","caseSensitive":true,"valueSet":"http://hl7.org/fhir/ValueSet/assert-direction-codes","content":"complete","concept":[{"code":"response","display":"response","definition":"The assertion is evaluated on the response. This is the default value."},{"code":"request","display":"request","definition":"The assertion is evaluated on the request."}]}