{"resourceType":"CodeSystem","id":"encounter-location-status","meta":{"lastUpdated":"2019-10-24T11:53:00+11:00"},"extension":[{"url":"http://hl7.org/fhir/StructureDefinition/structuredefinition-ballot-status","valueString":"Informative"},{"url":"http://hl7.org/fhir/StructureDefinition/structuredefinition-fmm","valueInteger":2},{"url":"http://hl7.org/fhir/StructureDefinition/structuredefinition-wg","valueCode":"pa"}],"url":"http://hl7.org/fhir/encounter-location-status","identifier":{"system":"urn:ietf:rfc:3986","value":"urn:oid:2.16.840.1.113883.4.642.1.258"},"version":"3.0.2","name":"EncounterLocationStatus","status":"draft","experimental":false,"date":"2019-10-24T11:53:00+11:00","publisher":"HL7 (FHIR Project)","contact":[{"telecom":[{"system":"url","value":"http://hl7.org/fhir"},{"system":"email","value":"fhir@lists.hl7.org"}]}],"description":"The status of the location.","caseSensitive":true,"valueSet":"http://hl7.org/fhir/ValueSet/encounter-location-status","content":"complete","concept":[{"code":"planned","display":"Planned","definition":"The patient is planned to be moved to this location at some point in the future."},{"code":"active","display":"Active","definition":"The patient is currently at this location, or was between the period specified.\r\rA system may update these records when the patient leaves the location to either reserved, or completed"},{"code":"reserved","display":"Reserved","definition":"This location is held empty for this patient."},{"code":"completed","display":"Completed","definition":"The patient was at this location during the period specified.\r\rNot to be used when the patient is currently at the location"}]}