{"resourceType":"CodeSystem","id":"questionnaire-display-category","meta":{"lastUpdated":"2019-10-24T11:53:00+11:00","profile":["http://hl7.org/fhir/StructureDefinition/shareablecodesystem"]},"extension":[{"url":"http://hl7.org/fhir/StructureDefinition/structuredefinition-ballot-status","valueString":"Informative"},{"url":"http://hl7.org/fhir/StructureDefinition/structuredefinition-fmm","valueInteger":0}],"url":"http://hl7.org/fhir/questionnaire-display-category","identifier":{"system":"urn:ietf:rfc:3986","value":"urn:oid:2.16.840.1.113883.4.642.1.853"},"version":"3.0.2","name":"Questionnaire Text Categories","status":"draft","experimental":true,"publisher":"HL7 International - Patient Care WG","contact":[{"telecom":[{"system":"url","value":"http://www.hl7.org/Special/committees/patientcare"}]}],"description":"Codes defining the purpose of a Questionnaire item of type 'text'.","caseSensitive":true,"valueSet":"http://hl7.org/fhir/ValueSet/questionnaire-display-category","content":"complete","concept":[{"code":"instructions","display":"Instructions","definition":"The text provides guidances on how to populate or use a portion of the questionnaire (or the questionnaire as a whole)."},{"code":"security","display":"Security","definition":"The text provides guidance on how the information should be or will be handled from a security/confidentiality/access control perspective when completed"}]}