{"resourceType":"CodeSystem","id":"v2-0128","meta":{"profile":["http://hl7.org/fhir/StructureDefinition/shareablecodesystem"]},"extension":[{"url":"http://hl7.org/fhir/StructureDefinition/structuredefinition-ballot-status","valueString":"External"},{"url":"http://hl7.org/fhir/StructureDefinition/structuredefinition-fmm","valueInteger":0}],"url":"http://hl7.org/fhir/v2/0128","identifier":{"system":"urn:ietf:rfc:3986","value":"urn:oid:2.16.840.1.113883.18.55"},"version":"2.8.2","name":"v2 Allergy Severity","status":"active","experimental":false,"publisher":"HL7, Inc","contact":[{"telecom":[{"system":"url","value":"http://hl7.org"}]}],"description":"FHIR Value set/code system definition for HL7 v2 table 0128 ( Allergy Severity)","caseSensitive":false,"valueSet":"http://hl7.org/fhir/ValueSet/v2-0128","content":"complete","concept":[{"code":"MI","display":"Mild","designation":[{"language":"de","value":"Leicht"},{"language":"nl","value":"Mild"}]},{"code":"MO","display":"Moderate","designation":[{"language":"de","value":"Mittel"},{"language":"nl","value":"Gemiddeld"}]},{"code":"SV","display":"Severe","designation":[{"language":"de","value":"Lebensbedrohlich"},{"language":"nl","value":"Ernstig"}]},{"code":"U","display":"Unknown","designation":[{"language":"nl","value":"Onbekend"}]}]}