{"resourceType":"CodeSystem","id":"identifier-use","meta":{"lastUpdated":"2019-10-24T11:53:00+11:00"},"extension":[{"url":"http://hl7.org/fhir/StructureDefinition/structuredefinition-ballot-status","valueString":"Informative"},{"url":"http://hl7.org/fhir/StructureDefinition/structuredefinition-fmm","valueInteger":0},{"url":"http://hl7.org/fhir/StructureDefinition/structuredefinition-wg","valueCode":"fhir"}],"url":"http://hl7.org/fhir/identifier-use","identifier":{"system":"urn:ietf:rfc:3986","value":"urn:oid:2.16.840.1.113883.4.642.1.53"},"version":"3.0.2","name":"IdentifierUse","status":"draft","experimental":false,"date":"2019-10-24T11:53:00+11:00","publisher":"HL7 (FHIR Project)","contact":[{"telecom":[{"system":"url","value":"http://hl7.org/fhir"},{"system":"email","value":"fhir@lists.hl7.org"}]}],"description":"Identifies the purpose for this identifier, if known .","caseSensitive":true,"valueSet":"http://hl7.org/fhir/ValueSet/identifier-use","content":"complete","concept":[{"code":"usual","display":"Usual","definition":"The identifier recommended for display and use in real-world interactions."},{"code":"official","display":"Official","definition":"The identifier considered to be most trusted for the identification of this item."},{"code":"temp","display":"Temp","definition":"A temporary identifier."},{"code":"secondary","display":"Secondary","definition":"An identifier that was assigned in secondary use - it serves to identify the object in a relative context, but cannot be consistently assigned to the same object again in a different context."}]}