{"resourceType":"CodeSystem","id":"map-model-mode","meta":{"lastUpdated":"2019-10-24T11:53:00+11:00"},"extension":[{"url":"http://hl7.org/fhir/StructureDefinition/structuredefinition-ballot-status","valueString":"Informative"},{"url":"http://hl7.org/fhir/StructureDefinition/structuredefinition-fmm","valueInteger":2},{"url":"http://hl7.org/fhir/StructureDefinition/structuredefinition-wg","valueCode":"fhir"}],"url":"http://hl7.org/fhir/map-model-mode","identifier":{"system":"urn:ietf:rfc:3986","value":"urn:oid:2.16.840.1.113883.4.642.1.662"},"version":"3.0.2","name":"StructureMapModelMode","status":"draft","experimental":false,"date":"2019-10-24T11:53:00+11:00","publisher":"HL7 (FHIR Project)","contact":[{"telecom":[{"system":"url","value":"http://hl7.org/fhir"},{"system":"email","value":"fhir@lists.hl7.org"}]}],"description":"How the referenced structure is used in this mapping","caseSensitive":true,"valueSet":"http://hl7.org/fhir/ValueSet/map-model-mode","content":"complete","concept":[{"code":"source","display":"Source Structure Definition","definition":"This structure describes an instance passed to the mapping engine that is used a source of data"},{"code":"queried","display":"Queried Structure Definition","definition":"This structure describes an instance that the mapping engine may ask for that is used a source of data"},{"code":"target","display":"Target Structure Definition","definition":"This structure describes an instance passed to the mapping engine that is used a target of data"},{"code":"produced","display":"Produced Structure Definition","definition":"This structure describes an instance that the mapping engine may ask to create that is used a target of data"}]}