{"resourceType":"CodeSystem","id":"conditional-delete-status","meta":{"lastUpdated":"2019-10-24T11:53:00+11:00"},"extension":[{"url":"http://hl7.org/fhir/StructureDefinition/structuredefinition-ballot-status","valueString":"Informative"},{"url":"http://hl7.org/fhir/StructureDefinition/structuredefinition-fmm","valueInteger":3},{"url":"http://hl7.org/fhir/StructureDefinition/structuredefinition-wg","valueCode":"fhir"}],"url":"http://hl7.org/fhir/conditional-delete-status","identifier":{"system":"urn:ietf:rfc:3986","value":"urn:oid:2.16.840.1.113883.4.642.1.185"},"version":"3.0.2","name":"ConditionalDeleteStatus","status":"draft","experimental":false,"date":"2019-10-24T11:53:00+11:00","publisher":"HL7 (FHIR Project)","contact":[{"telecom":[{"system":"url","value":"http://hl7.org/fhir"},{"system":"email","value":"fhir@lists.hl7.org"}]}],"description":"A code that indicates how the server supports conditional delete.","caseSensitive":true,"valueSet":"http://hl7.org/fhir/ValueSet/conditional-delete-status","content":"complete","concept":[{"code":"not-supported","display":"Not Supported","definition":"No support for conditional deletes."},{"code":"single","display":"Single Deletes Supported","definition":"Conditional deletes are supported, but only single resources at a time."},{"code":"multiple","display":"Multiple Deletes Supported","definition":"Conditional deletes are supported, and multiple resources can be deleted in a single interaction."}]}