{"resourceType":"CodeSystem","id":"communication-not-done-reason","meta":{"lastUpdated":"2019-10-24T11:53:00+11:00"},"extension":[{"url":"http://hl7.org/fhir/StructureDefinition/structuredefinition-ballot-status","valueString":"Informative"},{"url":"http://hl7.org/fhir/StructureDefinition/structuredefinition-fmm","valueInteger":1},{"url":"http://hl7.org/fhir/StructureDefinition/structuredefinition-wg","valueCode":"pc"}],"url":"http://hl7.org/fhir/communication-not-done-reason","identifier":{"system":"urn:ietf:rfc:3986","value":"urn:oid:2.16.840.1.113883.4.642.1.165"},"version":"3.0.2","name":"CommunicationNotDoneReason","status":"draft","experimental":false,"date":"2019-10-24T11:53:00+11:00","publisher":"HL7 (FHIR Project)","contact":[{"telecom":[{"system":"url","value":"http://hl7.org/fhir"},{"system":"email","value":"fhir@lists.hl7.org"}]}],"description":"Codes for the reason why a communication was not done.","caseSensitive":true,"valueSet":"http://hl7.org/fhir/ValueSet/communication-not-done-reason","content":"complete","concept":[{"code":"unknown","display":"Unknown","definition":"The communication was not done due to an unknown reason."},{"code":"system-error","display":"System Error","definition":"The communication was not done due to a system error."},{"code":"invalid-phone-number","display":"Invalid Phone Number","definition":"The communication was not done due to an invalid phone number."},{"code":"recipient-unavailable","display":"Recipient Unavailable","definition":"The communication was not done due to the recipient being unavailable."},{"code":"family-objection","display":"Family Objection","definition":"The communication was not done due to a family objection."},{"code":"patient-objection","display":"Patient Objection","definition":"The communication was not done due to a patient objection."}]}