{"resourceType":"CodeSystem","id":"endpoint-status","meta":{"lastUpdated":"2019-10-24T11:53:00+11:00"},"extension":[{"url":"http://hl7.org/fhir/StructureDefinition/structuredefinition-ballot-status","valueString":"Informative"},{"url":"http://hl7.org/fhir/StructureDefinition/structuredefinition-fmm","valueInteger":2},{"url":"http://hl7.org/fhir/StructureDefinition/structuredefinition-wg","valueCode":"pa"}],"url":"http://hl7.org/fhir/endpoint-status","identifier":{"system":"urn:ietf:rfc:3986","value":"urn:oid:2.16.840.1.113883.4.642.1.488"},"version":"3.0.2","name":"EndpointStatus","status":"draft","experimental":false,"date":"2019-10-24T11:53:00+11:00","publisher":"HL7 (FHIR Project)","contact":[{"telecom":[{"system":"url","value":"http://hl7.org/fhir"},{"system":"email","value":"fhir@lists.hl7.org"}]}],"description":"The status of the endpoint","caseSensitive":true,"valueSet":"http://hl7.org/fhir/ValueSet/endpoint-status","content":"complete","concept":[{"code":"active","display":"Active","definition":"This endpoint is expected to be active and can be used"},{"code":"suspended","display":"Suspended","definition":"This endpoint is temporarily unavailable"},{"code":"error","display":"Error","definition":"This endpoint has exceeded connectivity thresholds and is considered in an error state and should no longer be attempted to connect to until corrective action is taken"},{"code":"off","display":"Off","definition":"This endpoint is no longer to be used"},{"code":"entered-in-error","display":"Entered in error","definition":"This instance should not have been part of this patient's medical record."},{"code":"test","display":"Test","definition":"This endpoint is not intended for production usage."}]}