{"resourceType":"CodeSystem","id":"document-reference-status","meta":{"lastUpdated":"2019-10-24T11:53:00+11:00"},"extension":[{"url":"http://hl7.org/fhir/StructureDefinition/structuredefinition-ballot-status","valueString":"Informative"},{"url":"http://hl7.org/fhir/StructureDefinition/structuredefinition-fmm","valueInteger":3},{"url":"http://hl7.org/fhir/StructureDefinition/structuredefinition-wg","valueCode":"sd"}],"url":"http://hl7.org/fhir/document-reference-status","identifier":{"system":"urn:ietf:rfc:3986","value":"urn:oid:2.16.840.1.113883.4.642.1.8"},"version":"3.0.2","name":"DocumentReferenceStatus","status":"draft","experimental":false,"date":"2019-10-24T11:53:00+11:00","description":"The status of the document reference.","caseSensitive":true,"valueSet":"http://hl7.org/fhir/ValueSet/document-reference-status","content":"complete","concept":[{"code":"current","display":"Current","definition":"This is the current reference for this document."},{"code":"superseded","display":"Superseded","definition":"This reference has been superseded by another reference."},{"code":"entered-in-error","display":"Entered in Error","definition":"This reference was created in error."}]}