{"resourceType":"CodeSystem","id":"operational-status","meta":{"lastUpdated":"2019-10-24T11:53:00+11:00"},"extension":[{"url":"http://hl7.org/fhir/StructureDefinition/structuredefinition-ballot-status","valueString":"Informative"},{"url":"http://hl7.org/fhir/StructureDefinition/structuredefinition-fmm","valueInteger":1},{"url":"http://hl7.org/fhir/StructureDefinition/structuredefinition-wg","valueCode":"dev"}],"url":"http://hl7.org/fhir/operational-status","identifier":{"system":"urn:ietf:rfc:3986","value":"urn:oid:2.16.840.1.113883.4.642.1.896"},"version":"3.0.2","name":"DeviceComponentOperationalStatus","status":"draft","experimental":false,"date":"2019-10-24T11:53:00+11:00","publisher":"HL7 (FHIR Project)","contact":[{"telecom":[{"system":"url","value":"http://hl7.org/fhir"},{"system":"email","value":"fhir@lists.hl7.org"}]}],"description":"Codes representing the current status of the device - on, off, suspended, etc.","caseSensitive":true,"valueSet":"http://hl7.org/fhir/ValueSet/operational-status","content":"complete","concept":[{"code":"off","display":"Off","definition":"The device is off."},{"code":"on","display":"On","definition":"The device is fully operational."},{"code":"not-ready","display":"Not Ready","definition":"The device is not ready."},{"code":"standby","display":"Standby","definition":"The device is ready but not actively operating."},{"code":"transduc-discon","display":"Transducer Diconnected","definition":"The device transducer is diconnected."},{"code":"hw-discon","display":"Hardware Disconnectd","definition":"The device hardware is disconnected."},{"code":"entered-in-error","display":"Entered In Error","definition":"The device was entered in error."}]}