{"resourceType":"CodeSystem","id":"constraint-severity","meta":{"lastUpdated":"2019-10-24T11:53:00+11:00"},"extension":[{"url":"http://hl7.org/fhir/StructureDefinition/structuredefinition-ballot-status","valueString":"Informative"},{"url":"http://hl7.org/fhir/StructureDefinition/structuredefinition-fmm","valueInteger":0},{"url":"http://hl7.org/fhir/StructureDefinition/structuredefinition-wg","valueCode":"fhir"}],"url":"http://hl7.org/fhir/constraint-severity","identifier":{"system":"urn:ietf:rfc:3986","value":"urn:oid:2.16.840.1.113883.4.642.1.75"},"version":"3.0.2","name":"ConstraintSeverity","status":"draft","experimental":false,"date":"2019-10-24T11:53:00+11:00","publisher":"HL7 (FHIR Project)","contact":[{"telecom":[{"system":"url","value":"http://hl7.org/fhir"},{"system":"email","value":"fhir@lists.hl7.org"}]}],"description":"SHALL applications comply with this constraint?","caseSensitive":true,"valueSet":"http://hl7.org/fhir/ValueSet/constraint-severity","content":"complete","concept":[{"code":"error","display":"Error","definition":"If the constraint is violated, the resource is not conformant."},{"code":"warning","display":"Warning","definition":"If the constraint is violated, the resource is conformant, but it is not necessarily following best practice."}]}