{"resourceType":"CodeSystem","id":"v2-0063","meta":{"profile":["http://hl7.org/fhir/StructureDefinition/shareablecodesystem"]},"extension":[{"url":"http://hl7.org/fhir/StructureDefinition/structuredefinition-ballot-status","valueString":"External"},{"url":"http://hl7.org/fhir/StructureDefinition/structuredefinition-fmm","valueInteger":0}],"url":"http://hl7.org/fhir/v2/0063","identifier":{"system":"urn:ietf:rfc:3986","value":"urn:oid:2.16.840.1.113883.18.24"},"version":"2.8.2","name":"v2 Relationship","status":"active","experimental":false,"publisher":"HL7, Inc","contact":[{"telecom":[{"system":"url","value":"http://hl7.org"}]}],"description":"FHIR Value set/code system definition for HL7 v2 table 0063 ( Relationship)","caseSensitive":false,"valueSet":"http://hl7.org/fhir/ValueSet/v2-0063","content":"complete","concept":[{"code":"ASC","display":"Associate","designation":[{"language":"de","value":"Collègue"},{"language":"nl","value":"Zakenpartner"}]},{"code":"BRO","display":"Brother","designation":[{"language":"de","value":"Bruder"},{"language":"nl","value":"Broer"}]},{"code":"CGV","display":"Care giver","designation":[{"language":"de","value":"Pflegeeltern"},{"language":"nl","value":"Zorgverlener"}]},{"code":"CHD","display":"Child","designation":[{"language":"de","value":"Kind"},{"language":"nl","value":"Kind"}]},{"code":"DEP","display":"Handicapped dependent","designation":[{"language":"de","value":"Begleitperson für Hilfsbedürftige"},{"language":"nl","value":"Gehandicapt afhankelijke"}]},{"code":"DOM","display":"Life partner","designation":[{"language":"de","value":"Lebenspartner"},{"language":"nl","value":"Levenspartner"}]},{"code":"EMC","display":"Emergency contact","designation":[{"language":"de","value":"Ansprechpartner in Notfällen"},{"language":"nl","value":"Noodgeval contact"}]},{"code":"EME","display":"Employee","designation":[{"language":"de","value":"Angestellter"},{"language":"nl","value":"Werknemer"}]},{"code":"EMR","display":"Employer","designation":[{"language":"de","value":"Arbeitgeber"},{"language":"nl","value":"Eployer"}]},{"code":"EXF","display":"Extended family","designation":[{"language":"de","value":"erweiterter Familienkreis"},{"language":"nl","value":"Verre familie"}]},{"code":"FCH","display":"Foster child","designation":[{"language":"de","value":"Pflegekind"},{"language":"nl","value":"Pleegkind"}]},{"code":"FND","display":"Friend","designation":[{"language":"de","value":"Freund"},{"language":"nl","value":"Friend"}]},{"code":"FTH","display":"Father","designation":[{"language":"de","value":"Vater"},{"language":"nl","value":"Vader"}]},{"code":"GCH","display":"Grandchild","designation":[{"language":"de","value":"Enkel"},{"language":"nl","value":"Kleinkind"}]},{"code":"GRD","display":"Guardian","designation":[{"language":"de","value":"Pate"},{"language":"nl","value":"Voogd"}]},{"code":"GRP","display":"Grandparent","designation":[{"language":"de","value":"Großeltern"},{"language":"nl","value":"Grootouder"}]},{"code":"MGR","display":"Manager","designation":[{"language":"de","value":"Manager"},{"language":"nl","value":"Manager"}]},{"code":"MTH","display":"Mother","designation":[{"language":"de","value":"Mutter"},{"language":"nl","value":"Moeder"}]},{"code":"NCH","display":"Natural child","designation":[{"language":"de","value":"eigenes Kind"},{"language":"nl","value":"Biologisch kind"}]},{"code":"NON","display":"None","designation":[{"language":"de","value":"keine"},{"language":"nl","value":"Geen"}]},{"code":"OAD","display":"Other adult","designation":[{"language":"de","value":"anderer Erwachsener"},{"language":"nl","value":"Andere volwassene"}]},{"code":"OTH","display":"Other","designation":[{"language":"de","value":"andere"},{"language":"nl","value":"Anders"}]},{"code":"OWN","display":"Owner","designation":[{"language":"de","value":"Eigentümer"},{"language":"nl","value":"Eigenaar"}]},{"code":"PAR","display":"Parent","designation":[{"language":"de","value":"Eltern"},{"language":"nl","value":"Ouder"}]},{"code":"SCH","display":"Stepchild","designation":[{"language":"de","value":"Stiefkind"},{"language":"nl","value":"Stiefkind"}]},{"code":"SEL","display":"Self","designation":[{"language":"de","value":"selbst"},{"language":"nl","value":"Zelf"}]},{"code":"SIB","display":"Sibling","designation":[{"language":"de","value":"Geschwister"},{"language":"nl","value":"Broer/zus"}]},{"code":"SIS","display":"Sister","designation":[{"language":"de","value":"Schwester"},{"language":"nl","value":"Zus"}]},{"code":"SPO","display":"Spouse","designation":[{"language":"de","value":"Partner"},{"language":"nl","value":"Huwelijkse partner"}]},{"code":"TRA","display":"Trainer","designation":[{"language":"de","value":"Trainer"},{"language":"nl","value":"Trainer"}]},{"code":"UNK","display":"Unknown","designation":[{"language":"de","value":"unbekannt"},{"language":"nl","value":"Onbekend"}]},{"code":"WRD","display":"Ward of court","designation":[{"language":"de","value":"Vormund"},{"language":"nl","value":"Wettelijke voogd"}]}]}