{"resourceType":"CodeSystem","id":"goal-status","meta":{"lastUpdated":"2019-10-24T11:53:00+11:00"},"extension":[{"url":"http://hl7.org/fhir/StructureDefinition/structuredefinition-ballot-status","valueString":"Informative"},{"url":"http://hl7.org/fhir/StructureDefinition/structuredefinition-fmm","valueInteger":2},{"url":"http://hl7.org/fhir/StructureDefinition/structuredefinition-wg","valueCode":"pc"}],"url":"http://hl7.org/fhir/goal-status","identifier":{"system":"urn:ietf:rfc:3986","value":"urn:oid:2.16.840.1.113883.4.642.1.267"},"version":"3.0.2","name":"GoalStatus","status":"draft","experimental":false,"date":"2019-10-24T11:53:00+11:00","publisher":"HL7 (FHIR Project)","contact":[{"telecom":[{"system":"url","value":"http://hl7.org/fhir"},{"system":"email","value":"fhir@lists.hl7.org"}]}],"description":"Indicates whether the goal has been met and is still being targeted","caseSensitive":true,"valueSet":"http://hl7.org/fhir/ValueSet/goal-status","content":"complete","concept":[{"code":"proposed","display":"Proposed","definition":"A goal is proposed for this patient"},{"code":"accepted","display":"Accepted","definition":"A proposed goal was accepted or acknowledged","concept":[{"code":"planned","display":"Planned","definition":"A goal is planned for this patient"},{"code":"in-progress","display":"In Progress","definition":"The goal is being sought but has not yet been reached.  (Also applies if goal was reached in the past but there has been regression and goal is being sought again)","concept":[{"code":"on-target","display":"On Target","definition":"The goal is on schedule for the planned timelines"},{"code":"ahead-of-target","display":"Ahead of Target","definition":"The goal is ahead of the planned timelines"},{"code":"behind-target","display":"Behind Target","definition":"The goal is behind the planned timelines"},{"code":"sustaining","display":"Sustaining","definition":"The goal has been met, but ongoing activity is needed to sustain the goal objective"}]},{"code":"achieved","display":"Achieved","definition":"The goal has been met and no further action is needed"},{"code":"on-hold","display":"On Hold","definition":"The goal remains a long term objective but is no longer being actively pursued for a temporary period of time."}]},{"code":"cancelled","display":"Cancelled","definition":"The previously accepted goal is no longer being sought"},{"code":"entered-in-error","display":"Entered In Error","definition":"The goal was entered in error and voided."},{"code":"rejected","display":"Rejected","definition":"A proposed goal was rejected"}]}