{"resourceType":"CodeSystem","id":"medication-statement-taken","meta":{"lastUpdated":"2019-10-24T11:53:00+11:00"},"extension":[{"url":"http://hl7.org/fhir/StructureDefinition/structuredefinition-ballot-status","valueString":"Informative"},{"url":"http://hl7.org/fhir/StructureDefinition/structuredefinition-fmm","valueInteger":3},{"url":"http://hl7.org/fhir/StructureDefinition/structuredefinition-wg","valueCode":"phx"}],"url":"http://hl7.org/fhir/medication-statement-taken","identifier":{"system":"urn:ietf:rfc:3986","value":"urn:oid:2.16.840.1.113883.4.642.1.358"},"version":"3.0.2","name":"MedicationStatementTaken","status":"draft","experimental":false,"date":"2019-10-24T11:53:00+11:00","publisher":"HL7 (FHIR Project)","contact":[{"telecom":[{"system":"url","value":"http://hl7.org/fhir"},{"system":"email","value":"fhir@lists.hl7.org"}]}],"description":"A coded concept identifying level of certainty if patient has taken or has not taken the medication","caseSensitive":true,"valueSet":"http://hl7.org/fhir/ValueSet/medication-statement-taken","content":"complete","concept":[{"code":"y","display":"Yes","definition":"Positive assertion that patient has taken medication"},{"code":"n","display":"No","definition":"Negative assertion that patient has not taken medication"},{"code":"unk","display":"Unknown","definition":"Unknown assertion if patient has taken medication"},{"code":"na","display":"Not Applicable","definition":"Patient reporting does not apply"}]}