{"resourceType":"CodeSystem","id":"event-timing","meta":{"lastUpdated":"2019-10-24T11:53:00+11:00"},"extension":[{"url":"http://hl7.org/fhir/StructureDefinition/structuredefinition-ballot-status","valueString":"Informative"},{"url":"http://hl7.org/fhir/StructureDefinition/structuredefinition-fmm","valueInteger":0},{"url":"http://hl7.org/fhir/StructureDefinition/structuredefinition-wg","valueCode":"fhir"}],"url":"http://hl7.org/fhir/event-timing","identifier":{"system":"urn:ietf:rfc:3986","value":"urn:oid:2.16.840.1.113883.4.642.1.69"},"version":"3.0.2","name":"EventTiming","status":"draft","experimental":false,"date":"2019-10-24T11:53:00+11:00","publisher":"HL7 (FHIR Project)","contact":[{"telecom":[{"system":"url","value":"http://hl7.org/fhir"},{"system":"email","value":"fhir@lists.hl7.org"}]}],"description":"Real world event relating to the schedule.","caseSensitive":true,"valueSet":"http://hl7.org/fhir/ValueSet/event-timing","content":"complete","concept":[{"code":"MORN","display":"Morning","definition":"event occurs during the morning"},{"code":"AFT","display":"Afternoon","definition":"event occurs during the afternoon"},{"code":"EVE","display":"Evening","definition":"event occurs during the evening"},{"code":"NIGHT","display":"Night","definition":"event occurs during the night"},{"code":"PHS","display":"After Sleep","definition":"event occurs [offset] after subject goes to sleep"}]}