{"resourceType":"CodeSystem","id":"supplyrequest-kind","meta":{"lastUpdated":"2019-10-24T11:53:00+11:00","profile":["http://hl7.org/fhir/StructureDefinition/shareablecodesystem"]},"extension":[{"url":"http://hl7.org/fhir/StructureDefinition/structuredefinition-ballot-status","valueString":"Informative"},{"url":"http://hl7.org/fhir/StructureDefinition/structuredefinition-fmm","valueInteger":1},{"url":"http://hl7.org/fhir/StructureDefinition/structuredefinition-wg","valueCode":"oo"}],"url":"http://hl7.org/fhir/supply-kind","identifier":{"system":"urn:ietf:rfc:3986","value":"urn:oid:2.16.840.1.113883.4.642.1.680"},"version":"3.0.2","name":"Supply Type","status":"draft","experimental":true,"publisher":"FHIR Project team","contact":[{"telecom":[{"system":"url","value":"http://hl7.org/fhir"}]}],"description":"This value sets refers to a Category of supply.","caseSensitive":true,"valueSet":"http://hl7.org/fhir/ValueSet/supplyrequest-kind","content":"complete","concept":[{"code":"central","display":"Central Supply","definition":"Supply is stored and requested from central supply."},{"code":"nonstock","display":"Non-Stock","definition":"Supply is not onsite and must be requested from an outside vendor using a non-stock requisition."}]}