{"resourceType":"CodeSystem","id":"practitioner-specialty","meta":{"lastUpdated":"2019-10-24T11:53:00+11:00","profile":["http://hl7.org/fhir/StructureDefinition/shareablecodesystem"]},"extension":[{"url":"http://hl7.org/fhir/StructureDefinition/structuredefinition-ballot-status","valueString":"Informative"},{"url":"http://hl7.org/fhir/StructureDefinition/structuredefinition-fmm","valueInteger":1},{"url":"http://hl7.org/fhir/StructureDefinition/structuredefinition-wg","valueCode":"pc"}],"url":"http://hl7.org/fhir/practitioner-specialty","identifier":{"system":"urn:ietf:rfc:3986","value":"urn:oid:2.16.840.1.113883.4.642.1.433"},"version":"3.0.2","name":"PractitionerSpecialty","status":"draft","experimental":true,"publisher":"FHIR Project team","contact":[{"telecom":[{"system":"url","value":"http://hl7.org/fhir"}]}],"description":"This example value set defines a set of codes that can be used to indicate the specialty of a Practitioner.","caseSensitive":true,"valueSet":"http://hl7.org/fhir/ValueSet/practitioner-specialty","content":"complete","concept":[{"code":"cardio","display":"Cardiologist"},{"code":"dent","display":"Dentist"},{"code":"dietary","display":"Dietary consultant"},{"code":"midw","display":"Midwife"},{"code":"sysarch","display":"Systems architect"}]}