{"resourceType":"CodeSystem","id":"reason-medication-not-given-codes","meta":{"lastUpdated":"2019-10-24T11:53:00+11:00","profile":["http://hl7.org/fhir/StructureDefinition/shareablecodesystem"]},"extension":[{"url":"http://hl7.org/fhir/StructureDefinition/structuredefinition-ballot-status","valueString":"Informative"},{"url":"http://hl7.org/fhir/StructureDefinition/structuredefinition-fmm","valueInteger":1},{"url":"http://hl7.org/fhir/StructureDefinition/structuredefinition-wg","valueCode":"phx"}],"url":"http://hl7.org/fhir/reason-medication-not-given","identifier":{"system":"urn:ietf:rfc:3986","value":"urn:oid:2.16.840.1.113883.4.642.1.333"},"version":"3.0.2","name":"SNOMED CT Reason Medication Not Given Codes","status":"draft","experimental":true,"publisher":"FHIR Project team","contact":[{"telecom":[{"system":"url","value":"http://hl7.org/fhir"}]}],"description":"This value set includes all medication refused, medication not administered, and non administration of necessary drug or medicine codes from SNOMED CT - provided as an exemplar value set.","copyright":"This value set includes content from SNOMED CT, which is copyright 2002 International Health Terminology Standards Development Organisation (IHTSDO), and distributed by agreement between IHTSDO and HL7. Implementer use of SNOMED CT is not covered by this agreement.","caseSensitive":true,"valueSet":"http://hl7.org/fhir/ValueSet/reason-medication-not-given-codes","content":"complete","concept":[{"code":"a","display":"None","definition":"No reason known."},{"code":"b","display":"Away","definition":"The patient was not available when the dose was scheduled."},{"code":"c","display":"Asleep","definition":"The patient was asleep when the dose was scheduled."},{"code":"d","display":"Vomit","definition":"The patient was given the medication and immediately vomited it back."}]}