{"resourceType":"CodeSystem","id":"v2-0158","meta":{"profile":["http://hl7.org/fhir/StructureDefinition/shareablecodesystem"]},"extension":[{"url":"http://hl7.org/fhir/StructureDefinition/structuredefinition-ballot-status","valueString":"External"},{"url":"http://hl7.org/fhir/StructureDefinition/structuredefinition-fmm","valueInteger":0}],"url":"http://hl7.org/fhir/v2/0158","identifier":{"system":"urn:ietf:rfc:3986","value":"urn:oid:2.16.840.1.113883.18.76"},"version":"2.8.2","name":"v2 Date/time selection qualifier","status":"active","experimental":false,"publisher":"HL7, Inc","contact":[{"telecom":[{"system":"url","value":"http://hl7.org"}]}],"description":"FHIR Value set/code system definition for HL7 v2 table 0158 ( Date/time selection qualifier)","caseSensitive":false,"valueSet":"http://hl7.org/fhir/ValueSet/v2-0158","content":"complete","property":[{"code":"deprecated","uri":"http://hl7.org/fhir/concept-properties#deprecated","description":"The date at which a concept was deprecated. Concepts that are deprecated but not inactive can still be used, but their use is discouraged","type":"dateTime"}],"concept":[{"code":"1ST","display":"First value within range","designation":[{"language":"de","value":"erster Wert"},{"language":"nl","value":"Eerste waarde binnen bereik"}],"property":[{"code":"deprecated","valueDateTime":"2007-10"}]},{"code":"ALL","display":"All values within the range","designation":[{"language":"de","value":"alle Werte"},{"language":"nl","value":"Alle waarden binnen bereik"}],"property":[{"code":"deprecated","valueDateTime":"2007-10"}]},{"code":"LST","display":"Last value within the range","designation":[{"language":"de","value":"letzter Wert"},{"language":"nl","value":"Laatste waarde binnen bereik"}],"property":[{"code":"deprecated","valueDateTime":"2007-10"}]},{"code":"REV","display":"All values within the range returned in reverse chronological order (This is the default if not otherwise specified.)","designation":[{"language":"de","value":"alle Werte in umgekehrter chronologischer Reihenfolge"},{"language":"nl","value":"Alle waarden binnen bereik in omgekeerde chronologische volgorde. (Standaard tenzij anders gespecificeerd.)"}],"property":[{"code":"deprecated","valueDateTime":"2007-10"}]}]}