{"resourceType":"CodeSystem","id":"measure-report-status","meta":{"lastUpdated":"2019-10-24T11:53:00+11:00"},"extension":[{"url":"http://hl7.org/fhir/StructureDefinition/structuredefinition-ballot-status","valueString":"Informative"},{"url":"http://hl7.org/fhir/StructureDefinition/structuredefinition-fmm","valueInteger":2},{"url":"http://hl7.org/fhir/StructureDefinition/structuredefinition-wg","valueCode":"cqi"}],"url":"http://hl7.org/fhir/measure-report-status","identifier":{"system":"urn:ietf:rfc:3986","value":"urn:oid:2.16.840.1.113883.4.642.1.760"},"version":"3.0.2","name":"MeasureReportStatus","status":"draft","experimental":false,"date":"2019-10-24T11:53:00+11:00","publisher":"HL7 (FHIR Project)","contact":[{"telecom":[{"system":"url","value":"http://hl7.org/fhir"},{"system":"email","value":"fhir@lists.hl7.org"}]}],"description":"The status of the measure report","caseSensitive":true,"valueSet":"http://hl7.org/fhir/ValueSet/measure-report-status","content":"complete","concept":[{"code":"complete","display":"Complete","definition":"The report is complete and ready for use"},{"code":"pending","display":"Pending","definition":"The report is currently being generated"},{"code":"error","display":"Error","definition":"An error occurred attempting to generate the report"}]}