{"resourceType":"CodeSystem","id":"namingsystem-type","meta":{"lastUpdated":"2019-10-24T11:53:00+11:00"},"extension":[{"url":"http://hl7.org/fhir/StructureDefinition/structuredefinition-ballot-status","valueString":"Informative"},{"url":"http://hl7.org/fhir/StructureDefinition/structuredefinition-fmm","valueInteger":1},{"url":"http://hl7.org/fhir/StructureDefinition/structuredefinition-wg","valueCode":"fhir"}],"url":"http://hl7.org/fhir/namingsystem-type","identifier":{"system":"urn:ietf:rfc:3986","value":"urn:oid:2.16.840.1.113883.4.642.1.484"},"version":"3.0.2","name":"NamingSystemType","status":"draft","experimental":false,"date":"2019-10-24T11:53:00+11:00","publisher":"HL7 (FHIR Project)","contact":[{"telecom":[{"system":"url","value":"http://hl7.org/fhir"},{"system":"email","value":"fhir@lists.hl7.org"}]}],"description":"Identifies the purpose of the naming system.","caseSensitive":true,"valueSet":"http://hl7.org/fhir/ValueSet/namingsystem-type","content":"complete","concept":[{"code":"codesystem","display":"Code System","definition":"The naming system is used to define concepts and symbols to represent those concepts; e.g. UCUM, LOINC, NDC code, local lab codes, etc."},{"code":"identifier","display":"Identifier","definition":"The naming system is used to manage identifiers (e.g. license numbers, order numbers, etc.)."},{"code":"root","display":"Root","definition":"The naming system is used as the root for other identifiers and naming systems."}]}