{"resourceType":"CodeSystem","id":"location-mode","meta":{"lastUpdated":"2019-10-24T11:53:00+11:00"},"extension":[{"url":"http://hl7.org/fhir/StructureDefinition/structuredefinition-ballot-status","valueString":"Informative"},{"url":"http://hl7.org/fhir/StructureDefinition/structuredefinition-fmm","valueInteger":3},{"url":"http://hl7.org/fhir/StructureDefinition/structuredefinition-wg","valueCode":"pa"}],"url":"http://hl7.org/fhir/location-mode","identifier":{"system":"urn:ietf:rfc:3986","value":"urn:oid:2.16.840.1.113883.4.642.1.322"},"version":"3.0.2","name":"LocationMode","status":"draft","experimental":false,"date":"2019-10-24T11:53:00+11:00","publisher":"HL7 (FHIR Project)","contact":[{"telecom":[{"system":"url","value":"http://hl7.org/fhir"},{"system":"email","value":"fhir@lists.hl7.org"}]}],"description":"Indicates whether a resource instance represents a specific location or a class of locations.","caseSensitive":true,"valueSet":"http://hl7.org/fhir/ValueSet/location-mode","content":"complete","concept":[{"code":"instance","display":"Instance","definition":"The Location resource represents a specific instance of a location (e.g. Operating Theatre 1A)."},{"code":"kind","display":"Kind","definition":"The Location represents a class of locations (e.g. Any Operating Theatre) although this class of locations could be constrained within a specific boundary (such as organization, or parent location, address etc.)."}]}