{"resourceType":"CodeSystem","id":"v2-0027","meta":{"profile":["http://hl7.org/fhir/StructureDefinition/shareablecodesystem"]},"extension":[{"url":"http://hl7.org/fhir/StructureDefinition/structuredefinition-ballot-status","valueString":"External"},{"url":"http://hl7.org/fhir/StructureDefinition/structuredefinition-fmm","valueInteger":0}],"url":"http://hl7.org/fhir/v2/0027","identifier":{"system":"urn:ietf:rfc:3986","value":"urn:oid:2.16.840.1.113883.18.15"},"version":"2.8.2","name":"v2 Priority","status":"active","experimental":false,"publisher":"HL7, Inc","contact":[{"telecom":[{"system":"url","value":"http://hl7.org"}]}],"description":"FHIR Value set/code system definition for HL7 v2 table 0027 ( Priority)","caseSensitive":false,"valueSet":"http://hl7.org/fhir/ValueSet/v2-0027","content":"complete","concept":[{"code":"A","display":"As soon as possible (a priority lower than stat)","designation":[{"language":"de","value":"schnellstmöglich"},{"language":"nl","value":"Zo snel mogelijk. (prioriteit lager dan stat)"}]},{"code":"P","display":"Preoperative (to be done prior to surgery)","designation":[{"language":"de","value":"präoperativ"},{"language":"nl","value":"Preoperatief (doen voorafgaand aan operatie)"}]},{"code":"R","display":"Routine","designation":[{"language":"de","value":"Routine"},{"language":"nl","value":"Routine"}]},{"code":"S","display":"Stat (do immediately)","designation":[{"language":"de","value":"sofort"},{"language":"nl","value":"Stat (onmiddellijk uitvoeren)"}]},{"code":"T","display":"Timing critical (do as near as possible to requested time)","designation":[{"language":"de","value":"zum vereinbarten Zeitpunkt"},{"language":"nl","value":"timing kritiek (uitvoering zo dicht mogelijk bij gevraagde tijd)"}]}]}