{"resourceType":"CodeSystem","id":"v2-0102","meta":{"profile":["http://hl7.org/fhir/StructureDefinition/shareablecodesystem"]},"extension":[{"url":"http://hl7.org/fhir/StructureDefinition/structuredefinition-ballot-status","valueString":"External"},{"url":"http://hl7.org/fhir/StructureDefinition/structuredefinition-fmm","valueInteger":0}],"url":"http://hl7.org/fhir/v2/0102","identifier":{"system":"urn:ietf:rfc:3986","value":"urn:oid:2.16.840.1.113883.18.39"},"version":"2.8.2","name":"v2 Delayed acknowledgment type","status":"active","experimental":false,"publisher":"HL7, Inc","contact":[{"telecom":[{"system":"url","value":"http://hl7.org"}]}],"description":"FHIR Value set/code system definition for HL7 v2 table 0102 ( Delayed acknowledgment type)","caseSensitive":false,"valueSet":"http://hl7.org/fhir/ValueSet/v2-0102","content":"complete","property":[{"code":"deprecated","uri":"http://hl7.org/fhir/concept-properties#deprecated","description":"The date at which a concept was deprecated. Concepts that are deprecated but not inactive can still be used, but their use is discouraged","type":"dateTime"}],"concept":[{"code":"D","display":"Message received, stored for later processing","designation":[{"language":"de","value":"Nachricht erhalten, zur Bearbeitung gespeichert"},{"language":"nl","value":"Bericht ontvangen, opgeslagen voor verdere verwerking"}],"property":[{"code":"deprecated","valueDateTime":"2000-11"}]},{"code":"F","display":"acknowledgment after processing","designation":[{"language":"de","value":"Bestätigung nach Verarbeitung (veraltet)"},{"language":"nl","value":"Bevestiging na verwerking"}],"property":[{"code":"deprecated","valueDateTime":"2000-11"}]}]}