{"resourceType":"CodeSystem","id":"report-participant-type","meta":{"lastUpdated":"2019-10-24T11:53:00+11:00"},"extension":[{"url":"http://hl7.org/fhir/StructureDefinition/structuredefinition-ballot-status","valueString":"Informative"},{"url":"http://hl7.org/fhir/StructureDefinition/structuredefinition-fmm","valueInteger":0},{"url":"http://hl7.org/fhir/StructureDefinition/structuredefinition-wg","valueCode":"fhir"}],"url":"http://hl7.org/fhir/report-participant-type","identifier":{"system":"urn:ietf:rfc:3986","value":"urn:oid:2.16.840.1.113883.4.642.1.711"},"version":"3.0.2","name":"TestReportParticipantType","status":"draft","experimental":false,"date":"2019-10-24T11:53:00+11:00","publisher":"HL7 (FHIR Project)","contact":[{"telecom":[{"system":"url","value":"http://hl7.org/fhir"},{"system":"email","value":"fhir@lists.hl7.org"}]}],"description":"The type of participant.","caseSensitive":true,"valueSet":"http://hl7.org/fhir/ValueSet/report-participant-type","content":"complete","concept":[{"code":"test-engine","display":"Test Engine","definition":"The test execution engine."},{"code":"client","display":"Client","definition":"A FHIR Client"},{"code":"server","display":"Server","definition":"A FHIR Server"}]}