{"resourceType":"CodeSystem","id":"hl7-work-group","meta":{"lastUpdated":"2019-10-24T11:53:00+11:00"},"extension":[{"url":"http://hl7.org/fhir/StructureDefinition/structuredefinition-ballot-status","valueString":"Informative"},{"url":"http://hl7.org/fhir/StructureDefinition/structuredefinition-fmm","valueInteger":0}],"url":"http://hl7.org/fhir/hl7-work-group","identifier":{"system":"urn:ietf:rfc:3986","value":"urn:oid:2.16.840.1.113883.4.642.1.862"},"version":"3.0.2","name":"HL7Workgroup","status":"draft","experimental":false,"date":"2019-10-24T11:53:00+11:00","publisher":"HL7 (FHIR Project)","contact":[{"telecom":[{"system":"url","value":"http://hl7.org/fhir"},{"system":"email","value":"fhir@lists.hl7.org"}]}],"description":"An HL7 administrative unit that owns artifacts in the FHIR specification","caseSensitive":true,"valueSet":"http://hl7.org/fhir/ValueSet/hl7-work-group","content":"complete","concept":[{"code":"cbcc","display":"Community Based Collaborative Care","definition":"Community Based Collaborative Care (http://www.hl7.org/Special/committees/cbcc/index.cfm)"},{"code":"cds","display":"Clinical Decision Support","definition":"Clinical Decision Support (http://www.hl7.org/Special/committees/dss/index.cfm)"},{"code":"cqi","display":"Clinical Quality Information","definition":"Clinical Quality Information (http://www.hl7.org/Special/committees/cqi/index.cfm)"},{"code":"cg","display":"Clinical Genomics","definition":"Clinical Genomics (http://www.hl7.org/Special/committees/clingenomics/index.cfm)"},{"code":"dev","display":"Health Care Devices","definition":"Health Care Devices (http://www.hl7.org/Special/committees/healthcaredevices/index.cfm)"},{"code":"ehr","display":"Electronic Health Records","definition":"Electronic Health Records (http://www.hl7.org/special/committees/ehr/index.cfm)"},{"code":"fhir","display":"FHIR Infrastructure","definition":"FHIR Infrastructure (http://www.hl7.org/Special/committees/fiwg/index.cfm)"},{"code":"fm","display":"Financial Management","definition":"Financial Management (http://www.hl7.org/Special/committees/fm/index.cfm)"},{"code":"hsi","display":"Health Standards Integration","definition":"Health Standards Integration (http://www.hl7.org/Special/committees/hsi/index.cfm)"},{"code":"ii","display":"Imaging Integration","definition":"Imaging Integration (http://www.hl7.org/Special/committees/imagemgt/index.cfm)"},{"code":"inm","display":"Infrastructure And Messaging","definition":"Infrastructure And Messaging (http://www.hl7.org/special/committees/inm/index.cfm)"},{"code":"its","display":"Implementable Technology Specifications","definition":"Implementable Technology Specifications (http://www.hl7.org/special/committees/xml/index.cfm)"},{"code":"oo","display":"Orders and Observations","definition":"Orders and Observations (http://www.hl7.org/Special/committees/orders/index.cfm)"},{"code":"pa","display":"Patient Administration","definition":"Patient Administration (http://www.hl7.org/Special/committees/pafm/index.cfm)"},{"code":"pc","display":"Patient Care","definition":"Patient Care (http://www.hl7.org/Special/committees/patientcare/index.cfm)"},{"code":"pher","display":"Public Health and Emergency Response","definition":"Public Health and Emergency Response (http://www.hl7.org/Special/committees/pher/index.cfm)"},{"code":"phx","display":"Pharmacy","definition":"Pharmacy (http://www.hl7.org/Special/committees/medication/index.cfm)"},{"code":"rcrim","display":"Regulated Clinical Research Information Management","definition":"Regulated Clinical Research Information Management (http://www.hl7.org/Special/committees/rcrim/index.cfm)"},{"code":"sd","display":"Structured Documents","definition":"Structured Documents (http://www.hl7.org/Special/committees/structure/index.cfm)"},{"code":"sec","display":"Security","definition":"Security (http://www.hl7.org/Special/committees/secure/index.cfm)"},{"code":"us","display":"US Realm Taskforce","definition":"US Realm Taskforce (http://wiki.hl7.org/index.php?title=US_Realm_Task_Force)"},{"code":"vocab","display":"Vocabulary","definition":"Vocabulary (http://www.hl7.org/Special/committees/Vocab/index.cfm)"},{"code":"aid","display":"Application Implementation and Design","definition":"Application Implementation and Design (http://www.hl7.org/Special/committees/java/index.cfm)"}]}