{"resourceType":"CodeSystem","id":"care-plan-activity-status","meta":{"lastUpdated":"2019-10-24T11:53:00+11:00"},"extension":[{"url":"http://hl7.org/fhir/StructureDefinition/structuredefinition-ballot-status","valueString":"Informative"},{"url":"http://hl7.org/fhir/StructureDefinition/structuredefinition-fmm","valueInteger":2},{"url":"http://hl7.org/fhir/StructureDefinition/structuredefinition-wg","valueCode":"pc"}],"url":"http://hl7.org/fhir/care-plan-activity-status","identifier":{"system":"urn:ietf:rfc:3986","value":"urn:oid:2.16.840.1.113883.4.642.1.135"},"version":"3.0.2","name":"CarePlanActivityStatus","status":"draft","experimental":false,"date":"2019-10-24T11:53:00+11:00","publisher":"HL7 (FHIR Project)","contact":[{"telecom":[{"system":"url","value":"http://hl7.org/fhir"},{"system":"email","value":"fhir@lists.hl7.org"}]}],"description":"Indicates where the activity is at in its overall life cycle.","caseSensitive":true,"valueSet":"http://hl7.org/fhir/ValueSet/care-plan-activity-status","content":"complete","concept":[{"code":"not-started","display":"Not Started","definition":"Activity is planned but no action has yet been taken."},{"code":"scheduled","display":"Scheduled","definition":"Appointment or other booking has occurred but activity has not yet begun."},{"code":"in-progress","display":"In Progress","definition":"Activity has been started but is not yet complete."},{"code":"on-hold","display":"On Hold","definition":"Activity was started but has temporarily ceased with an expectation of resumption at a future time."},{"code":"completed","display":"Completed","definition":"The activities have been completed (more or less) as planned."},{"code":"cancelled","display":"Cancelled","definition":"The activities have been ended prior to completion (perhaps even before they were started)."},{"code":"unknown","display":"Unknown","definition":"The authoring system doesn't know the current state of the activity."}]}