{"resourceType":"CodeSystem","id":"list-example-codes","meta":{"lastUpdated":"2019-10-24T11:53:00+11:00","profile":["http://hl7.org/fhir/StructureDefinition/shareablecodesystem"]},"extension":[{"url":"http://hl7.org/fhir/StructureDefinition/structuredefinition-ballot-status","valueString":"Informative"},{"url":"http://hl7.org/fhir/StructureDefinition/structuredefinition-fmm","valueInteger":1},{"url":"http://hl7.org/fhir/StructureDefinition/structuredefinition-wg","valueCode":"fhir"}],"url":"http://hl7.org/fhir/list-example-use-codes","identifier":{"system":"urn:ietf:rfc:3986","value":"urn:oid:2.16.840.1.113883.4.642.1.308"},"version":"3.0.2","name":"Example Use Codes for List","status":"draft","experimental":true,"publisher":"FHIR Project","contact":[{"telecom":[{"system":"url","value":"http://hl7.org/fhir"}]}],"description":"Example use codes for the List resource - typical kinds of use.","caseSensitive":true,"valueSet":"http://hl7.org/fhir/ValueSet/list-example-codes","content":"complete","concept":[{"code":"alerts","display":"Alerts","definition":"A list of alerts for the patient."},{"code":"adverserxns","display":"Adverse Reactions","definition":"A list of part adverse reactions."},{"code":"allergies","display":"Allergies","definition":"A list of Allergies for the patient."},{"code":"medications","display":"Medication List","definition":"A list of medication statements for the patient."},{"code":"problems","display":"Problem List","definition":"A list of problems that the patient is known of have (or have had in the past)."},{"code":"worklist","display":"Worklist","definition":"A list of items that constitute a set of work to be performed (typically this code would be specialized for more specific uses, such as a ward round list)."},{"code":"waiting","display":"Waiting List","definition":"A list of items waiting for an event (perhaps a surgical patient waiting list)."},{"code":"protocols","display":"Protocols","definition":"A set of protocols to be followed."},{"code":"plans","display":"Care Plans","definition":"A set of care plans that apply in a particular context of care."}]}