{"resourceType":"CodeSystem","id":"note-type","meta":{"lastUpdated":"2019-10-24T11:53:00+11:00"},"extension":[{"url":"http://hl7.org/fhir/StructureDefinition/structuredefinition-ballot-status","valueString":"Informative"},{"url":"http://hl7.org/fhir/StructureDefinition/structuredefinition-fmm","valueInteger":2},{"url":"http://hl7.org/fhir/StructureDefinition/structuredefinition-wg","valueCode":"fm"}],"url":"http://hl7.org/fhir/note-type","identifier":{"system":"urn:ietf:rfc:3986","value":"urn:oid:2.16.840.1.113883.4.642.1.16"},"version":"3.0.2","name":"NoteType","status":"draft","experimental":false,"date":"2019-10-24T11:53:00+11:00","description":"The presentation types of notes.","caseSensitive":true,"valueSet":"http://hl7.org/fhir/ValueSet/note-type","content":"complete","concept":[{"code":"display","display":"Display","definition":"Display the note."},{"code":"print","display":"Print (Form)","definition":"Print the note on the form."},{"code":"printoper","display":"Print (Operator)","definition":"Print the note for the operator."}]}