{"resourceType":"CodeSystem","id":"service-pharmacy","meta":{"lastUpdated":"2019-10-24T11:53:00+11:00","profile":["http://hl7.org/fhir/StructureDefinition/shareablecodesystem"]},"extension":[{"url":"http://hl7.org/fhir/StructureDefinition/structuredefinition-ballot-status","valueString":"Informative"},{"url":"http://hl7.org/fhir/StructureDefinition/structuredefinition-fmm","valueInteger":0}],"url":"http://hl7.org/fhir/ex-pharmaservice","identifier":{"system":"urn:ietf:rfc:3986","value":"urn:oid:2.16.840.1.113883.4.642.1.555"},"version":"3.0.2","name":"Example Pharmacy Service Codes","status":"draft","experimental":true,"publisher":"Financial Management","contact":[{"telecom":[{"system":"url","value":"http://hl7.org/fhir"}]}],"description":"This value set includes a smattering of Pharmacy Service codes.","copyright":"This is an example set.","caseSensitive":true,"valueSet":"http://hl7.org/fhir/ValueSet/service-pharmacy","content":"complete","concept":[{"code":"smokecess","display":"Smoking cessation","definition":"Smoking cessation"},{"code":"flushot","display":"Flu Shot","definition":"Flu Shot"},{"code":"drugcost","display":"Drug Cost","definition":"The wholesale price of the medication."},{"code":"markup","display":"Markup","definition":"The additional cost assessed on the drug."},{"code":"dispensefee","display":"Dispense Fee","definition":"The professional fee charged for dispensing the product or service."},{"code":"compoundfee","display":"Compounding Fee","definition":"The professional fee charged for compounding the medication."}]}