{"resourceType":"CodeSystem","id":"definition-status","meta":{"lastUpdated":"2019-10-24T11:53:00+11:00"},"extension":[{"url":"http://hl7.org/fhir/StructureDefinition/structuredefinition-ballot-status","valueString":"Informative"},{"url":"http://hl7.org/fhir/StructureDefinition/structuredefinition-fmm","valueInteger":0}],"url":"http://hl7.org/fhir/definition-status","identifier":{"system":"urn:ietf:rfc:3986","value":"urn:oid:2.16.840.1.113883.4.642.1.99"},"version":"3.0.2","name":"DefinitionStatus","status":"draft","experimental":false,"date":"2019-10-24T11:53:00+11:00","publisher":"HL7 (FHIR Project)","contact":[{"telecom":[{"system":"url","value":"http://hl7.org/fhir"},{"system":"email","value":"fhir@lists.hl7.org"}]}],"description":"Codes identifying the lifecycle stage of a definition","caseSensitive":true,"valueSet":"http://hl7.org/fhir/ValueSet/definition-status","content":"complete","concept":[{"code":"draft","display":"Draft","definition":"The definition is in the design stage and is not yet considered to be \"ready for use\""},{"code":"active","display":"Active","definition":"The definition is considered ready for use"},{"code":"withdrawn","display":"Withdrawn","definition":"The definition should no longer be used"},{"code":"unknown","display":"Unknown","definition":"The authoring system does not know which of the status values currently applies for this request.  Note: This concept is not to be used for \"other\" - one of the listed statuses is presumed to apply, it's just not known which one."}]}