{"resourceType":"CodeSystem","id":"v2-0133","meta":{"profile":["http://hl7.org/fhir/StructureDefinition/shareablecodesystem"]},"extension":[{"url":"http://hl7.org/fhir/StructureDefinition/structuredefinition-ballot-status","valueString":"External"},{"url":"http://hl7.org/fhir/StructureDefinition/structuredefinition-fmm","valueInteger":0}],"url":"http://hl7.org/fhir/v2/0133","identifier":{"system":"urn:ietf:rfc:3986","value":"urn:oid:2.16.840.1.113883.18.59"},"version":"2.8.2","name":"v2 Procedure Practitioner Identifier Code Type","status":"active","experimental":false,"publisher":"HL7, Inc","contact":[{"telecom":[{"system":"url","value":"http://hl7.org"}]}],"description":"FHIR Value set/code system definition for HL7 v2 table 0133 ( Procedure Practitioner Identifier Code Type)","caseSensitive":false,"valueSet":"http://hl7.org/fhir/ValueSet/v2-0133","content":"complete","property":[{"code":"deprecated","uri":"http://hl7.org/fhir/concept-properties#deprecated","description":"The date at which a concept was deprecated. Concepts that are deprecated but not inactive can still be used, but their use is discouraged","type":"dateTime"}],"concept":[{"code":"AN","display":"Anesthesiologist/Anesthetist","designation":[{"language":"de","value":"Anästhesist"},{"language":"nl","value":"Anesthesioloog/Anesthesist"}],"property":[{"code":"deprecated","valueDateTime":"2007-04"}]},{"code":"AS","display":"Assistant Surgeon","designation":[{"language":"de","value":"Assistenzchirurg"},{"language":"nl","value":"Assistent chirurg"}],"property":[{"code":"deprecated","valueDateTime":"2007-04"}]},{"code":"CM","display":"Certified Nurse Midwife","designation":[{"language":"de","value":"Hebamme"},{"language":"nl","value":"Gecertificeerde verloskundig verpleegkundige"}],"property":[{"code":"deprecated","valueDateTime":"2007-04"}]},{"code":"NP","display":"Nurse Practitioner","designation":[{"language":"de","value":"Krankenschwester"},{"language":"nl","value":"Nurse practitioner"}],"property":[{"code":"deprecated","valueDateTime":"2007-04"}]},{"code":"PR","display":"Procedure MD/ Surgeon","designation":[{"language":"de","value":"ausführender Arzt (Chirurg)"},{"language":"nl","value":"Chirurg"}],"property":[{"code":"deprecated","valueDateTime":"2007-04"}]},{"code":"PS","display":"Primary Surgeon","designation":[{"language":"de","value":"verantwortlicher Chirurg"},{"language":"nl","value":"Hoofdchirurg"}],"property":[{"code":"deprecated","valueDateTime":"2007-04"}]},{"code":"RD","display":"Radiologist","designation":[{"language":"de","value":"Radiologe"},{"language":"nl","value":"Radioloog"}],"property":[{"code":"deprecated","valueDateTime":"2007-04"}]},{"code":"RS","display":"Resident","designation":[{"language":"de","value":"Krankenhausarzt"},{"language":"nl","value":"Medewerker"}],"property":[{"code":"deprecated","valueDateTime":"2007-04"}]},{"code":"SN","display":"Scrub Nurse","designation":[{"language":"nl","value":"Operatieassistent"}],"property":[{"code":"deprecated","valueDateTime":"2007-04"}]}]}