{"resourceType":"CodeSystem","id":"v2-0106","meta":{"profile":["http://hl7.org/fhir/StructureDefinition/shareablecodesystem"]},"extension":[{"url":"http://hl7.org/fhir/StructureDefinition/structuredefinition-ballot-status","valueString":"External"},{"url":"http://hl7.org/fhir/StructureDefinition/structuredefinition-fmm","valueInteger":0}],"url":"http://hl7.org/fhir/v2/0106","identifier":{"system":"urn:ietf:rfc:3986","value":"urn:oid:2.16.840.1.113883.18.43"},"version":"2.8.2","name":"v2 Query/response format code","status":"active","experimental":false,"publisher":"HL7, Inc","contact":[{"telecom":[{"system":"url","value":"http://hl7.org"}]}],"description":"FHIR Value set/code system definition for HL7 v2 table 0106 ( Query/response format code)","caseSensitive":false,"valueSet":"http://hl7.org/fhir/ValueSet/v2-0106","content":"complete","property":[{"code":"deprecated","uri":"http://hl7.org/fhir/concept-properties#deprecated","description":"The date at which a concept was deprecated. Concepts that are deprecated but not inactive can still be used, but their use is discouraged","type":"dateTime"}],"concept":[{"code":"D","display":"Response is in display format","designation":[{"language":"de","value":"Antwort im Anzeige-Format"},{"language":"nl","value":"Antwoord is in weergavestructuur"}],"property":[{"code":"deprecated","valueDateTime":"2007-10"}]},{"code":"R","display":"Response is in record-oriented format","designation":[{"language":"de","value":"Antwort im datensatzorientierten Format"},{"language":"nl","value":"Antwoord is in record-georiënteerde structuur"}],"property":[{"code":"deprecated","valueDateTime":"2007-10"}]},{"code":"T","display":"Response is in tabular format","designation":[{"language":"nl","value":"Antwoord is in tabelstructuur"}],"property":[{"code":"deprecated","valueDateTime":"2007-10"}]}]}