{"resourceType":"CodeSystem","id":"graph-compartment-rule","meta":{"lastUpdated":"2019-10-24T11:53:00+11:00"},"extension":[{"url":"http://hl7.org/fhir/StructureDefinition/structuredefinition-ballot-status","valueString":"Informative"},{"url":"http://hl7.org/fhir/StructureDefinition/structuredefinition-fmm","valueInteger":0},{"url":"http://hl7.org/fhir/StructureDefinition/structuredefinition-wg","valueCode":"fhir"}],"url":"http://hl7.org/fhir/graph-compartment-rule","identifier":{"system":"urn:ietf:rfc:3986","value":"urn:oid:2.16.840.1.113883.4.642.1.276"},"version":"3.0.2","name":"GraphCompartmentRule","status":"draft","experimental":false,"date":"2019-10-24T11:53:00+11:00","publisher":"HL7 (FHIR Project)","contact":[{"telecom":[{"system":"url","value":"http://hl7.org/fhir"},{"system":"email","value":"fhir@lists.hl7.org"}]}],"description":"How a compartment must be linked","caseSensitive":true,"valueSet":"http://hl7.org/fhir/ValueSet/graph-compartment-rule","content":"complete","concept":[{"code":"identical","display":"Identical","definition":"The compartment must be identical (the same literal reference)"},{"code":"matching","display":"Matching","definition":"The compartment must be the same - the record must be about the same patient, but the reference may be different"},{"code":"different","display":"Different","definition":"The compartment must be different"},{"code":"custom","display":"Custom","definition":"The compartment rule is defined in the accompanying FHIRPath expression"}]}