{"resourceType":"CodeSystem","id":"v2-0126","meta":{"profile":["http://hl7.org/fhir/StructureDefinition/shareablecodesystem"]},"extension":[{"url":"http://hl7.org/fhir/StructureDefinition/structuredefinition-ballot-status","valueString":"External"},{"url":"http://hl7.org/fhir/StructureDefinition/structuredefinition-fmm","valueInteger":0}],"url":"http://hl7.org/fhir/v2/0126","identifier":{"system":"urn:ietf:rfc:3986","value":"urn:oid:2.16.840.1.113883.18.53"},"version":"2.8.2","name":"v2 Quantity Limited Request","status":"active","experimental":false,"publisher":"HL7, Inc","contact":[{"telecom":[{"system":"url","value":"http://hl7.org"}]}],"description":"FHIR Value set/code system definition for HL7 v2 table 0126 ( Quantity Limited Request)","caseSensitive":false,"valueSet":"http://hl7.org/fhir/ValueSet/v2-0126","content":"complete","concept":[{"extension":[{"url":"http://hl7.org/fhir/StructureDefinition/codesystem-comments","valueString":"RSP/RTB/RDY"}],"code":"CH","display":"Characters","designation":[{"language":"de","value":"Zeichen"},{"language":"nl","value":"Tekens"}]},{"extension":[{"url":"http://hl7.org/fhir/StructureDefinition/codesystem-comments","valueString":"RTB/RDY"}],"code":"LI","display":"Lines","designation":[{"language":"de","value":"Zeilen"},{"language":"nl","value":"Regels"}]},{"extension":[{"url":"http://hl7.org/fhir/StructureDefinition/codesystem-comments","valueString":"RDY"}],"code":"PG","display":"Pages","designation":[{"language":"de","value":"Seiten"},{"language":"nl","value":"Pagina's"}]},{"extension":[{"url":"http://hl7.org/fhir/StructureDefinition/codesystem-comments","valueString":"RSP/RTB/RDY"}],"code":"RD","display":"Records","designation":[{"language":"de","value":"Datensätze"},{"language":"nl","value":"Records"}]},{"code":"ZO","display":"Locally defined","designation":[{"language":"de","value":"lokal definiert"},{"language":"nl","value":"Lokaal gedefinieerd"}]}]}