{"resourceType":"CodeSystem","id":"supplydelivery-status","meta":{"lastUpdated":"2019-10-24T11:53:00+11:00"},"extension":[{"url":"http://hl7.org/fhir/StructureDefinition/structuredefinition-ballot-status","valueString":"Informative"},{"url":"http://hl7.org/fhir/StructureDefinition/structuredefinition-fmm","valueInteger":1},{"url":"http://hl7.org/fhir/StructureDefinition/structuredefinition-wg","valueCode":"oo"}],"url":"http://hl7.org/fhir/supplydelivery-status","identifier":{"system":"urn:ietf:rfc:3986","value":"urn:oid:2.16.840.1.113883.4.642.1.687"},"version":"3.0.2","name":"SupplyDeliveryStatus","status":"draft","experimental":false,"date":"2019-10-24T11:53:00+11:00","publisher":"HL7 (FHIR Project)","contact":[{"telecom":[{"system":"url","value":"http://hl7.org/fhir"},{"system":"email","value":"fhir@lists.hl7.org"}]}],"description":"Status of the supply delivery.","caseSensitive":true,"valueSet":"http://hl7.org/fhir/ValueSet/supplydelivery-status","content":"complete","concept":[{"code":"in-progress","display":"In Progress","definition":"Supply has been requested, but not delivered."},{"code":"completed","display":"Delivered","definition":"Supply has been delivered (\"completed\")."},{"code":"abandoned","display":"Abandoned","definition":"Delivery was not completed."},{"code":"entered-in-error","display":"Entered In Error","definition":"This electronic record should never have existed, though it is possible that real-world decisions were based on it. (If real-world activity has occurred, the status should be \"cancelled\" rather than \"entered-in-error\".)"}]}