{"resourceType":"CodeSystem","id":"flag-category","meta":{"lastUpdated":"2019-10-24T11:53:00+11:00","profile":["http://hl7.org/fhir/StructureDefinition/shareablecodesystem"]},"extension":[{"url":"http://hl7.org/fhir/StructureDefinition/structuredefinition-ballot-status","valueString":"Informative"},{"url":"http://hl7.org/fhir/StructureDefinition/structuredefinition-fmm","valueInteger":1},{"url":"http://hl7.org/fhir/StructureDefinition/structuredefinition-wg","valueCode":"pc"}],"url":"http://hl7.org/fhir/flag-category","identifier":{"system":"urn:ietf:rfc:3986","value":"urn:oid:2.16.840.1.113883.4.642.1.113"},"version":"3.0.2","name":"Flag Category","status":"draft","experimental":true,"publisher":"HL7 International - Patient Care WG","contact":[{"telecom":[{"system":"url","value":"http://www.hl7.org/Special/committees/patientcare"}]}],"description":"Example list of general categories for flagged issues. (Not complete or necessarily appropriate.)","caseSensitive":true,"valueSet":"http://hl7.org/fhir/ValueSet/flag-category","content":"complete","concept":[{"code":"diet","display":"Diet","definition":"Flags related to the subject's dietary needs."},{"code":"drug","display":"Drug","definition":"Flags related to the patient's medications."},{"code":"lab","display":"Lab","definition":"Flags related to performing laboratory tests and related processes (e.g. phlebotomy)."},{"code":"admin","display":"Administrative","definition":"Flags related to administrative and financial processes."},{"code":"contact","display":"Subject contact","definition":"Flags related to coming into contact with the patient."}]}