{"resourceType":"CodeSystem","id":"v2-0007","meta":{"profile":["http://hl7.org/fhir/StructureDefinition/shareablecodesystem"]},"extension":[{"url":"http://hl7.org/fhir/StructureDefinition/structuredefinition-ballot-status","valueString":"External"},{"url":"http://hl7.org/fhir/StructureDefinition/structuredefinition-fmm","valueInteger":0}],"url":"http://hl7.org/fhir/v2/0007","identifier":{"system":"urn:ietf:rfc:3986","value":"urn:oid:2.16.840.1.113883.18.9"},"version":"2.8.2","name":"v2 Admission Type","status":"active","experimental":false,"publisher":"HL7, Inc","contact":[{"telecom":[{"system":"url","value":"http://hl7.org"}]}],"description":"FHIR Value set/code system definition for HL7 v2 table 0007 ( Admission Type)","caseSensitive":false,"valueSet":"http://hl7.org/fhir/ValueSet/v2-0007","content":"complete","concept":[{"code":"A","display":"Accident","designation":[{"language":"de","value":"Unfall / Notarztwagen"},{"language":"nl","value":"Ongeluk"}]},{"code":"C","display":"Elective","designation":[{"language":"de","value":"wahlfreie Aufnahme"},{"language":"nl","value":"Eigen keuze"}]},{"code":"E","display":"Emergency","designation":[{"language":"de","value":"Notfall ohne Einweisung"},{"language":"nl","value":"Spoed"}]},{"code":"L","display":"Labor and Delivery","designation":[{"language":"de","value":"Entbindung / Geburt"},{"language":"nl","value":"Geboorte en bevalling"}]},{"code":"N","display":"Newborn (Birth in healthcare facility)","designation":[{"language":"de","value":"Neugeborenes"},{"language":"nl","value":"Nieuwgeborene (geboorte in zorginstelling)"}]},{"code":"R","display":"Routine","designation":[{"language":"de","value":"Normalaufnahme"},{"language":"nl","value":"Routine"}]},{"code":"U","display":"Urgent","designation":[{"language":"de","value":"dringliche Aufnahme"},{"language":"nl","value":"Urgent"}]}]}