{"resourceType":"CodeSystem","id":"library-type","meta":{"lastUpdated":"2019-10-24T11:53:00+11:00"},"extension":[{"url":"http://hl7.org/fhir/StructureDefinition/structuredefinition-ballot-status","valueString":"Informative"},{"url":"http://hl7.org/fhir/StructureDefinition/structuredefinition-fmm","valueInteger":2},{"url":"http://hl7.org/fhir/StructureDefinition/structuredefinition-wg","valueCode":"cds"}],"url":"http://hl7.org/fhir/library-type","identifier":{"system":"urn:ietf:rfc:3986","value":"urn:oid:2.16.840.1.113883.4.642.1.748"},"version":"3.0.2","name":"LibraryType","status":"draft","experimental":false,"date":"2019-10-24T11:53:00+11:00","publisher":"HL7 (FHIR Project)","contact":[{"telecom":[{"system":"url","value":"http://hl7.org/fhir"},{"system":"email","value":"fhir@lists.hl7.org"}]}],"description":"The type of knowledge asset this library contains","caseSensitive":true,"valueSet":"http://hl7.org/fhir/ValueSet/library-type","content":"complete","concept":[{"code":"logic-library","display":"Logic Library","definition":"The resource is a shareable library of formalized knowledge"},{"code":"model-definition","display":"Model Definition","definition":"The resource is a definition of an information model"},{"code":"asset-collection","display":"Asset Collection","definition":"The resource is a collection of knowledge assets"},{"code":"module-definition","display":"Module Definition","definition":"The resource defines the dependencies, parameters, and data requirements for a particular module or evaluation context"}]}