{"resourceType":"CodeSystem","id":"v2-0185","meta":{"profile":["http://hl7.org/fhir/StructureDefinition/shareablecodesystem"]},"extension":[{"url":"http://hl7.org/fhir/StructureDefinition/structuredefinition-ballot-status","valueString":"External"},{"url":"http://hl7.org/fhir/StructureDefinition/structuredefinition-fmm","valueInteger":0}],"url":"http://hl7.org/fhir/v2/0185","identifier":{"system":"urn:ietf:rfc:3986","value":"urn:oid:2.16.840.1.113883.18.98"},"version":"2.8.2","name":"v2 Preferred Method of Contact","status":"active","experimental":false,"publisher":"HL7, Inc","contact":[{"telecom":[{"system":"url","value":"http://hl7.org"}]}],"description":"FHIR Value set/code system definition for HL7 v2 table 0185 ( Preferred Method of Contact)","caseSensitive":false,"valueSet":"http://hl7.org/fhir/ValueSet/v2-0185","content":"complete","concept":[{"code":"B","display":"Beeper Number","designation":[{"language":"de","value":"Beeper"},{"language":"nl","value":"Beeper-nummer"}]},{"code":"C","display":"Cellular Phone Number","designation":[{"language":"de","value":"Handy"},{"language":"nl","value":"Mobiele telefoonummer"}]},{"code":"E","display":"E-Mail Address (for backward compatibility)","designation":[{"language":"de","value":"E-Mail-Adresse"},{"language":"nl","value":"E-mailadres (alleen voor backward compatibiliteit)"}]},{"code":"F","display":"FAX Number","designation":[{"language":"de","value":"Fax"},{"language":"nl","value":"Faxnummer"}]},{"code":"H","display":"Home Phone Number","designation":[{"language":"de","value":"private Telefonnummer"},{"language":"nl","value":"Privé telefoonummer"}]},{"code":"O","display":"Office Phone Number","designation":[{"language":"de","value":"Dienstliche Telefonnummer"},{"language":"nl","value":"Werk telefoonnummer"}]}]}