{"resourceType":"CodeSystem","id":"implant-status","meta":{"lastUpdated":"2019-10-24T11:53:00+11:00"},"extension":[{"url":"http://hl7.org/fhir/StructureDefinition/structuredefinition-ballot-status","valueString":"Informative"},{"url":"http://hl7.org/fhir/StructureDefinition/structuredefinition-fmm","valueInteger":0}],"url":"http://hl7.org/fhir/implant-status","identifier":{"system":"urn:ietf:rfc:3986","value":"urn:oid:2.16.840.1.113883.4.642.1.866"},"version":"3.0.2","name":"Implant Status","status":"draft","experimental":false,"date":"2019-10-24T11:53:00+11:00","publisher":"HL7 (FHIR Project)","contact":[{"telecom":[{"system":"url","value":"http://hl7.org/fhir"},{"system":"email","value":"fhir@lists.hl7.org"}]}],"description":"A set codes that define the functional status of an implanted device.","caseSensitive":true,"valueSet":"http://hl7.org/fhir/ValueSet/implant-status","content":"complete","concept":[{"code":"functional","display":"Functional","definition":"The implanted device is working normally"},{"code":"non-functional","display":"Non-Functional","definition":"The implanted device is not working"},{"code":"disabled","display":"Disabled","definition":"The implanted device has been turned off"},{"code":"unknown","display":"Unknown","definition":"the functional status of the implant has not been determined"}]}