{"resourceType":"CodeSystem","id":"response-code","meta":{"lastUpdated":"2019-10-24T11:53:00+11:00"},"extension":[{"url":"http://hl7.org/fhir/StructureDefinition/structuredefinition-ballot-status","valueString":"Informative"},{"url":"http://hl7.org/fhir/StructureDefinition/structuredefinition-fmm","valueInteger":3},{"url":"http://hl7.org/fhir/StructureDefinition/structuredefinition-wg","valueCode":"inm"}],"url":"http://hl7.org/fhir/response-code","identifier":{"system":"urn:ietf:rfc:3986","value":"urn:oid:2.16.840.1.113883.4.642.1.368"},"version":"3.0.2","name":"ResponseType","status":"draft","experimental":false,"date":"2019-10-24T11:53:00+11:00","publisher":"HL7 (FHIR Project)","contact":[{"telecom":[{"system":"url","value":"http://hl7.org/fhir"},{"system":"email","value":"fhir@lists.hl7.org"}]}],"description":"The kind of response to a message","caseSensitive":true,"valueSet":"http://hl7.org/fhir/ValueSet/response-code","content":"complete","concept":[{"code":"ok","display":"OK","definition":"The message was accepted and processed without error."},{"code":"transient-error","display":"Transient Error","definition":"Some internal unexpected error occurred - wait and try again. Note - this is usually used for things like database unavailable, which may be expected to resolve, though human intervention may be required."},{"code":"fatal-error","display":"Fatal Error","definition":"The message was rejected because of a problem with the content. There is no point in re-sending without change. The response narrative SHALL describe the issue."}]}