{"resourceType":"CodeSystem","id":"document-mode","meta":{"lastUpdated":"2019-10-24T11:53:00+11:00"},"extension":[{"url":"http://hl7.org/fhir/StructureDefinition/structuredefinition-ballot-status","valueString":"Informative"},{"url":"http://hl7.org/fhir/StructureDefinition/structuredefinition-fmm","valueInteger":3},{"url":"http://hl7.org/fhir/StructureDefinition/structuredefinition-wg","valueCode":"fhir"}],"url":"http://hl7.org/fhir/document-mode","identifier":{"system":"urn:ietf:rfc:3986","value":"urn:oid:2.16.840.1.113883.4.642.1.177"},"version":"3.0.2","name":"DocumentMode","status":"draft","experimental":false,"date":"2019-10-24T11:53:00+11:00","publisher":"HL7 (FHIR Project)","contact":[{"telecom":[{"system":"url","value":"http://hl7.org/fhir"},{"system":"email","value":"fhir@lists.hl7.org"}]}],"description":"Whether the application produces or consumes documents.","caseSensitive":true,"valueSet":"http://hl7.org/fhir/ValueSet/document-mode","content":"complete","concept":[{"code":"producer","display":"Producer","definition":"The application produces documents of the specified type."},{"code":"consumer","display":"Consumer","definition":"The application consumes documents of the specified type."}]}