{"resourceType":"CodeSystem","id":"v2-0012","meta":{"profile":["http://hl7.org/fhir/StructureDefinition/shareablecodesystem"]},"extension":[{"url":"http://hl7.org/fhir/StructureDefinition/structuredefinition-ballot-status","valueString":"External"},{"url":"http://hl7.org/fhir/StructureDefinition/structuredefinition-fmm","valueInteger":0}],"url":"http://hl7.org/fhir/v2/0012","identifier":{"system":"urn:ietf:rfc:3986","value":"urn:oid:2.16.840.1.113883.18.12"},"version":"2.8.2","name":"v2 STOCK LOCATION","status":"active","experimental":false,"publisher":"HL7, Inc","contact":[{"telecom":[{"system":"url","value":"http://hl7.org"}]}],"description":"FHIR Value set/code system definition for HL7 v2 table 0012 ( STOCK LOCATION)","caseSensitive":false,"valueSet":"http://hl7.org/fhir/ValueSet/v2-0012","content":"complete","property":[{"code":"deprecated","uri":"http://hl7.org/fhir/concept-properties#deprecated","description":"The date at which a concept was deprecated. Concepts that are deprecated but not inactive can still be used, but their use is discouraged","type":"dateTime"}],"concept":[{"code":"AN","display":"Filled from ancillary department stock","designation":[{"language":"de","value":"(Tabelle 12 ist veraltet und wird nicht mehr verwendet)"},{"language":"nl","value":"Aangevuld uit verdere afdelingsvoorraad"}],"property":[{"code":"deprecated","valueDateTime":"1994-12"}]},{"code":"FL","display":"Filled from floor stock","designation":[{"language":"de","value":"Etagenlager"},{"language":"nl","value":"Aangevuld uit verdiepingsvoorraad"}],"property":[{"code":"deprecated","valueDateTime":"1994-12"}]}]}