{"resourceType":"CodeSystem","id":"v2-0062","meta":{"profile":["http://hl7.org/fhir/StructureDefinition/shareablecodesystem"]},"extension":[{"url":"http://hl7.org/fhir/StructureDefinition/structuredefinition-ballot-status","valueString":"External"},{"url":"http://hl7.org/fhir/StructureDefinition/structuredefinition-fmm","valueInteger":0}],"url":"http://hl7.org/fhir/v2/0062","identifier":{"system":"urn:ietf:rfc:3986","value":"urn:oid:2.16.840.1.113883.18.23"},"version":"2.8.2","name":"v2 Event Reason","status":"active","experimental":false,"publisher":"HL7, Inc","contact":[{"telecom":[{"system":"url","value":"http://hl7.org"}]}],"description":"FHIR Value set/code system definition for HL7 v2 table 0062 ( Event Reason)","caseSensitive":false,"valueSet":"http://hl7.org/fhir/ValueSet/v2-0062","content":"complete","concept":[{"code":"01","display":"Patient request","designation":[{"language":"de","value":"Veranlassung durch Patient"},{"language":"nl","value":"Op verzoek patiënt"}]},{"code":"02","display":"Physician/health practitioner order","designation":[{"language":"de","value":"Veranlassung durch den Arzt"},{"language":"nl","value":"Op aanvraag arts/zorgverlener"}]},{"code":"03","display":"Census management","designation":[{"language":"de","value":"Veranlassung durch Patientenverwaltung"},{"language":"nl","value":"Gezamenlijk besluit"}]},{"code":"O","display":"Other","designation":[{"language":"de","value":"andere Veranlassung"},{"language":"nl","value":"Anders"}]},{"code":"U","display":"Unknown","designation":[{"language":"de","value":"Veranlassung unbekannt"},{"language":"nl","value":"Onbekend"}]}]}