{"resourceType":"CodeSystem","id":"message-reason-encounter","meta":{"lastUpdated":"2019-10-24T11:53:00+11:00","profile":["http://hl7.org/fhir/StructureDefinition/shareablecodesystem"]},"extension":[{"url":"http://hl7.org/fhir/StructureDefinition/structuredefinition-ballot-status","valueString":"Informative"},{"url":"http://hl7.org/fhir/StructureDefinition/structuredefinition-fmm","valueInteger":1},{"url":"http://hl7.org/fhir/StructureDefinition/structuredefinition-wg","valueCode":"inm"}],"url":"http://hl7.org/fhir/message-reasons-encounter","identifier":{"system":"urn:ietf:rfc:3986","value":"urn:oid:2.16.840.1.113883.4.642.1.366"},"version":"3.0.2","name":"Example Message Reason Codes","status":"draft","experimental":true,"publisher":"FHIR Project","contact":[{"telecom":[{"system":"url","value":"http://hl7.org/fhir"}]}],"description":"Example Message Reasons. These are the set of codes that might be used an updating an encounter using admin-update.","caseSensitive":true,"valueSet":"http://hl7.org/fhir/ValueSet/message-reason-encounter","content":"complete","concept":[{"code":"admit","display":"Admit","definition":"The patient has been admitted."},{"code":"discharge","display":"Discharge","definition":"The patient has been discharged."},{"code":"absent","display":"Absent","definition":"The patient has temporarily left the institution."},{"code":"return","display":"Returned","definition":"The patient has returned from a temporary absence."},{"code":"moved","display":"Moved","definition":"The patient has been moved to a new location."},{"code":"edit","display":"Edit","definition":"Encounter details have been updated (e.g. to correct a coding error)."}]}