{"resourceType":"CodeSystem","id":"v2-0080","meta":{"profile":["http://hl7.org/fhir/StructureDefinition/shareablecodesystem"]},"extension":[{"url":"http://hl7.org/fhir/StructureDefinition/structuredefinition-ballot-status","valueString":"External"},{"url":"http://hl7.org/fhir/StructureDefinition/structuredefinition-fmm","valueInteger":0}],"url":"http://hl7.org/fhir/v2/0080","identifier":{"system":"urn:ietf:rfc:3986","value":"urn:oid:2.16.840.1.113883.18.32"},"version":"2.8.2","name":"v2 Nature of Abnormal Testing","status":"active","experimental":false,"publisher":"HL7, Inc","contact":[{"telecom":[{"system":"url","value":"http://hl7.org"}]}],"description":"FHIR Value set/code system definition for HL7 v2 table 0080 ( Nature of Abnormal Testing)","caseSensitive":false,"valueSet":"http://hl7.org/fhir/ValueSet/v2-0080","content":"complete","concept":[{"code":"A","display":"An age-based population","designation":[{"language":"de","value":"Altersabhängig"},{"language":"nl","value":"Een op leeftijd gebaseerde populatie"}]},{"code":"B","display":"Breed","designation":[{"language":"de","value":"abhängig von Rasse oder Zucht"},{"language":"nl","value":"Dierenras"}]},{"code":"N","display":"None - generic normal range","designation":[{"language":"de","value":"Genereller Normalwert"},{"language":"nl","value":"Geen - algemene normale reeks"}]},{"code":"R","display":"A race-based population","designation":[{"language":"de","value":"Rasseabhängig"},{"language":"nl","value":"Een op ras gebaseerde populatie"}]},{"code":"S","display":"A sex-based population","designation":[{"language":"de","value":"Geschlechtsabhängig"},{"language":"nl","value":"Een op geslacht gebaseerde populatie"}]},{"code":"SP","display":"Species","designation":[{"language":"de","value":"abhängig von Spezies"},{"language":"nl","value":"Soort"}]},{"code":"ST","display":"Strain","designation":[{"language":"de","value":"abhängig von Bakterienstamm"},{"language":"nl","value":"Stam"}]}]}