{"resourceType":"CodeSystem","id":"event-capability-mode","meta":{"lastUpdated":"2019-10-24T11:53:00+11:00"},"extension":[{"url":"http://hl7.org/fhir/StructureDefinition/structuredefinition-ballot-status","valueString":"Informative"},{"url":"http://hl7.org/fhir/StructureDefinition/structuredefinition-fmm","valueInteger":3},{"url":"http://hl7.org/fhir/StructureDefinition/structuredefinition-wg","valueCode":"fhir"}],"url":"http://hl7.org/fhir/event-capability-mode","identifier":{"system":"urn:ietf:rfc:3986","value":"urn:oid:2.16.840.1.113883.4.642.1.173"},"version":"3.0.2","name":"EventCapabilityMode","status":"draft","experimental":false,"date":"2019-10-24T11:53:00+11:00","publisher":"HL7 (FHIR Project)","contact":[{"telecom":[{"system":"url","value":"http://hl7.org/fhir"},{"system":"email","value":"fhir@lists.hl7.org"}]}],"description":"The mode of a message capability statement.","caseSensitive":true,"valueSet":"http://hl7.org/fhir/ValueSet/event-capability-mode","content":"complete","concept":[{"code":"sender","display":"Sender","definition":"The application sends requests and receives responses."},{"code":"receiver","display":"Receiver","definition":"The application receives requests and sends responses."}]}