{"resourceType":"CodeSystem","id":"v2-0190","meta":{"profile":["http://hl7.org/fhir/StructureDefinition/shareablecodesystem"]},"extension":[{"url":"http://hl7.org/fhir/StructureDefinition/structuredefinition-ballot-status","valueString":"External"},{"url":"http://hl7.org/fhir/StructureDefinition/structuredefinition-fmm","valueInteger":0}],"url":"http://hl7.org/fhir/v2/0190","identifier":{"system":"urn:ietf:rfc:3986","value":"urn:oid:2.16.840.1.113883.18.101"},"version":"2.8.2","name":"v2 Address Type","status":"active","experimental":false,"publisher":"HL7, Inc","contact":[{"telecom":[{"system":"url","value":"http://hl7.org"}]}],"description":"FHIR Value set/code system definition for HL7 v2 table 0190 ( Address Type)","caseSensitive":false,"valueSet":"http://hl7.org/fhir/ValueSet/v2-0190","content":"complete","concept":[{"extension":[{"url":"http://hl7.org/fhir/StructureDefinition/codesystem-comments","valueString":"Refers to an address specific to an organization, such as an insurance company or employer, versus an individual's work location or place of employment. It would be specific to a firm or organization that has some sort of business relationship with the su"}],"code":"B","display":"Firm/Business","designation":[{"language":"de","value":"Firma/Geschäft"},{"language":"nl","value":"Bedrijf/zakelijk"}]},{"extension":[{"url":"http://hl7.org/fhir/StructureDefinition/codesystem-comments","valueString":"Retained for backward compatibility only as of v2.6. Refer to XAD.17"}],"code":"BA","display":"Bad address","designation":[{"language":"nl","value":"Incorrect adres"}]},{"extension":[{"url":"http://hl7.org/fhir/StructureDefinition/codesystem-comments","valueString":"Refers to the address where birth occurred."}],"code":"BDL","display":"Birth delivery location  (address where birth occurred)","designation":[{"language":"de","value":"genauer Geburtsort"},{"language":"nl","value":"Ter-wereld-komst locatie (adres waar geboorte plaatsvond)"}]},{"extension":[{"url":"http://hl7.org/fhir/StructureDefinition/codesystem-comments","valueString":"May also be used for the validation/authorization of credit cards"}],"code":"BI","display":"Billing Address","designation":[{"language":"nl","value":"Facturatieadres"}]},{"extension":[{"url":"http://hl7.org/fhir/StructureDefinition/codesystem-comments","valueString":"Refers to the home address at time of birth."}],"code":"BR","display":"Residence at birth (home address at time of birth)","designation":[{"language":"de","value":"Wohnort zum Zeit­punkt der Geburt"},{"language":"nl","value":"Verblijfplaats bij geboorte (woonadres op moment van geboorte)"}]},{"extension":[{"url":"http://hl7.org/fhir/StructureDefinition/codesystem-comments","valueString":"Retained for backward compatibility only as of v2.6. Refer to XAD.16"}],"code":"C","display":"Current Or Temporary","designation":[{"language":"de","value":"Derzeitige Adresse"},{"language":"nl","value":"Huidig of tijdelijk"}]},{"code":"F","display":"Country Of Origin","designation":[{"language":"de","value":"Herkunftsland"},{"language":"nl","value":"Land van herkomst"}]},{"extension":[{"url":"http://hl7.org/fhir/StructureDefinition/codesystem-comments","valueString":"Refers to a residence or domicile, literally the place where the subject resides the majority of the time. Generally speaking most people will have a home address and it will represent their primary address. Home address is mutually exclusive of permanent"}],"code":"H","display":"Home","designation":[{"language":"de","value":"Privatadresse"},{"language":"nl","value":"Huis"}]},{"extension":[{"url":"http://hl7.org/fhir/StructureDefinition/codesystem-comments","valueString":"Refers to a special case address specific to the status of a subject or legal action involving the subject. For example, prisoners being treated at a healthcare facility may have home addresses, but their status mandates an address specific to their place"}],"code":"L","display":"Legal Address","designation":[{"language":"de","value":"registrierte Adresse"},{"language":"nl","value":"Wettelijk adres"}]},{"extension":[{"url":"http://hl7.org/fhir/StructureDefinition/codesystem-comments","valueString":"Retained for backward compatibility only as of v2.6. Refer to XAD.18"}],"code":"M","display":"Mailing","designation":[{"language":"de","value":"Postalische Adresse"},{"language":"nl","value":"Post"}]},{"extension":[{"url":"http://hl7.org/fhir/StructureDefinition/codesystem-comments","valueString":"Refers to the birth address, not otherwise specified"}],"code":"N","display":"Birth (nee)  (birth address, not otherwise specified)","designation":[{"language":"nl","value":"Geboorte (geboorteadres, tenzij anders gespecificeerd)"}]},{"extension":[{"url":"http://hl7.org/fhir/StructureDefinition/codesystem-comments","valueString":"Refers to a work address specific to the subject."}],"code":"O","display":"Office/Business","designation":[{"language":"de","value":"Büroadresse"},{"language":"nl","value":"Kantoor/zakelijk"}]},{"extension":[{"url":"http://hl7.org/fhir/StructureDefinition/codesystem-comments","valueString":"Refers to a place where the residents know the subject and where correspondence addressed to the subject will eventually reach the subject regardless of their physical location. A permanent address generally reflects a tax jurisdiction.  Members of the mi"}],"code":"P","display":"Permanent","designation":[{"language":"de","value":"Dauernder Wohnsitz"},{"language":"nl","value":"Permanent"}]},{"extension":[{"url":"http://hl7.org/fhir/StructureDefinition/codesystem-comments","valueString":"Refers to the information system, typically managed by a public health agency that stores patient information such as immunization histories or cancer data, regardless of where the patient obtains services"}],"code":"RH","display":"Registry home. Refers to the information system, typically managed by a public health agency, that stores patient information such as immunization histories or cancer data, regardless of where the patient obtains services.","designation":[{"language":"nl","value":"Registertehuis"}]},{"extension":[{"url":"http://hl7.org/fhir/StructureDefinition/codesystem-comments","valueString":"Refers to the location in which service is rendered. This would be used if reimbursement is based on the location of the service (to take into account the cost of those services)."}],"code":"S","display":"Service Location","designation":[{"language":"nl","value":"Servicelocatie"}]},{"code":"SH","display":"Shipping Address","designation":[{"language":"nl","value":"Verzendadres"}]},{"extension":[{"url":"http://hl7.org/fhir/StructureDefinition/codesystem-comments","valueString":"Pneumatic tube address (to which letters may be sent). A special transport system to transport small samples/containers and/or normal mail in small carriages on rail or in a tube.  (German Rohrpost)"}],"code":"TM","display":"Tube Address","designation":[{"language":"nl","value":"Buisadres"}]},{"code":"V","display":"Vacation","designation":[{"language":"nl","value":"Vakantie"}]}]}