{"resourceType":"CodeSystem","id":"v2-0157","meta":{"profile":["http://hl7.org/fhir/StructureDefinition/shareablecodesystem"]},"extension":[{"url":"http://hl7.org/fhir/StructureDefinition/structuredefinition-ballot-status","valueString":"External"},{"url":"http://hl7.org/fhir/StructureDefinition/structuredefinition-fmm","valueInteger":0}],"url":"http://hl7.org/fhir/v2/0157","identifier":{"system":"urn:ietf:rfc:3986","value":"urn:oid:2.16.840.1.113883.18.75"},"version":"2.8.2","name":"v2 Which date/time status qualifier","status":"active","experimental":false,"publisher":"HL7, Inc","contact":[{"telecom":[{"system":"url","value":"http://hl7.org"}]}],"description":"FHIR Value set/code system definition for HL7 v2 table 0157 ( Which date/time status qualifier)","caseSensitive":false,"valueSet":"http://hl7.org/fhir/ValueSet/v2-0157","content":"complete","property":[{"code":"deprecated","uri":"http://hl7.org/fhir/concept-properties#deprecated","description":"The date at which a concept was deprecated. Concepts that are deprecated but not inactive can still be used, but their use is discouraged","type":"dateTime"}],"concept":[{"code":"ANY","display":"Any status","designation":[{"language":"de","value":"Beliebiger Status"},{"language":"nl","value":"Willekeurige status"}],"property":[{"code":"deprecated","valueDateTime":"2007-10"}]},{"code":"CFN","display":"Current final value, whether final or corrected","designation":[{"language":"de","value":"Aktuelles Endergebnis"},{"language":"nl","value":"Huidige definitieve waarde (definitief en/of gecorrigeerd)"}],"property":[{"code":"deprecated","valueDateTime":"2007-10"}]},{"code":"COR","display":"Corrected only (no final with corrections)","designation":[{"language":"de","value":"Ursprüngliche Ergebnisse, die später korrigiert wurden"},{"language":"nl","value":"Alleen correcties (geen definitief met correcties)"}],"property":[{"code":"deprecated","valueDateTime":"2007-10"}]},{"code":"FIN","display":"Final only (no corrections)","designation":[{"language":"de","value":"Endergebnisse,  die niemals korrigiert wurden"},{"language":"nl","value":"Alleen definitief (geen correcties)"}],"property":[{"code":"deprecated","valueDateTime":"2007-10"}]},{"code":"PRE","display":"Preliminary","designation":[{"language":"de","value":"Vorläufig"},{"language":"nl","value":"Voorlopig"}],"property":[{"code":"deprecated","valueDateTime":"2007-10"}]},{"code":"REP","display":"Report completion date/time","designation":[{"language":"de","value":"Bericht abgeschlossen"},{"language":"nl","value":"Verslag voltooiing datum/tijd"}],"property":[{"code":"deprecated","valueDateTime":"2007-10"}]}]}