{"resourceType":"CodeSystem","id":"flag-priority","meta":{"lastUpdated":"2019-10-24T11:53:00+11:00","profile":["http://hl7.org/fhir/StructureDefinition/shareablecodesystem"]},"extension":[{"url":"http://hl7.org/fhir/StructureDefinition/structuredefinition-ballot-status","valueString":"Informative"},{"url":"http://hl7.org/fhir/StructureDefinition/structuredefinition-fmm","valueInteger":0}],"url":"http://hl7.org/fhir/flag-priority-code","identifier":{"system":"urn:ietf:rfc:3986","value":"urn:oid:2.16.840.1.113883.4.642.1.868"},"version":"3.0.2","name":"Flag Priority Codes","status":"draft","experimental":true,"publisher":"FHIR Project team","contact":[{"telecom":[{"system":"url","value":"http://hl7.org/fhir"}]}],"description":"This value set is provided as an exemplar. The value set is driven by IHE Table B.8-4: Abnormal Flags, Alert Priority.","caseSensitive":true,"valueSet":"http://hl7.org/fhir/ValueSet/flag-priority","content":"complete","concept":[{"code":"PN","display":"No alarm","definition":"No alarm."},{"code":"PL","display":"Low priority","definition":"Low priority."},{"code":"PM","display":"Medium priority","definition":"Medium priority."},{"code":"PH","display":"High priority","definition":"High priority."}]}