{"resourceType":"CodeSystem","id":"messageheader-response-request","meta":{"lastUpdated":"2019-10-24T11:53:00+11:00"},"extension":[{"url":"http://hl7.org/fhir/StructureDefinition/structuredefinition-ballot-status","valueString":"Informative"},{"url":"http://hl7.org/fhir/StructureDefinition/structuredefinition-fmm","valueInteger":0}],"url":"http://hl7.org/fhir/messageheader-response-request","identifier":{"system":"urn:ietf:rfc:3986","value":"urn:oid:2.16.840.1.113883.4.642.1.844"},"version":"3.0.2","name":"messageheader-response-request","status":"draft","experimental":false,"date":"2019-10-24T11:53:00+11:00","publisher":"HL7 (FHIR Project)","contact":[{"telecom":[{"system":"url","value":"http://hl7.org/fhir"},{"system":"email","value":"fhir@lists.hl7.org"}]}],"description":"HL7-defined table of codes which identify conditions under which acknowledgments are required to be returned in response to a message.","caseSensitive":true,"valueSet":"http://hl7.org/fhir/ValueSet/messageheader-response-request","content":"complete","concept":[{"code":"always","display":"Always","definition":"initiator expects a response for this message"},{"code":"on-error","display":"Error/reject conditions only","definition":"initiator expects a response only if in error"},{"code":"never","display":"Never","definition":"initiator does not expect a response"},{"code":"on-success","display":"Successful completion only","definition":"initiator expects a response only if successful"}]}