{"resourceType":"CodeSystem","id":"care-plan-status","meta":{"lastUpdated":"2019-10-24T11:53:00+11:00"},"extension":[{"url":"http://hl7.org/fhir/StructureDefinition/structuredefinition-ballot-status","valueString":"Informative"},{"url":"http://hl7.org/fhir/StructureDefinition/structuredefinition-fmm","valueInteger":2},{"url":"http://hl7.org/fhir/StructureDefinition/structuredefinition-wg","valueCode":"pc"}],"url":"http://hl7.org/fhir/care-plan-status","identifier":{"system":"urn:ietf:rfc:3986","value":"urn:oid:2.16.840.1.113883.4.642.1.131"},"version":"3.0.2","name":"CarePlanStatus","status":"draft","experimental":false,"date":"2019-10-24T11:53:00+11:00","publisher":"HL7 (FHIR Project)","contact":[{"telecom":[{"system":"url","value":"http://hl7.org/fhir"},{"system":"email","value":"fhir@lists.hl7.org"}]}],"description":"Indicates whether the plan is currently being acted upon, represents future intentions or is now a historical record.","caseSensitive":true,"valueSet":"http://hl7.org/fhir/ValueSet/care-plan-status","content":"complete","concept":[{"code":"draft","display":"Pending","definition":"The plan is in development or awaiting use but is not yet intended to be acted upon."},{"code":"active","display":"Active","definition":"The plan is intended to be followed and used as part of patient care."},{"code":"suspended","display":"Suspended","definition":"The plan has been temporarily stopped but is expected to resume in the future."},{"code":"completed","display":"Completed","definition":"The plan is no longer in use and is not expected to be followed or used in patient care."},{"code":"entered-in-error","display":"Entered In Error","definition":"The plan was entered in error and voided."},{"code":"cancelled","display":"Cancelled","definition":"The plan has been terminated prior to reaching completion (though it may have been replaced by a new plan)."},{"code":"unknown","display":"Unknown","definition":"The authoring system doesn't know the current state of the care plan."}]}