{"resourceType":"CodeSystem","id":"v2-0167","meta":{"profile":["http://hl7.org/fhir/StructureDefinition/shareablecodesystem"]},"extension":[{"url":"http://hl7.org/fhir/StructureDefinition/structuredefinition-ballot-status","valueString":"External"},{"url":"http://hl7.org/fhir/StructureDefinition/structuredefinition-fmm","valueInteger":0}],"url":"http://hl7.org/fhir/v2/0167","identifier":{"system":"urn:ietf:rfc:3986","value":"urn:oid:2.16.840.1.113883.18.85"},"version":"2.8.2","name":"v2 Substitution Status","status":"active","experimental":false,"publisher":"HL7, Inc","contact":[{"telecom":[{"system":"url","value":"http://hl7.org"}]}],"description":"FHIR Value set/code system definition for HL7 v2 table 0167 ( Substitution Status)","caseSensitive":false,"valueSet":"http://hl7.org/fhir/ValueSet/v2-0167","content":"complete","concept":[{"code":"0","display":"No product selection indicated","designation":[{"language":"nl","value":"Geen productselectie aangegeven"}]},{"code":"1","display":"Substitution not allowed by prescriber","designation":[{"language":"nl","value":"Substitutie niet toegestaan door voorschrijver"}]},{"code":"2","display":"Substitution allowed - patient requested product dispensed","designation":[{"language":"nl","value":"Substitutie toegestaan - patiënt vroeg om verstrekte product"}]},{"code":"3","display":"Substitution allowed - pharmacist selected product dispensed","designation":[{"language":"nl","value":"Substitutie toegestaan - apotheek selecteerde verstrekte product"}]},{"code":"4","display":"Substitution allowed - generic drug not in stock","designation":[{"language":"nl","value":"Substitutie toegestaan - generieke medicatie niet op voorraad"}]},{"code":"5","display":"Substitution allowed - brand drug dispensed as a generic","designation":[{"language":"nl","value":"Substitutie toegestaan - merkmedicatie verstrekt als generiek"}]},{"code":"7","display":"Substitution not allowed - brand drug mandated by law","designation":[{"language":"nl","value":"Substitutie toegestaan - merkmedicatie wettelijk verplicht"}]},{"code":"8","display":"Substitution allowed - generic drug not available in marketplace","designation":[{"language":"nl","value":"Substitutie toegestaan - generieke medicatie niet beschikbaar op de markt"}]},{"code":"G","display":"A generic substitution was dispensed.","designation":[{"language":"de","value":"Substitution durch Generika"},{"language":"nl","value":"Er is een generiek substituut verstrekt"}]},{"code":"N","display":"No substitute was dispensed.  This is equivalent to the default (null) value.","designation":[{"language":"de","value":"keine Substitution"},{"language":"nl","value":"Er is geen substituut verstrekt. Dit is de standaardwaarde."}]},{"code":"T","display":"A therapeutic substitution was dispensed.","designation":[{"language":"de","value":"therapieorientierte Substitution"},{"language":"nl","value":"Er is een therapeutisch substituut verstrekt"}]}]}