{"resourceType":"CodeSystem","id":"structure-definition-kind","meta":{"lastUpdated":"2019-10-24T11:53:00+11:00"},"extension":[{"url":"http://hl7.org/fhir/StructureDefinition/structuredefinition-ballot-status","valueString":"Informative"},{"url":"http://hl7.org/fhir/StructureDefinition/structuredefinition-fmm","valueInteger":5},{"url":"http://hl7.org/fhir/StructureDefinition/structuredefinition-wg","valueCode":"fhir"}],"url":"http://hl7.org/fhir/structure-definition-kind","identifier":{"system":"urn:ietf:rfc:3986","value":"urn:oid:2.16.840.1.113883.4.642.1.655"},"version":"3.0.2","name":"StructureDefinitionKind","status":"draft","experimental":false,"date":"2019-10-24T11:53:00+11:00","publisher":"HL7 (FHIR Project)","contact":[{"telecom":[{"system":"url","value":"http://hl7.org/fhir"},{"system":"email","value":"fhir@lists.hl7.org"}]}],"description":"Defines the type of structure that a definition is describing.","caseSensitive":true,"valueSet":"http://hl7.org/fhir/ValueSet/structure-definition-kind","content":"complete","concept":[{"code":"primitive-type","display":"Primitive Data Type","definition":"A primitive type that has a value and an extension. These can be used throughout Resource and extension definitions. Only the base specification can define primitive types."},{"code":"complex-type","display":"Complex Data Type","definition":"A  complex structure that defines a set of data elements. These can be used throughout Resource and extension definitions, and in logical models."},{"code":"resource","display":"Resource","definition":"A resource defined by the FHIR specification."},{"code":"logical","display":"Logical Model","definition":"A conceptual package of data that will be mapped to resources for implementation."}]}