{"resourceType":"CodeSystem","id":"restful-capability-mode","meta":{"lastUpdated":"2019-10-24T11:53:00+11:00"},"extension":[{"url":"http://hl7.org/fhir/StructureDefinition/structuredefinition-ballot-status","valueString":"Informative"},{"url":"http://hl7.org/fhir/StructureDefinition/structuredefinition-fmm","valueInteger":3},{"url":"http://hl7.org/fhir/StructureDefinition/structuredefinition-wg","valueCode":"fhir"}],"url":"http://hl7.org/fhir/restful-capability-mode","identifier":{"system":"urn:ietf:rfc:3986","value":"urn:oid:2.16.840.1.113883.4.642.1.167"},"version":"3.0.2","name":"RestfulCapabilityMode","status":"draft","experimental":false,"date":"2019-10-24T11:53:00+11:00","publisher":"HL7 (FHIR Project)","contact":[{"telecom":[{"system":"url","value":"http://hl7.org/fhir"},{"system":"email","value":"fhir@lists.hl7.org"}]}],"description":"The mode of a RESTful capability statement.","caseSensitive":true,"valueSet":"http://hl7.org/fhir/ValueSet/restful-capability-mode","content":"complete","concept":[{"code":"client","display":"Client","definition":"The application acts as a client for this resource."},{"code":"server","display":"Server","definition":"The application acts as a server for this resource."}]}