{"resourceType":"CodeSystem","id":"metric-calibration-state","meta":{"lastUpdated":"2019-10-24T11:53:00+11:00"},"extension":[{"url":"http://hl7.org/fhir/StructureDefinition/structuredefinition-ballot-status","valueString":"Informative"},{"url":"http://hl7.org/fhir/StructureDefinition/structuredefinition-fmm","valueInteger":1},{"url":"http://hl7.org/fhir/StructureDefinition/structuredefinition-wg","valueCode":"dev"}],"url":"http://hl7.org/fhir/metric-calibration-state","identifier":{"system":"urn:ietf:rfc:3986","value":"urn:oid:2.16.840.1.113883.4.642.1.637"},"version":"3.0.2","name":"DeviceMetricCalibrationState","status":"draft","experimental":false,"date":"2019-10-24T11:53:00+11:00","publisher":"HL7 (FHIR Project)","contact":[{"telecom":[{"system":"url","value":"http://hl7.org/fhir"},{"system":"email","value":"fhir@lists.hl7.org"}]}],"description":"Describes the state of a metric calibration.","caseSensitive":true,"valueSet":"http://hl7.org/fhir/ValueSet/metric-calibration-state","content":"complete","concept":[{"code":"not-calibrated","display":"Not Calibrated","definition":"The metric has not been calibrated."},{"code":"calibration-required","display":"Calibration Required","definition":"The metric needs to be calibrated."},{"code":"calibrated","display":"Calibrated","definition":"The metric has been calibrated."},{"code":"unspecified","display":"Unspecified","definition":"The state of calibration of this metric is unspecified."}]}