{"resourceType":"CodeSystem","id":"v2-0203","meta":{"profile":["http://hl7.org/fhir/StructureDefinition/shareablecodesystem"]},"extension":[{"url":"http://hl7.org/fhir/StructureDefinition/structuredefinition-ballot-status","valueString":"External"},{"url":"http://hl7.org/fhir/StructureDefinition/structuredefinition-fmm","valueInteger":0}],"url":"http://hl7.org/fhir/v2/0203","identifier":{"system":"urn:ietf:rfc:3986","value":"urn:oid:2.16.840.1.113883.18.108"},"version":"2.8.2","name":"v2 Identifier Type","status":"active","experimental":false,"publisher":"HL7, Inc","contact":[{"telecom":[{"system":"url","value":"http://hl7.org"}]}],"description":"FHIR Value set/code system definition for HL7 v2 table 0203 ( Identifier Type)","caseSensitive":false,"valueSet":"http://hl7.org/fhir/ValueSet/v2-0203","content":"complete","property":[{"code":"deprecated","uri":"http://hl7.org/fhir/concept-properties#deprecated","description":"The date at which a concept was deprecated. Concepts that are deprecated but not inactive can still be used, but their use is discouraged","type":"dateTime"}],"concept":[{"extension":[{"url":"http://hl7.org/fhir/StructureDefinition/codesystem-comments","valueString":"Accession Identifier"}],"code":"ACSN","display":"Accession ID","designation":[{"language":"nl","value":"Accession ID"}]},{"extension":[{"url":"http://hl7.org/fhir/StructureDefinition/codesystem-comments","valueString":"Deprecated and replaced by BC in v 2.5."}],"code":"AM","display":"American Express","designation":[{"language":"de","value":"American Express"},{"language":"nl","value":"American Express"}]},{"extension":[{"url":"http://hl7.org/fhir/StructureDefinition/codesystem-comments","valueString":"A physician identifier assigned by the AMA."}],"code":"AMA","display":"American Medical Association Number","designation":[{"language":"nl","value":"American Medical Association nummer"}]},{"extension":[{"url":"http://hl7.org/fhir/StructureDefinition/codesystem-comments","valueString":"An identifier that is unique to an account."}],"code":"AN","display":"Account number","designation":[{"language":"de","value":"Kontonummer"},{"language":"nl","value":"Accountnummer"}]},{"code":"An identifier for a provi","property":[{"code":"deprecated","valueDateTime":"2011-01"}]},{"code":"An Identifier for a provider a"},{"code":"An identifier for a provider r"},{"extension":[{"url":"http://hl7.org/fhir/StructureDefinition/codesystem-comments","valueString":"Class: Financial<p>A more precise definition of an account number: sometimes two distinct account numbers must be transmitted in the same message, one as the creditor, the other as the debitor.<p>Kreditorenkontonummer"}],"code":"ANC","display":"Account number Creditor","designation":[{"language":"nl","value":"Accountnummer crediteur"}]},{"extension":[{"url":"http://hl7.org/fhir/StructureDefinition/codesystem-comments","valueString":"Class: Financial<p>A more precise definition of an account number: sometimes two distinct account numbers must be transmitted in the same message, one as the creditor, the other as the debitor.<p>Debitorenkontonummer"}],"code":"AND","display":"Account number debitor","designation":[{"language":"nl","value":"Accountnummer debiteur"}]},{"extension":[{"url":"http://hl7.org/fhir/StructureDefinition/codesystem-comments","valueString":"An identifier for a living subject whose real identity is protected or suppressed<p>Justification: For public health reporting purposes, anonymous identifiers are occasionally used for protecting patient identity in reporting certain results. For instance"}],"code":"ANON","display":"Anonymous identifier","designation":[{"language":"nl","value":"Anonieme identificatie"}]},{"extension":[{"url":"http://hl7.org/fhir/StructureDefinition/codesystem-comments","valueString":"Class: Financial<p>Temporary version of an Account Number.<p>Use Case: An ancillary system that does not normally assign account numbers is the first time to register a patient. This ancillary system will generate a temporary account number that will only"}],"code":"ANT","display":"Temporary Account Number","designation":[{"language":"nl","value":"Tijdelijk accountnummer"}]},{"extension":[{"url":"http://hl7.org/fhir/StructureDefinition/codesystem-comments","valueString":"An identifier that is unique to an advanced practice registered nurse within the jurisdiction of a certifying board"}],"code":"APRN","display":"Advanced Practice Registered Nurse number"},{"extension":[{"url":"http://hl7.org/fhir/StructureDefinition/codesystem-comments","valueString":"A unique identifier for the ancestor specimen. All child, grandchild, etc. specimens of the ancestor specimen share the same Ancestor Specimen ID."}],"code":"ASID","display":"Ancestor Specimen ID","designation":[{"language":"nl","value":"Oorspronkelijk monster ID"}]},{"extension":[{"url":"http://hl7.org/fhir/StructureDefinition/codesystem-comments","valueString":"Class: Financial"}],"code":"BA","display":"Bank Account Number","designation":[{"language":"nl","value":"Bankrekeningnummer"}]},{"extension":[{"url":"http://hl7.org/fhir/StructureDefinition/codesystem-comments","valueString":"Class: Financial<p>An identifier that is unique to a person's bank card. Replaces AM, DI, DS, MS, and VS beginning in v 2.5."}],"code":"BC","display":"Bank Card Number","designation":[{"language":"nl","value":"Bankrekeningnummer"}]},{"extension":[{"url":"http://hl7.org/fhir/StructureDefinition/codesystem-comments","valueString":"A number associated with a document identifying the event of a person's birth."}],"code":"BCT","display":"Birth Certificate","designation":[{"language":"nl","value":"Geboortecertificaat"}]},{"extension":[{"url":"http://hl7.org/fhir/StructureDefinition/codesystem-comments","valueString":"An identifier unique within the Assigning Authority that is the official legal record of a person's birth."}],"code":"BR","display":"Birth registry number","designation":[{"language":"de","value":"Geburtsregisternummer"},{"language":"nl","value":"Geboorteregister-nummer"}]},{"code":"BRN","display":"Breed Registry Number","designation":[{"language":"nl","value":"Dierenras-registernummer"}]},{"extension":[{"url":"http://hl7.org/fhir/StructureDefinition/codesystem-comments","valueString":"Betriebsstättennummer - for use in the German realm."}],"code":"BSNR","display":"Primary physician office number","designation":[{"language":"nl","value":"Primair zorgverlenerpraktijknummer"}]},{"extension":[{"url":"http://hl7.org/fhir/StructureDefinition/codesystem-comments","valueString":"Class: Financial<p>Use Case: needed especially for transmitting information about invoices."}],"code":"CC","display":"Cost Center number","designation":[{"language":"nl","value":"Kostenplaatsnummer"}]},{"extension":[{"url":"http://hl7.org/fhir/StructureDefinition/codesystem-comments","valueString":"A number associated with a document identifying a person's legal change of name."}],"code":"CONM","display":"Change of Name Document","designation":[{"language":"nl","value":"Naamswijzigingdocument"}]},{"code":"CY","display":"County number","designation":[{"language":"nl","value":"County-nummer"}]},{"extension":[{"url":"http://hl7.org/fhir/StructureDefinition/codesystem-comments","valueString":"A number assigned by a person's country of residence to identify a person's citizenship."}],"code":"CZ","display":"Citizenship Card","designation":[{"language":"nl","value":"Staatsburgerschapkaart"}]},{"extension":[{"url":"http://hl7.org/fhir/StructureDefinition/codesystem-comments","valueString":"An identifier that is unique to a dentist within the jurisdiction of the licensing board"}],"code":"DDS","display":"Dentist license number","designation":[{"language":"nl","value":"Tandarts licentienummer"}]},{"extension":[{"url":"http://hl7.org/fhir/StructureDefinition/codesystem-comments","valueString":"An identifier for an individual or organization relative to controlled substance regulation and transactions.<p>Use case: This is a registration number that identifies an individual or organization relative to controlled substance regulation and transacti"}],"code":"DEA","display":"Drug Enforcement Administration registration number","designation":[{"language":"nl","value":"Amerikaanse Drug Enforcement Administration registratienummer"}]},{"extension":[{"url":"http://hl7.org/fhir/StructureDefinition/codesystem-comments","valueString":"An identifier issued to a health care provider authorizing the person to write drug orders<p>Use Case: A nurse practitioner has authorization to furnish or prescribe pharmaceutical substances; this identifier is in component 1."}],"code":"DFN","display":"Drug Furnishing or prescriptive authority Number","designation":[{"language":"nl","value":"Medicatieverstrekker of voorschrijver autoriteitnummer"}]},{"extension":[{"url":"http://hl7.org/fhir/StructureDefinition/codesystem-comments","valueString":"Deprecated and replaced by BC in v 2.5."}],"code":"DI","display":"Diner's Club card","designation":[{"language":"de","value":"Diners Club"},{"language":"nl","value":"Diner's Club"}]},{"code":"DL","display":"Driver's license number","designation":[{"language":"de","value":"Führerscheinnummer"},{"language":"nl","value":"Rijbewijsnummer"}]},{"code":"DN","display":"Doctor number","designation":[{"language":"de","value":"Arztnummer"},{"language":"nl","value":"Artsnummer"}]},{"extension":[{"url":"http://hl7.org/fhir/StructureDefinition/codesystem-comments","valueString":"An identifier that is unique to an osteopath within the jurisdiction of a licensing board."}],"code":"DO","display":"Osteopathic License number","designation":[{"language":"nl","value":"Osteopatisch licentienummer"}]},{"extension":[{"url":"http://hl7.org/fhir/StructureDefinition/codesystem-comments","valueString":"A number assigned to a diplomatic passport."}],"code":"DP","display":"Diplomatic Passport","designation":[{"language":"nl","value":"Diplomatiek paspoort"}]},{"extension":[{"url":"http://hl7.org/fhir/StructureDefinition/codesystem-comments","valueString":"An identifier that is unique to a podiatrist within the jurisdiction of the licensing board."}],"code":"DPM","display":"Podiatrist license number","designation":[{"language":"nl","value":"Podoloog licentienummer"}]},{"code":"DR","display":"Donor Registration Number","designation":[{"language":"nl","value":"Donorregistratienummer"}]},{"extension":[{"url":"http://hl7.org/fhir/StructureDefinition/codesystem-comments","valueString":"Deprecated and replaced by BC in v 2.5."}],"code":"DS","display":"Discover Card","designation":[{"language":"de","value":"Discover Card"},{"language":"nl","value":"Discover kaart"}]},{"extension":[{"url":"http://hl7.org/fhir/StructureDefinition/codesystem-comments","valueString":"A number that uniquely identifies an employee to an employer."}],"code":"EI","display":"Employee number","designation":[{"language":"de","value":"Arbeitnehmernummer"},{"language":"nl","value":"Werknemernummer"}]},{"code":"EN","display":"Employer number","designation":[{"language":"de","value":"Arbeitgebernummer"},{"language":"nl","value":"Werkgevernummer"}]},{"extension":[{"url":"http://hl7.org/fhir/StructureDefinition/codesystem-comments","valueString":"An identifier that is unique to a staff member within an enterprise (as identified by the Assigning Authority)."}],"code":"ESN","display":"Staff Enterprise Number","designation":[{"language":"nl","value":"Medewerker bedrijfsnummer"}]},{"code":"FI","display":"Facility ID","designation":[{"language":"nl","value":"Afdeling-ID"}]},{"extension":[{"url":"http://hl7.org/fhir/StructureDefinition/codesystem-comments","valueString":"Class: Financial"}],"code":"GI","display":"Guarantor internal identifier","designation":[{"language":"de","value":"interne ID des Zahlungspflichtigen"},{"language":"nl","value":"Interne garantsteller identificatie"}]},{"extension":[{"url":"http://hl7.org/fhir/StructureDefinition/codesystem-comments","valueString":"Class: Financial"}],"code":"GL","display":"General ledger number","designation":[{"language":"nl","value":"Grootboeknummer"}]},{"extension":[{"url":"http://hl7.org/fhir/StructureDefinition/codesystem-comments","valueString":"Class: Financial"}],"code":"GN","display":"Guarantor external  identifier","designation":[{"language":"de","value":"externe ID des Zahlungspflichtigen"},{"language":"nl","value":"Externe garantsteller identificatie"}]},{"code":"HC","display":"Health Card Number","designation":[{"language":"nl","value":"Gezondheidskaartnummer"}]},{"extension":[{"url":"http://hl7.org/fhir/StructureDefinition/codesystem-comments","valueString":"A number assigned to a member of an indigenous or aboriginal group outside of Canada."}],"code":"IND","display":"Indigenous/Aboriginal","designation":[{"language":"nl","value":"Inheems/Aboriginal"}]},{"extension":[{"url":"http://hl7.org/fhir/StructureDefinition/codesystem-comments","valueString":"Class: Insurance<p>2 uses: a) UK jurisdictional CHI number; b) Canadian provincial health card number:"}],"code":"JHN","display":"Jurisdictional health number (Canada)","designation":[{"language":"nl","value":"Rechtsgebied gezondheidsnummer (Canada)"}]},{"extension":[{"url":"http://hl7.org/fhir/StructureDefinition/codesystem-comments","valueString":"A laboratory accession id is used in the laboratory domain. The concept of accession is used in other domains such as radiology, so the LACSN is used to distinguish a lab accession id from an radiology accession id"}],"code":"LACSN","display":"Laboratory Accession ID","designation":[{"language":"nl","value":"Laboratorium Accessie ID"}]},{"extension":[{"url":"http://hl7.org/fhir/StructureDefinition/codesystem-comments","valueString":"Lebenslange Arztnummer - for use in German realm."}],"code":"LANR","display":"Lifelong physician number","designation":[{"language":"nl","value":"Levenslang zorgverlenernummer"}]},{"code":"LI","display":"Labor and industries number","designation":[{"language":"nl","value":"Arbeid en industrienummer"}]},{"code":"LN","display":"License number","designation":[{"language":"nl","value":"Licentienummer"}]},{"code":"LR","display":"Local Registry ID","designation":[{"language":"nl","value":"Lokaal register ID"}]},{"extension":[{"url":"http://hl7.org/fhir/StructureDefinition/codesystem-comments","valueString":"Class: Insurance"}],"code":"MA","display":"Patient Medicaid number","designation":[{"language":"de","value":"Armennummer"},{"language":"nl","value":"Medicaid patiëntnummer"}]},{"extension":[{"url":"http://hl7.org/fhir/StructureDefinition/codesystem-comments","valueString":"An identifier for the insured of an insurance policy (this insured always has a subscriber), usually assigned by the insurance carrier.<p>Use Case: Person is covered by an insurance policy. This person may or may not be the subscriber of the policy."}],"code":"MB","display":"Member Number","designation":[{"language":"nl","value":"Lidnummer"}]},{"extension":[{"url":"http://hl7.org/fhir/StructureDefinition/codesystem-comments","valueString":"Class: Insurance"}],"code":"MC","display":"Patient's Medicare number","designation":[{"language":"de","value":"Rentnernummer"},{"language":"nl","value":"Medicare patiëntnummer"}]},{"extension":[{"url":"http://hl7.org/fhir/StructureDefinition/codesystem-comments","valueString":"Class: Insurance"}],"code":"MCD","display":"Practitioner Medicaid number","designation":[{"language":"nl","value":"Medicaid zorgverlenernummer"}]},{"code":"MCN","display":"Microchip Number","designation":[{"language":"nl","value":"Microchip-nummer"}]},{"extension":[{"url":"http://hl7.org/fhir/StructureDefinition/codesystem-comments","valueString":"Class: Insurance"}],"code":"MCR","display":"Practitioner Medicare number","designation":[{"language":"nl","value":"Medicare zorgverlenernummer"}]},{"extension":[{"url":"http://hl7.org/fhir/StructureDefinition/codesystem-comments","valueString":"A number associated with a document identifying the event of a person's marriage."}],"code":"MCT","display":"Marriage Certificate","designation":[{"language":"nl","value":"Huwelijkscertificaat"}]},{"extension":[{"url":"http://hl7.org/fhir/StructureDefinition/codesystem-comments","valueString":"An identifier that is unique to a medical doctor within the jurisdiction of a licensing board.<p>Use Case: These license numbers are sometimes used as identifiers. In some states, the same authority issues all three identifiers, e.g. medical, osteopathic"}],"code":"MD","display":"Medical License number","designation":[{"language":"nl","value":"Geneeskundig licentienummer"}]},{"extension":[{"url":"http://hl7.org/fhir/StructureDefinition/codesystem-comments","valueString":"A number assigned to an individual who has had military duty, but is not currently on active duty. The number is assigned by the DOD or Veterans' Affairs (VA)."}],"code":"MI","display":"Military ID number","designation":[{"language":"nl","value":"Militaire identificatie"}]},{"extension":[{"url":"http://hl7.org/fhir/StructureDefinition/codesystem-comments","valueString":"An identifier that is unique to a patient within a set of medical records, not necessarily unique within an application."}],"code":"MR","display":"Medical record number","designation":[{"language":"de","value":"Krankenaktennummer"},{"language":"nl","value":"Medisch dossiernummer"}]},{"extension":[{"url":"http://hl7.org/fhir/StructureDefinition/codesystem-comments","valueString":"Temporary version of a Medical Record Number<p>Use Case: An ancillary system that does not normally assign medical record numbers is the first time to register a patient. This ancillary system will generate a temporary medical record number that will only"}],"code":"MRT","display":"Temporary Medical Record Number","designation":[{"language":"nl","value":"Tijdelijke medisch dossiernummer"}]},{"extension":[{"url":"http://hl7.org/fhir/StructureDefinition/codesystem-comments","valueString":"Deprecated and replaced by BC in v 2.5."}],"code":"MS","display":"MasterCard","designation":[{"language":"de","value":"MasterCard"},{"language":"nl","value":"MasterCard"}]},{"extension":[{"url":"http://hl7.org/fhir/StructureDefinition/codesystem-comments","valueString":"Nebenbetriebsstättennummer - for use in the German realm."}],"code":"NBSNR","display":"Secondary physician office number","designation":[{"language":"nl","value":"Secundaire zorgverlenerpraktijknummer"}]},{"extension":[{"url":"http://hl7.org/fhir/StructureDefinition/codesystem-comments","valueString":"A number associated with a document identifying a person's retention of citizenship in a particular country."}],"code":"NCT","display":"Naturalization Certificate","designation":[{"language":"nl","value":"Naturalisatiecertificaat"}]},{"extension":[{"url":"http://hl7.org/fhir/StructureDefinition/codesystem-comments","valueString":"In the US, the Assigning Authority for this value is typically CMS, but it may be used by all providers and insurance companies in HIPAA related transactions."}],"code":"NE","display":"National employer identifier","designation":[{"language":"nl","value":"Nationale werkgeveridentificatie"}]},{"extension":[{"url":"http://hl7.org/fhir/StructureDefinition/codesystem-comments","valueString":"Class: Insurance<p>Used for the UK NHS national identifier.<p>In the US, the Assigning Authority for this value is typically CMS, but it may be used by all providers and insurance companies in HIPAA related transactions."}],"code":"NH","display":"National Health Plan Identifier","designation":[{"language":"nl","value":"Nationaal zorgverzekeringsnummer"}]},{"extension":[{"url":"http://hl7.org/fhir/StructureDefinition/codesystem-comments","valueString":"Class: Insurance<p>In the US, the Assigning Authority for this value is typically CMS, but it may be used by all providers and insurance companies in HIPAA related transactions."}],"code":"NI","display":"National unique individual identifier","designation":[{"language":"nl","value":"Nationale unieke identificatie persoon"}]},{"extension":[{"url":"http://hl7.org/fhir/StructureDefinition/codesystem-comments","valueString":"Class: Insurance<p>In Germany a national identifier for an insurance company. It is printed on the insurance card (health card). It is not to be confused with the health card number itself.<p>Krankenkassen-ID der KV-Karte"}],"code":"NII","display":"National Insurance Organization Identifier","designation":[{"language":"de","value":"Institutskennzeichen der Krankenkasse"},{"language":"nl","value":"Nationale verzekeraar identificatie"}]},{"extension":[{"url":"http://hl7.org/fhir/StructureDefinition/codesystem-comments","valueString":"Class: Insurance<p>In Germany the insurance identifier addressed as the payor.<p>Krankenkassen-ID des Rechnungsempfängers<p>Use case: a subdivision issues the card with their identifier, but the main division is going to pay the invoices."}],"code":"NIIP","display":"National Insurance Payor Identifier (Payor)","designation":[{"language":"de","value":"Vertragskassennummer (VKNR)"},{"language":"nl","value":"Nationale verzekeraar betaler identificatie (Betaler)"}]},{"code":"NNxxx","display":"National Person Identifier where the xxx is the ISO table 3166 3-character (alphabetic) country code","designation":[{"language":"nl","value":"Nationale persoonsidentificatie waarbij xxx de ISO-tabel 3166 3-tekens (alfabetisch) landcode is"}]},{"extension":[{"url":"http://hl7.org/fhir/StructureDefinition/codesystem-comments","valueString":"An identifier that is unique to a nurse practitioner within the jurisdiction of a certifying board."}],"code":"NP","display":"Nurse practitioner number","designation":[{"language":"nl","value":"Nurse practitioner nummer"}]},{"extension":[{"url":"http://hl7.org/fhir/StructureDefinition/codesystem-comments","valueString":"Class: Insurance<p>In the US, the Assigning Authority for this value is typically CMS, but it may be used by all providers and insurance companies in HIPAA related transactions."}],"code":"NPI","display":"National provider identifier","designation":[{"language":"nl","value":"Nationale zorgaanbieder/zorgverlener identificatie"}]},{"extension":[{"url":"http://hl7.org/fhir/StructureDefinition/codesystem-comments","valueString":"A number that is unique to an individual optometrist within the jurisdiction of the licensing board."}],"code":"OD","display":"Optometrist license number","designation":[{"language":"nl","value":"Optometrist nummer"}]},{"extension":[{"url":"http://hl7.org/fhir/StructureDefinition/codesystem-comments","valueString":"An identifier that is unique to a physician assistant within the jurisdiction of a licensing board"}],"code":"PA","display":"Physician Assistant number","designation":[{"language":"de","value":"Assistenzarztnummer"},{"language":"nl","value":"Zorgverlener nummer"}]},{"extension":[{"url":"http://hl7.org/fhir/StructureDefinition/codesystem-comments","valueString":"A number identifying a person on parole."}],"code":"PC","display":"Parole Card","designation":[{"language":"nl","value":"Reclasseringskaart"}]},{"extension":[{"url":"http://hl7.org/fhir/StructureDefinition/codesystem-comments","valueString":"A number assigned to individual who is incarcerated."}],"code":"PCN","display":"Penitentiary/correctional institution Number","designation":[{"language":"nl","value":"Penitentiaire instellings-nummer"}]},{"extension":[{"url":"http://hl7.org/fhir/StructureDefinition/codesystem-comments","valueString":"An identifier that is unique to a living subject within an enterprise (as identified by the Assigning Authority)."}],"code":"PE","display":"Living Subject Enterprise Number","designation":[{"language":"nl","value":"Levend wezen bedrijfs-nummer"}]},{"code":"PEN","display":"Pension Number","designation":[{"language":"nl","value":"Pensioennummer"}]},{"extension":[{"url":"http://hl7.org/fhir/StructureDefinition/codesystem-comments","valueString":"A number that is unique to a patient within an Assigning Authority."}],"code":"PI","display":"Patient internal identifier","designation":[{"language":"de","value":"interne Patienten-ID"},{"language":"nl","value":"Intern patiëntnummer"}]},{"extension":[{"url":"http://hl7.org/fhir/StructureDefinition/codesystem-comments","valueString":"A number that is unique to a living subject within an Assigning Authority."}],"code":"PN","display":"Person number","designation":[{"language":"de","value":"Personen-ID"},{"language":"nl","value":"Persoonsnummer"}]},{"extension":[{"url":"http://hl7.org/fhir/StructureDefinition/codesystem-comments","valueString":"Temporary version of a Lining Subject Number."}],"code":"PNT","display":"Temporary Living Subject Number","designation":[{"language":"nl","value":"Tijdelijk levend wezen nummer"}]},{"extension":[{"url":"http://hl7.org/fhir/StructureDefinition/codesystem-comments","valueString":"Class:  Insurance"}],"code":"PPIN","display":"Medicare/CMS Performing Provider Identification Number","designation":[{"language":"nl","value":"Medicare/CMS Uitvoerende zorgaanbieder/zorgverlener identificatienummer"}]},{"extension":[{"url":"http://hl7.org/fhir/StructureDefinition/codesystem-comments","valueString":"A unique number assigned to the document affirming that a person is a citizen of the country. In the US this number is issued only by the State Department."}],"code":"PPN","display":"Passport number","designation":[{"language":"de","value":"Passnummer"},{"language":"nl","value":"Paspoortnummer"}]},{"code":"PRC","display":"Permanent Resident Card Number","designation":[{"language":"nl","value":"Permanente verblijfsvergunning-nummer"}]},{"extension":[{"url":"http://hl7.org/fhir/StructureDefinition/codesystem-comments","valueString":"A number that is unique to an individual provider, a provider group or an organization within an Assigning Authority.<p>Use case: This allows PRN to represent either an individual (a nurse) or a group/organization (orthopedic surgery team)."}],"code":"PRN","display":"Provider number","designation":[{"language":"nl","value":"Zorgaanbieder/zorgverlener-nummer"}]},{"code":"PT","display":"Patient external identifier","designation":[{"language":"de","value":"externe Patienten-ID"},{"language":"nl","value":"Extern patiëntnummer"}]},{"code":"QA","display":"QA number","designation":[{"language":"nl","value":"Quality Assurance-nummer"}]},{"extension":[{"url":"http://hl7.org/fhir/StructureDefinition/codesystem-comments","valueString":"A generalized resource identifier.<p>Use Case: An identifier type is needed to accommodate what are commonly known as resources. The resources can include human (e.g. a respiratory therapist), non-human (e.g. a companion animal), inanimate object (e.g. "}],"code":"RI","display":"Resource identifier","designation":[{"language":"nl","value":"Resource identicatie"}]},{"extension":[{"url":"http://hl7.org/fhir/StructureDefinition/codesystem-comments","valueString":"An identifier that is unique to a registered nurse within the jurisdiction of the licensing board."}],"code":"RN","display":"Registered Nurse Number","designation":[{"language":"nl","value":"Verpleegkundige registratienummer"}]},{"extension":[{"url":"http://hl7.org/fhir/StructureDefinition/codesystem-comments","valueString":"An identifier that is unique to a pharmacist within the jurisdiction of the licensing board."}],"code":"RPH","display":"Pharmacist license number","designation":[{"language":"nl","value":"Apotheek licentienummer"}]},{"extension":[{"url":"http://hl7.org/fhir/StructureDefinition/codesystem-comments","valueString":"An identifier for an individual enrolled with the Railroad Retirement Administration.  Analogous to, but distinct from, a Social Security Number"}],"code":"RR","display":"Railroad Retirement number","designation":[{"language":"de","value":"Seniorenkartennummer"},{"language":"nl","value":"Spoorwegen pensioneringsnummer"}]},{"code":"RRI","display":"Regional registry ID","designation":[{"language":"nl","value":"Regionaal register-ID"}]},{"extension":[{"url":"http://hl7.org/fhir/StructureDefinition/codesystem-comments","valueString":"Class:  Insurance"}],"code":"RRP","display":"Railroad Retirement Provider","designation":[{"language":"nl","value":"Spoorwegen pensioenaanbieder"}]},{"extension":[{"url":"http://hl7.org/fhir/StructureDefinition/codesystem-comments","valueString":"Identifier for a specimen. Used when it is not known if the specimen ID is a unique specimen ID (USID) or an ancestor ID (ASID)."}],"code":"SID","display":"Specimen ID","designation":[{"language":"nl","value":"Monsternummer"}]},{"code":"SL","display":"State license","designation":[{"language":"nl","value":"Staat-licentie"}]},{"extension":[{"url":"http://hl7.org/fhir/StructureDefinition/codesystem-comments","valueString":"Class: Insurance<p>An identifier for a subscriber of an insurance policy which is unique for, and usually assigned by, the insurance carrier.<p>Use Case: A person is the subscriber of an insurance policy. The person's family may be plan members, but are n"}],"code":"SN","display":"Subscriber Number","designation":[{"language":"nl","value":"Hoofdverzekerdenummer"}]},{"extension":[{"url":"http://hl7.org/fhir/StructureDefinition/codesystem-comments","valueString":"A number associated with a permit identifying a person who is a resident of a jurisdiction for the purpose of education."}],"code":"SP","display":"Study Permit","designation":[{"language":"nl","value":"Opleidingsvisum"}]},{"code":"SR","display":"State registry ID","designation":[{"language":"nl","value":"Staat register-ID"}]},{"code":"SS","display":"Social Security number","designation":[{"language":"de","value":"Sozialversicherungsnummer"},{"language":"nl","value":"SOFI-nummer"}]},{"code":"TAX","display":"Tax ID number","designation":[{"language":"nl","value":"Belasting identificatie"}]},{"extension":[{"url":"http://hl7.org/fhir/StructureDefinition/codesystem-comments","valueString":"A number assigned to a member of an indigenous group in Canada.<p>Use Case: First Nation."}],"code":"TN","display":"Treaty Number/ (Canada)","designation":[{"language":"nl","value":"Verdragnummer/ (Canada)"}]},{"extension":[{"url":"http://hl7.org/fhir/StructureDefinition/codesystem-comments","valueString":"A number associated with a document identifying a person's temporary permanent resident status."}],"code":"TPR","display":"Temporary Permanent Resident (Canada)","designation":[{"language":"nl","value":"Tijdelijk permanente inwoner (Canada)"}]},{"code":"U","display":"Unspecified identifier","designation":[{"language":"nl","value":"Niet-gspecificeerde identificatie"}]},{"extension":[{"url":"http://hl7.org/fhir/StructureDefinition/codesystem-comments","valueString":"Class: Insurance<p>An identifier for a provider within the CMS/Medicare program.  A globally unique identifier for the provider in the Medicare program."}],"code":"UPIN","display":"Medicare/CMS (formerly HCFA)'s Universal Physician Identification numbers","designation":[{"language":"nl","value":"Medicare/HCFA's Universele Zorgverlener Identificatie Nummers"}]},{"extension":[{"url":"http://hl7.org/fhir/StructureDefinition/codesystem-comments","valueString":"A unique identifier for a specimen."}],"code":"USID","display":"Unique Specimen ID","designation":[{"language":"nl","value":"Uniek monsternummer"}]},{"code":"VN","display":"Visit number","designation":[{"language":"de","value":"Fallnummer"},{"language":"nl","value":"Bezoeknummer"}]},{"extension":[{"url":"http://hl7.org/fhir/StructureDefinition/codesystem-comments","valueString":"A number associated with a document identifying a person as a visitor of a jurisdiction or country."}],"code":"VP","display":"Visitor Permit","designation":[{"language":"nl","value":"Toeristenvisum"}]},{"extension":[{"url":"http://hl7.org/fhir/StructureDefinition/codesystem-comments","valueString":"Deprecated and replaced by BC in v 2.5."}],"code":"VS","display":"VISA","designation":[{"language":"de","value":"VISA"},{"language":"nl","value":"VISA"}]},{"code":"WC","display":"WIC identifier","designation":[{"language":"nl","value":"WIC identificatie"}]},{"code":"WCN","display":"Workers' Comp Number","designation":[{"language":"nl","value":"Werknemerscompensatie-nummer"}]},{"extension":[{"url":"http://hl7.org/fhir/StructureDefinition/codesystem-comments","valueString":"A number associated with a permit for a person who is granted permission to work in a country for a specified time period."}],"code":"WP","display":"Work Permit","designation":[{"language":"nl","value":"Werkvisum"}]},{"code":"XX","display":"Organization identifier","designation":[{"language":"de","value":"Organisations-ID"},{"language":"nl","value":"Organisatie identificatie"}]}]}