{"resourceType":"CodeSystem","id":"ex-diagnosistype","meta":{"lastUpdated":"2019-10-24T11:53:00+11:00","profile":["http://hl7.org/fhir/StructureDefinition/shareablecodesystem"]},"extension":[{"url":"http://hl7.org/fhir/StructureDefinition/structuredefinition-ballot-status","valueString":"Informative"},{"url":"http://hl7.org/fhir/StructureDefinition/structuredefinition-fmm","valueInteger":1},{"url":"http://hl7.org/fhir/StructureDefinition/structuredefinition-wg","valueCode":"fm"}],"url":"http://hl7.org/fhir/ex-diagnosistype","identifier":{"system":"urn:ietf:rfc:3986","value":"urn:oid:2.16.840.1.113883.4.642.1.583"},"version":"3.0.2","name":"Example Diagnosis Type Codes","status":"draft","experimental":true,"publisher":"Financial Management","contact":[{"telecom":[{"system":"url","value":"http://hl7.org/fhir"}]}],"description":"This value set includes example Diagnosis Type codes.","copyright":"This is an example set.","caseSensitive":true,"valueSet":"http://hl7.org/fhir/ValueSet/ex-diagnosistype","content":"complete","concept":[{"code":"admitting","display":"Admitting Diagnosis","definition":"The diagnosis given as the reason why the patient was admitted to the hospital."},{"code":"clinical","display":"Clinical Diagnosis","definition":"A diagnosis made on the basis of medical signs and patient-reported symptoms, rather than diagnostic tests."},{"code":"differential","display":"Differential Diagnosis","definition":"One of a set of the possible diagnoses that could be connected to the signs, symptoms, and lab findings."},{"code":"discharge","display":"Discharge Diagnosis","definition":"The diagnosis given when the patient is discharged from the hospital."},{"code":"laboratory","display":"Laboratory Diagnosis","definition":"A diagnosis based significantly on laboratory reports or test results, rather than the physical examination of the patient."},{"code":"nursing","display":"Nursing Diagnosis","definition":"A diagnosis which identifies people's responses to situations in their lives, such as a readiness to change or a willingness to accept assistance."},{"code":"prenatal","display":"Prenatal Diagnosis","definition":"A diagnosis determined prior to birth."},{"code":"principal","display":"Principal Diagnosis","definition":"The single medical diagnosis that is most relevant to the patient's chief complaint or need for treatment."},{"code":"radiology","display":"Radiology Diagnosis","definition":"A diagnosis based primarily on the results from medical imaging studies."},{"code":"remote","display":"Remote Diagnosis","definition":"A diagnosis determined using telemedicine techniques."},{"code":"retrospective","display":"Retrospective Diagnosis","definition":"The labeling of an illness in a specific historical event using modern knowledge, methods and disease classifications."},{"code":"self","display":"Self Diagnosis","definition":"A diagnosis determined by the patient."}]}