{"resourceType":"CodeSystem","id":"report-action-result-codes","meta":{"lastUpdated":"2019-10-24T11:53:00+11:00"},"extension":[{"url":"http://hl7.org/fhir/StructureDefinition/structuredefinition-ballot-status","valueString":"Informative"},{"url":"http://hl7.org/fhir/StructureDefinition/structuredefinition-fmm","valueInteger":0},{"url":"http://hl7.org/fhir/StructureDefinition/structuredefinition-wg","valueCode":"fhir"}],"url":"http://hl7.org/fhir/report-action-result-codes","identifier":{"system":"urn:ietf:rfc:3986","value":"urn:oid:2.16.840.1.113883.4.642.1.709"},"version":"3.0.2","name":"TestReportActionResult","status":"draft","experimental":false,"date":"2019-10-24T11:53:00+11:00","publisher":"HL7 (FHIR Project)","contact":[{"telecom":[{"system":"url","value":"http://hl7.org/fhir"},{"system":"email","value":"fhir@lists.hl7.org"}]}],"description":"The results of executing an action.","caseSensitive":true,"valueSet":"http://hl7.org/fhir/ValueSet/report-action-result-codes","content":"complete","concept":[{"code":"pass","display":"Pass","definition":"The action was successful."},{"code":"skip","display":"Skip","definition":"The action was skipped."},{"code":"fail","display":"Fail","definition":"The action failed."},{"code":"warning","display":"Warning","definition":"The action passed but with warnings."},{"code":"error","display":"Error","definition":"The action encountered a fatal error and the engine was unable to process."}]}