{"resourceType":"CodeSystem","id":"v2-0208","meta":{"profile":["http://hl7.org/fhir/StructureDefinition/shareablecodesystem"]},"extension":[{"url":"http://hl7.org/fhir/StructureDefinition/structuredefinition-ballot-status","valueString":"External"},{"url":"http://hl7.org/fhir/StructureDefinition/structuredefinition-fmm","valueInteger":0}],"url":"http://hl7.org/fhir/v2/0208","identifier":{"system":"urn:ietf:rfc:3986","value":"urn:oid:2.16.840.1.113883.18.113"},"version":"2.8.2","name":"v2 Query Response Status","status":"active","experimental":false,"publisher":"HL7, Inc","contact":[{"telecom":[{"system":"url","value":"http://hl7.org"}]}],"description":"FHIR Value set/code system definition for HL7 v2 table 0208 ( Query Response Status)","caseSensitive":false,"valueSet":"http://hl7.org/fhir/ValueSet/v2-0208","content":"complete","concept":[{"code":"AE","display":"Application error","designation":[{"language":"nl","value":"Applicatiefout"}]},{"code":"AR","display":"Application reject","designation":[{"language":"nl","value":"Applicatieweigering"}]},{"code":"NF","display":"No data found, no errors","designation":[{"language":"nl","value":"Geen gegevens gevonden, geen fouten"}]},{"code":"OK","display":"Data found, no errors (this is the default)","designation":[{"language":"nl","value":"Gegevens gevonden, geen fouten (dit is de standaardwaarde)"}]}]}