{"resourceType":"CodeSystem","id":"guide-dependency-type","meta":{"lastUpdated":"2019-10-24T11:53:00+11:00"},"extension":[{"url":"http://hl7.org/fhir/StructureDefinition/structuredefinition-ballot-status","valueString":"Informative"},{"url":"http://hl7.org/fhir/StructureDefinition/structuredefinition-fmm","valueInteger":1},{"url":"http://hl7.org/fhir/StructureDefinition/structuredefinition-wg","valueCode":"fhir"}],"url":"http://hl7.org/fhir/guide-dependency-type","identifier":{"system":"urn:ietf:rfc:3986","value":"urn:oid:2.16.840.1.113883.4.642.1.302"},"version":"3.0.2","name":"GuideDependencyType","status":"draft","experimental":false,"date":"2019-10-24T11:53:00+11:00","publisher":"HL7 (FHIR Project)","contact":[{"telecom":[{"system":"url","value":"http://hl7.org/fhir"},{"system":"email","value":"fhir@lists.hl7.org"}]}],"description":"How a dependency is represented when the guide is published.","caseSensitive":true,"valueSet":"http://hl7.org/fhir/ValueSet/guide-dependency-type","content":"complete","concept":[{"code":"reference","display":"Reference","definition":"The guide is referred to by URL."},{"code":"inclusion","display":"Inclusion","definition":"The guide is embedded in this guide when published."}]}