{"resourceType":"CodeSystem","id":"composite-measure-scoring","meta":{"lastUpdated":"2019-10-24T11:53:00+11:00"},"extension":[{"url":"http://hl7.org/fhir/StructureDefinition/structuredefinition-ballot-status","valueString":"Informative"},{"url":"http://hl7.org/fhir/StructureDefinition/structuredefinition-fmm","valueInteger":2},{"url":"http://hl7.org/fhir/StructureDefinition/structuredefinition-wg","valueCode":"cqi"}],"url":"http://hl7.org/fhir/composite-measure-scoring","identifier":{"system":"urn:ietf:rfc:3986","value":"urn:oid:2.16.840.1.113883.4.642.1.758"},"version":"3.0.2","name":"CompositeMeasureScoring","status":"draft","experimental":false,"date":"2019-10-24T11:53:00+11:00","publisher":"HL7 (FHIR Project)","contact":[{"telecom":[{"system":"url","value":"http://hl7.org/fhir"},{"system":"email","value":"fhir@lists.hl7.org"}]}],"description":"The composite scoring method of the measure","caseSensitive":true,"valueSet":"http://hl7.org/fhir/ValueSet/composite-measure-scoring","content":"complete","concept":[{"code":"opportunity","display":"Opportunity","definition":"Opportunity scoring combines the scores from component measures by combining the numerators and denominators for each component"},{"code":"all-or-nothing","display":"All-or-nothing","definition":"All-or-nothing scoring includes an individual in the numerator of the composite measure if they are in the numerators of all of the component measures in which they are in the denominator"},{"code":"linear","display":"Linear","definition":"Linear scoring gives an individual a score based on the number of numerators in which they appear"},{"code":"weighted","display":"Weighted","definition":"Weighted scoring gives an individual a score based on a weighted factor for each component numerator in which they appear"}]}