{"resourceType":"CodeSystem","id":"v2-0209","meta":{"profile":["http://hl7.org/fhir/StructureDefinition/shareablecodesystem"]},"extension":[{"url":"http://hl7.org/fhir/StructureDefinition/structuredefinition-ballot-status","valueString":"External"},{"url":"http://hl7.org/fhir/StructureDefinition/structuredefinition-fmm","valueInteger":0}],"url":"http://hl7.org/fhir/v2/0209","identifier":{"system":"urn:ietf:rfc:3986","value":"urn:oid:2.16.840.1.113883.18.114"},"version":"2.8.2","name":"v2 Relational Operator","status":"active","experimental":false,"publisher":"HL7, Inc","contact":[{"telecom":[{"system":"url","value":"http://hl7.org"}]}],"description":"FHIR Value set/code system definition for HL7 v2 table 0209 ( Relational Operator)","caseSensitive":false,"valueSet":"http://hl7.org/fhir/ValueSet/v2-0209","content":"complete","concept":[{"code":"CT","display":"Contains","designation":[{"language":"nl","value":"Bevat"}]},{"code":"EQ","display":"Equal","designation":[{"language":"nl","value":"Gelijk aan"}]},{"code":"GE","display":"Greater than or equal","designation":[{"language":"nl","value":"Groter of gelijk aan"}]},{"code":"GN","display":"Generic","designation":[{"language":"nl","value":"Generiek"}]},{"code":"GT","display":"Greater than","designation":[{"language":"nl","value":"Groter dan"}]},{"code":"LE","display":"Less than or equal","designation":[{"language":"nl","value":"Kleiner dan of gelijk aan"}]},{"code":"LT","display":"Less than","designation":[{"language":"nl","value":"Kleiner dan"}]},{"code":"NE","display":"Not Equal","designation":[{"language":"nl","value":"Ongelijk aan"}]}]}