{"resourceType":"CodeSystem","id":"v2-0122","meta":{"profile":["http://hl7.org/fhir/StructureDefinition/shareablecodesystem"]},"extension":[{"url":"http://hl7.org/fhir/StructureDefinition/structuredefinition-ballot-status","valueString":"External"},{"url":"http://hl7.org/fhir/StructureDefinition/structuredefinition-fmm","valueInteger":0}],"url":"http://hl7.org/fhir/v2/0122","identifier":{"system":"urn:ietf:rfc:3986","value":"urn:oid:2.16.840.1.113883.18.50"},"version":"2.8.2","name":"v2 Charge Type","status":"active","experimental":false,"publisher":"HL7, Inc","contact":[{"telecom":[{"system":"url","value":"http://hl7.org"}]}],"description":"FHIR Value set/code system definition for HL7 v2 table 0122 ( Charge Type)","caseSensitive":false,"valueSet":"http://hl7.org/fhir/ValueSet/v2-0122","content":"complete","concept":[{"code":"CH","display":"Charge","designation":[{"language":"de","value":"Rechnung"},{"language":"nl","value":"Belasten"}]},{"code":"CO","display":"Contract","designation":[{"language":"de","value":"Vertrag"},{"language":"nl","value":"Contract"}]},{"code":"CR","display":"Credit","designation":[{"language":"de","value":"Kredit"},{"language":"nl","value":"Krediet"}]},{"code":"DP","display":"Department","designation":[{"language":"de","value":"Abteilung"},{"language":"nl","value":"Afdeling"}]},{"code":"GR","display":"Grant","designation":[{"language":"de","value":"Zuschuß"},{"language":"nl","value":"Toelage"}]},{"code":"NC","display":"No Charge","designation":[{"language":"de","value":"Keine Rechnung"},{"language":"nl","value":"Niet belasten"}]},{"code":"PC","display":"Professional","designation":[{"language":"de","value":"Berufsgenossenschaft"},{"language":"nl","value":"Professional"}]},{"code":"RS","display":"Research","designation":[{"language":"de","value":"Forschung"},{"language":"nl","value":"Research"}]}]}