{"resourceType":"CodeSystem","id":"v2-0160","meta":{"profile":["http://hl7.org/fhir/StructureDefinition/shareablecodesystem"]},"extension":[{"url":"http://hl7.org/fhir/StructureDefinition/structuredefinition-ballot-status","valueString":"External"},{"url":"http://hl7.org/fhir/StructureDefinition/structuredefinition-fmm","valueInteger":0}],"url":"http://hl7.org/fhir/v2/0160","identifier":{"system":"urn:ietf:rfc:3986","value":"urn:oid:2.16.840.1.113883.18.78"},"version":"2.8.2","name":"v2 Tray Type","status":"active","experimental":false,"publisher":"HL7, Inc","contact":[{"telecom":[{"system":"url","value":"http://hl7.org"}]}],"description":"FHIR Value set/code system definition for HL7 v2 table 0160 ( Tray Type)","caseSensitive":false,"valueSet":"http://hl7.org/fhir/ValueSet/v2-0160","content":"complete","concept":[{"code":"EARLY","display":"Early tray","designation":[{"language":"de","value":"früh servieren"},{"language":"nl","value":"Vroege tray"}]},{"code":"GUEST","display":"Guest tray","designation":[{"language":"de","value":"Gästeessen"},{"language":"nl","value":"Bezoeker-tray"}]},{"code":"LATE","display":"Late tray","designation":[{"language":"de","value":"spät servieren"},{"language":"nl","value":"Late tray"}]},{"code":"MSG","display":"Tray message only","designation":[{"language":"de","value":"Ergänzende Hinweise"},{"language":"nl","value":"Alleen tray-bericht"}]},{"code":"NO","display":"No tray","designation":[{"language":"de","value":"kein Essen"},{"language":"nl","value":"Geen tray"}]}]}