{"resourceType":"CodeSystem","id":"cqif-evidence-quality","meta":{"lastUpdated":"2019-10-24T11:53:00+11:00"},"extension":[{"url":"http://hl7.org/fhir/StructureDefinition/structuredefinition-ballot-status","valueString":"Informative"},{"url":"http://hl7.org/fhir/StructureDefinition/structuredefinition-fmm","valueInteger":0}],"url":"http://hl7.org/fhir/evidence-quality","identifier":{"system":"urn:ietf:rfc:3986","value":"urn:oid:2.16.840.1.113883.4.642.1.887"},"version":"3.0.2","name":"QualityOfEvidenceRating","status":"draft","experimental":false,"date":"2019-10-24T11:53:00+11:00","publisher":"HL7 (FHIR Project)","contact":[{"telecom":[{"system":"url","value":"http://hl7.org/fhir"},{"system":"email","value":"fhir@lists.hl7.org"}]}],"description":"A rating system that describes the quality of evidence such as the GRADE, DynaMed, or Oxford CEBM systems","caseSensitive":true,"valueSet":"http://hl7.org/fhir/ValueSet/cqif-evidence-quality","content":"complete","concept":[{"code":"high","display":"High quality","definition":"High quality evidence"},{"code":"moderate","display":"Moderate quality","definition":"Moderate quality evidence"},{"code":"low","display":"Low quality","definition":"Low quality evidence"},{"code":"very-low","display":"Very low quality","definition":"Very low quality evidence"}]}