{"resourceType":"CodeSystem","id":"adverse-event-causality-assess","meta":{"lastUpdated":"2019-10-24T11:53:00+11:00"},"extension":[{"url":"http://hl7.org/fhir/StructureDefinition/structuredefinition-ballot-status","valueString":"Informative"},{"url":"http://hl7.org/fhir/StructureDefinition/structuredefinition-fmm","valueInteger":1},{"url":"http://hl7.org/fhir/StructureDefinition/structuredefinition-wg","valueCode":"rcrim"}],"url":"http://hl7.org/fhir/adverse-event-causality-assess","identifier":{"system":"urn:ietf:rfc:3986","value":"urn:oid:2.16.840.1.113883.4.642.1.816"},"version":"3.0.2","name":"AdverseEventCausalityAssessment","status":"draft","experimental":false,"date":"2019-10-24T11:53:00+11:00","publisher":"HL7 (FHIR Project)","contact":[{"telecom":[{"system":"url","value":"http://hl7.org/fhir"},{"system":"email","value":"fhir@lists.hl7.org"}]}],"description":"TODO","caseSensitive":true,"valueSet":"http://hl7.org/fhir/ValueSet/adverse-event-causality-assess","content":"complete","concept":[{"code":"assess1","display":"assess1 placeholder"},{"code":"assess2","display":"assess2 placeholder"}]}