{"resourceType":"CodeSystem","id":"cqif-recommendation-strength","meta":{"lastUpdated":"2019-10-24T11:53:00+11:00"},"extension":[{"url":"http://hl7.org/fhir/StructureDefinition/structuredefinition-ballot-status","valueString":"Informative"},{"url":"http://hl7.org/fhir/StructureDefinition/structuredefinition-fmm","valueInteger":0}],"url":"http://hl7.org/fhir/recommendation-strength","identifier":{"system":"urn:ietf:rfc:3986","value":"urn:oid:2.16.840.1.113883.4.642.1.889"},"version":"3.0.2","name":"StrengthOfRecommendationRating","status":"draft","experimental":false,"date":"2019-10-24T11:53:00+11:00","publisher":"HL7 (FHIR Project)","contact":[{"telecom":[{"system":"url","value":"http://hl7.org/fhir"},{"system":"email","value":"fhir@lists.hl7.org"}]}],"description":"A rating system that describes the strength of the recommendation, such as the GRADE, DynaMed, or HGPS systems","caseSensitive":true,"valueSet":"http://hl7.org/fhir/ValueSet/cqif-recommendation-strength","content":"complete","concept":[{"code":"strong","display":"Strong","definition":"Strong recommendation"},{"code":"weak","display":"Weak","definition":"Weak recommendation"}]}