{"resourceType":"CodeSystem","id":"v2-0069","meta":{"profile":["http://hl7.org/fhir/StructureDefinition/shareablecodesystem"]},"extension":[{"url":"http://hl7.org/fhir/StructureDefinition/structuredefinition-ballot-status","valueString":"External"},{"url":"http://hl7.org/fhir/StructureDefinition/structuredefinition-fmm","valueInteger":0}],"url":"http://hl7.org/fhir/v2/0069","identifier":{"system":"urn:ietf:rfc:3986","value":"urn:oid:2.16.840.1.113883.18.27"},"version":"2.8.2","name":"v2 Hospital Service","status":"active","experimental":false,"publisher":"HL7, Inc","contact":[{"telecom":[{"system":"url","value":"http://hl7.org"}]}],"description":"FHIR Value set/code system definition for HL7 v2 table 0069 ( Hospital Service)","caseSensitive":false,"valueSet":"http://hl7.org/fhir/ValueSet/v2-0069","content":"complete","concept":[{"code":"CAR","display":"Cardiac Service","designation":[{"language":"nl","value":"Hart behandeling"}]},{"code":"MED","display":"Medical Service","designation":[{"language":"nl","value":"Medisch behandeling"}]},{"code":"PUL","display":"Pulmonary Service","designation":[{"language":"nl","value":"Pulmonaire behandeling"}]},{"code":"SUR","display":"Surgical Service","designation":[{"language":"nl","value":"Chirurgische behandeling"}]},{"code":"URO","display":"Urology Service","designation":[{"language":"nl","value":"Uologische behandeling"}]}]}