{"resourceType":"CodeSystem","id":"v2-0052","meta":{"profile":["http://hl7.org/fhir/StructureDefinition/shareablecodesystem"]},"extension":[{"url":"http://hl7.org/fhir/StructureDefinition/structuredefinition-ballot-status","valueString":"External"},{"url":"http://hl7.org/fhir/StructureDefinition/structuredefinition-fmm","valueInteger":0}],"url":"http://hl7.org/fhir/v2/0052","identifier":{"system":"urn:ietf:rfc:3986","value":"urn:oid:2.16.840.1.113883.18.21"},"version":"2.8.2","name":"v2 Diagnosis Type","status":"active","experimental":false,"publisher":"HL7, Inc","contact":[{"telecom":[{"system":"url","value":"http://hl7.org"}]}],"description":"FHIR Value set/code system definition for HL7 v2 table 0052 ( Diagnosis Type)","caseSensitive":false,"valueSet":"http://hl7.org/fhir/ValueSet/v2-0052","content":"complete","concept":[{"code":"A","display":"Admitting","designation":[{"language":"de","value":"Aufnahme"},{"language":"nl","value":"Opname"}]},{"code":"F","display":"Final","designation":[{"language":"de","value":"Enddiagnose"},{"language":"nl","value":"Definitief"}]},{"code":"W","display":"Working","designation":[{"language":"nl","value":"Werk"}]}]}