{"resourceType":"CodeSystem","id":"condition-category","meta":{"lastUpdated":"2019-10-24T11:53:00+11:00","profile":["http://hl7.org/fhir/StructureDefinition/shareablecodesystem"]},"extension":[{"url":"http://hl7.org/fhir/StructureDefinition/structuredefinition-ballot-status","valueString":"Informative"},{"url":"http://hl7.org/fhir/StructureDefinition/structuredefinition-fmm","valueInteger":1},{"url":"http://hl7.org/fhir/StructureDefinition/structuredefinition-wg","valueCode":"pc"}],"url":"http://hl7.org/fhir/condition-category","identifier":{"system":"urn:ietf:rfc:3986","value":"urn:oid:2.16.840.1.113883.4.642.1.154"},"version":"3.0.2","name":"Condition Category Codes","status":"draft","experimental":true,"publisher":"FHIR Project team","contact":[{"telecom":[{"system":"url","value":"http://hl7.org/fhir"}]}],"description":"Preferred value set for Condition Categories.","caseSensitive":true,"valueSet":"http://hl7.org/fhir/ValueSet/condition-category","content":"complete","concept":[{"code":"problem-list-item","display":"Problem List Item","definition":"An item on a problem list which can be managed over time and can be expressed by a practitioner (e.g. physician, nurse), patient, or related person."},{"code":"encounter-diagnosis","display":"Encounter Diagnosis","definition":"A point in time diagnosis (e.g. from a physician or nurse) in context of an encounter."}]}