{"resourceType":"CodeSystem","id":"v2-0048","meta":{"profile":["http://hl7.org/fhir/StructureDefinition/shareablecodesystem"]},"extension":[{"url":"http://hl7.org/fhir/StructureDefinition/structuredefinition-ballot-status","valueString":"External"},{"url":"http://hl7.org/fhir/StructureDefinition/structuredefinition-fmm","valueInteger":0}],"url":"http://hl7.org/fhir/v2/0048","identifier":{"system":"urn:ietf:rfc:3986","value":"urn:oid:2.16.840.1.113883.18.20"},"version":"2.8.2","name":"v2 What subject filter","status":"active","experimental":false,"publisher":"HL7, Inc","contact":[{"telecom":[{"system":"url","value":"http://hl7.org"}]}],"description":"FHIR Value set/code system definition for HL7 v2 table 0048 ( What subject filter)","caseSensitive":false,"valueSet":"http://hl7.org/fhir/ValueSet/v2-0048","content":"complete","property":[{"code":"deprecated","uri":"http://hl7.org/fhir/concept-properties#deprecated","description":"The date at which a concept was deprecated. Concepts that are deprecated but not inactive can still be used, but their use is discouraged","type":"dateTime"}],"concept":[{"code":"ADV","display":"Advice/diagnosis","designation":[{"language":"de","value":"Ratschlag / Diagnose"},{"language":"nl","value":"Advies/diagnose"}],"property":[{"code":"deprecated","valueDateTime":"2007-10"}]},{"code":"ANU","display":"Nursing unit lookup (returns patients in beds, excluding empty beds)","designation":[{"language":"de","value":"Stationsinformation (ohne freie Betten)"},{"language":"nl","value":"Verpleegafdeling opzoeken (levert patiënten in bedden, zonder lege bedden)"}],"property":[{"code":"deprecated","valueDateTime":"2007-10"}]},{"code":"APA","display":"Account number query, return matching visit","designation":[{"language":"de","value":"Fälle zu angefragter Rechnungsnummer"},{"language":"nl","value":"Accountnummer query, levert bijbehorende bezoeken"}],"property":[{"code":"deprecated","valueDateTime":"2007-10"}]},{"code":"APM","display":"Medical record number query, returns visits for a medical record number","designation":[{"language":"de","value":"Fälle zu angefragter Krankenaktennummer"},{"language":"nl","value":"Medisch dossiernummer query, levert bezoeken op basis van een medisch dossiernummer"}],"property":[{"code":"deprecated","valueDateTime":"2007-10"}]},{"code":"APN","display":"Patient name lookup","designation":[{"language":"de","value":"Patientendaten zu gegebenem Patientennamen"},{"language":"nl","value":"Patiëntnaam opzoeken"}],"property":[{"code":"deprecated","valueDateTime":"2007-10"}]},{"code":"APP","display":"Physician lookup","designation":[{"language":"de","value":"Patienten des spezifizierten Arztes"},{"language":"nl","value":"Arts opzoeken"}],"property":[{"code":"deprecated","valueDateTime":"2007-10"}]},{"code":"ARN","display":"Nursing unit lookup (returns patients in beds, including empty beds)","designation":[{"language":"de","value":"Stationsinformation (einschließlich freier Betten)"},{"language":"nl","value":"Verpleegafdeling opzoeken (levert patiënten in bedden, inclusief lege bedden)"}],"property":[{"code":"deprecated","valueDateTime":"2007-10"}]},{"code":"CAN","display":"Cancel.  Used to cancel a query","designation":[{"language":"de","value":"Anfrage stornieren"},{"language":"nl","value":"Annuleren (gebruikt voor annuleren van een query)"}],"property":[{"code":"deprecated","valueDateTime":"2007-10"}]},{"code":"DEM","display":"Demographics","designation":[{"language":"de","value":"Demographische Daten"},{"language":"nl","value":"Demografie"}],"property":[{"code":"deprecated","valueDateTime":"2007-10"}]},{"code":"FIN","display":"Financial","designation":[{"language":"de","value":"Finanzdaten"},{"language":"nl","value":"Financieel"}],"property":[{"code":"deprecated","valueDateTime":"2007-10"}]},{"code":"GID","display":"Generate new identifier","designation":[{"language":"nl","value":"Genereer nieuwe identificatie"}],"property":[{"code":"deprecated","valueDateTime":"2007-10"}]},{"code":"GOL","display":"Goals","designation":[{"language":"de","value":"Ziele"},{"language":"nl","value":"Goals"}],"property":[{"code":"deprecated","valueDateTime":"2007-10"}]},{"code":"MFQ","display":"Master file query","designation":[{"language":"de","value":"Stammdaten"},{"language":"nl","value":"Master file query"}],"property":[{"code":"deprecated","valueDateTime":"1994-12"}]},{"code":"MRI","display":"Most recent inpatient","designation":[{"language":"de","value":"Letzter stationärer Patient"},{"language":"nl","value":"Meest recente klinische patiënt"}],"property":[{"code":"deprecated","valueDateTime":"2007-10"}]},{"code":"MRO","display":"Most recent outpatient","designation":[{"language":"de","value":"Letzter ambulanter Patient"},{"language":"nl","value":"Meest recente poliklinische patiënt"}],"property":[{"code":"deprecated","valueDateTime":"2007-10"}]},{"code":"NCK","display":"Network clock","designation":[{"language":"de","value":"Netzwerk-Uhrzeit"},{"language":"nl","value":"Netwerkklok"}],"property":[{"code":"deprecated","valueDateTime":"2007-10"}]},{"code":"NSC","display":"Network status change","designation":[{"language":"de","value":"Änderung des Netzwerkstatus"},{"language":"nl","value":"Netwerk statuswijziging"}],"property":[{"code":"deprecated","valueDateTime":"2007-10"}]},{"code":"NST","display":"Network statistic","designation":[{"language":"de","value":"Netzwerkstatistik"},{"language":"nl","value":"Netwerkstatistiek"}],"property":[{"code":"deprecated","valueDateTime":"2007-10"}]},{"code":"ORD","display":"Order","designation":[{"language":"de","value":"Auftrag / Verordnung"},{"language":"nl","value":"Aanvraag"}],"property":[{"code":"deprecated","valueDateTime":"2007-10"}]},{"code":"OTH","display":"Other","designation":[{"language":"de","value":"anderes"},{"language":"nl","value":"Anders"}],"property":[{"code":"deprecated","valueDateTime":"2007-10"}]},{"code":"PRB","display":"Problems","designation":[{"language":"de","value":"Probleme"},{"language":"nl","value":"Problemen"}],"property":[{"code":"deprecated","valueDateTime":"2007-10"}]},{"code":"PRO","display":"Procedure","designation":[{"language":"de","value":"Prozedur"},{"language":"nl","value":"Procedure"}],"property":[{"code":"deprecated","valueDateTime":"2007-10"}]},{"code":"RAR","display":"Pharmacy administration information","designation":[{"language":"de","value":"Erfolgte Verabreichung von Medikamenten"},{"language":"nl","value":"Medicatietoediening informatie"}],"property":[{"code":"deprecated","valueDateTime":"2007-10"}]},{"code":"RDR","display":"Pharmacy dispense information","designation":[{"language":"de","value":"Abgabe von Medikamenten"},{"language":"nl","value":"Medicatieverstrekking informatie"}],"property":[{"code":"deprecated","valueDateTime":"2007-10"}]},{"code":"RER","display":"Pharmacy encoded order information","designation":[{"language":"de","value":"Medikamentenverordnung (Apotheke)"},{"language":"nl","value":"Medicatie gecodeerde aanvraag informatie"}],"property":[{"code":"deprecated","valueDateTime":"2007-10"}]},{"code":"RES","display":"Result","designation":[{"language":"de","value":"Ergebnis / Befund"},{"language":"nl","value":"Resultaat"}],"property":[{"code":"deprecated","valueDateTime":"2007-10"}]},{"code":"RGR","display":"Pharmacy give information","designation":[{"language":"de","value":"Verabreichunsgsvorschrift für Medikamente"},{"language":"nl","value":"Medicatie gegeven informatie"}],"property":[{"code":"deprecated","valueDateTime":"2007-10"}]},{"code":"ROR","display":"Pharmacy prescription information","designation":[{"language":"de","value":"Medikamentenverordnung"},{"language":"nl","value":"Medicatievoorschrift informatie"}],"property":[{"code":"deprecated","valueDateTime":"2007-10"}]},{"code":"SAL","display":"All schedule related information, including open slots, booked slots, blocked slots","designation":[{"language":"nl","value":"Alle agenda gerelateerde informatie, inclusief open afspraakposities, geboekte afspraakposities, geblokkeerde afspraakposities"}],"property":[{"code":"deprecated","valueDateTime":"2007-10"}]},{"code":"SBK","display":"Booked slots on the identified schedule","designation":[{"language":"nl","value":"Geboekte afspraakposities op de geïdentificeerde agenda"}],"property":[{"code":"deprecated","valueDateTime":"2007-10"}]},{"code":"SBL","display":"Blocked slots on the identified schedule","designation":[{"language":"nl","value":"Geblokkeerde afspraakposities op de geïdentificeerde agenda"}],"property":[{"code":"deprecated","valueDateTime":"2007-10"}]},{"code":"SOF","display":"First open slot on the identified schedule after the start date/tiem","designation":[{"language":"nl","value":"Eerste open afspraakpositie op de geïdentificeerde agenda na de startdatum/tijd"}],"property":[{"code":"deprecated","valueDateTime":"2007-10"}]},{"code":"SOP","display":"Open slots on the identified schedule between the begin and end of the start date/time range","designation":[{"language":"nl","value":"Eerste open afspraakpositie op de geïdentificeerde agenda in de startdatum/tijd periode"}],"property":[{"code":"deprecated","valueDateTime":"2007-10"}]},{"code":"SSA","display":"Time slots available for a single appointment","designation":[{"language":"nl","value":"Beschikbare afspraakposities voor één enkele afspraak"}],"property":[{"code":"deprecated","valueDateTime":"2007-10"}]},{"code":"SSR","display":"Time slots available for a recurring appointment","designation":[{"language":"nl","value":"Beschikbare afspraakposities voor een herhalende afspraak"}],"property":[{"code":"deprecated","valueDateTime":"2007-10"}]},{"code":"STA","display":"Status","designation":[{"language":"de","value":"Status"},{"language":"nl","value":"Status"}],"property":[{"code":"deprecated","valueDateTime":"2007-10"}]},{"code":"VXI","display":"Vaccine Information","designation":[{"language":"de","value":"Impfinformation"},{"language":"nl","value":"Vaccinatie informatie"}],"property":[{"code":"deprecated","valueDateTime":"2007-10"}]},{"code":"XID","display":"Get cross-referenced identifiers","designation":[{"language":"nl","value":"Ophalen gekoppelde identificaties"}],"property":[{"code":"deprecated","valueDateTime":"2007-10"}]}]}