{"resourceType":"CodeSystem","id":"benefit-category","meta":{"lastUpdated":"2019-10-24T11:53:00+11:00","profile":["http://hl7.org/fhir/StructureDefinition/shareablecodesystem"]},"extension":[{"url":"http://hl7.org/fhir/StructureDefinition/structuredefinition-ballot-status","valueString":"Informative"},{"url":"http://hl7.org/fhir/StructureDefinition/structuredefinition-fmm","valueInteger":1},{"url":"http://hl7.org/fhir/StructureDefinition/structuredefinition-wg","valueCode":"fm"}],"url":"http://hl7.org/fhir/benefit-category","identifier":{"system":"urn:ietf:rfc:3986","value":"urn:oid:2.16.840.1.113883.4.642.1.595"},"version":"3.0.2","name":"Benefit Category Codes","status":"draft","experimental":true,"publisher":"Financial Management","contact":[{"telecom":[{"system":"url","value":"http://hl7.org/fhir"}]}],"description":"This value set includes a smattering of Benefit Category codes.","copyright":"This is an example set.","caseSensitive":true,"valueSet":"http://hl7.org/fhir/ValueSet/benefit-category","content":"complete","concept":[{"code":"oral","display":"Dental and Oral Health Coverage","definition":"Dental and Oral Health Coverage"},{"code":"vision","display":"Vision Health Coverage","definition":"Vision Health Coverage"},{"code":"medical","display":"Medical Health Coverage","definition":"Medical Health Coverage"},{"code":"pharmacy","display":"Pharmacy Coverage","definition":"Pharmacy Coverage"}]}