{"resourceType":"CodeSystem","id":"v2-0100","meta":{"profile":["http://hl7.org/fhir/StructureDefinition/shareablecodesystem"]},"extension":[{"url":"http://hl7.org/fhir/StructureDefinition/structuredefinition-ballot-status","valueString":"External"},{"url":"http://hl7.org/fhir/StructureDefinition/structuredefinition-fmm","valueInteger":0}],"url":"http://hl7.org/fhir/v2/0100","identifier":{"system":"urn:ietf:rfc:3986","value":"urn:oid:2.16.840.1.113883.18.38"},"version":"2.8.2","name":"v2 Invocation event","status":"active","experimental":false,"publisher":"HL7, Inc","contact":[{"telecom":[{"system":"url","value":"http://hl7.org"}]}],"description":"FHIR Value set/code system definition for HL7 v2 table 0100 ( Invocation event)","caseSensitive":false,"valueSet":"http://hl7.org/fhir/ValueSet/v2-0100","content":"complete","concept":[{"code":"D","display":"On discharge","designation":[{"language":"de","value":"Bei Entlassung"},{"language":"nl","value":"Bij ontslag"}]},{"code":"O","display":"On receipt of order","designation":[{"language":"de","value":"Bei Auftragseingang"},{"language":"nl","value":"Bij ontvangst van aanvraag"}]},{"code":"R","display":"At time service is completed","designation":[{"language":"de","value":"Mit Ende der Leistungserbringung"},{"language":"nl","value":"Bij voltooiing service"}]},{"code":"S","display":"At time service is started","designation":[{"language":"de","value":"Am Beginn der Leistungserbringung"},{"language":"nl","value":"Bij aanvang service"}]},{"code":"T","display":"At a designated date/time","designation":[{"language":"de","value":"Zum angegebenen Zeitpunkt"},{"language":"nl","value":"Op opgegeven moment"}]}]}