{"resourceType":"CodeSystem","id":"list-order","meta":{"lastUpdated":"2019-10-24T11:53:00+11:00","profile":["http://hl7.org/fhir/StructureDefinition/shareablecodesystem"]},"extension":[{"url":"http://hl7.org/fhir/StructureDefinition/structuredefinition-ballot-status","valueString":"Informative"},{"url":"http://hl7.org/fhir/StructureDefinition/structuredefinition-fmm","valueInteger":2},{"url":"http://hl7.org/fhir/StructureDefinition/structuredefinition-wg","valueCode":"sd"}],"url":"http://hl7.org/fhir/list-order","identifier":{"system":"urn:ietf:rfc:3986","value":"urn:oid:2.16.840.1.113883.4.642.1.316"},"version":"3.0.2","name":"List Order Codes","status":"draft","experimental":true,"publisher":"FHIR Project","contact":[{"telecom":[{"system":"url","value":"http://hl7.org/fhir"}]}],"description":"Base values for the order of the items in a list resource.","caseSensitive":true,"valueSet":"http://hl7.org/fhir/ValueSet/list-order","content":"complete","concept":[{"code":"user","display":"Sorted by User","definition":"The list was sorted by a user. The criteria the user used are not specified."},{"code":"system","display":"Sorted by System","definition":"The list was sorted by the system. The criteria the user used are not specified; define additional codes to specify a particular order (or use other defined codes)."},{"code":"event-date","display":"Sorted by Event Date","definition":"The list is sorted by the data of the event. This can be used when the list has items which are dates with past or future events."},{"code":"entry-date","display":"Sorted by Item Date","definition":"The list is sorted by the date the item was added to the list. Note that the date added to the list is not explicit in the list itself."},{"code":"priority","display":"Sorted by Priority","definition":"The list is sorted by priority. The exact method in which priority has been determined is not specified."},{"code":"alphabetic","display":"Sorted Alphabetically","definition":"The list is sorted alphabetically by an unspecified property of the items in the list."},{"code":"category","display":"Sorted by Category","definition":"The list is sorted categorically by an unspecified property of the items in the list."},{"code":"patient","display":"Sorted by Patient","definition":"The list is sorted by patient, with items for each patient grouped together."}]}