{"resourceType":"CodeSystem","id":"discriminator-type","meta":{"lastUpdated":"2019-10-24T11:53:00+11:00"},"extension":[{"url":"http://hl7.org/fhir/StructureDefinition/structuredefinition-ballot-status","valueString":"Informative"},{"url":"http://hl7.org/fhir/StructureDefinition/structuredefinition-fmm","valueInteger":0},{"url":"http://hl7.org/fhir/StructureDefinition/structuredefinition-wg","valueCode":"fhir"}],"url":"http://hl7.org/fhir/discriminator-type","identifier":{"system":"urn:ietf:rfc:3986","value":"urn:oid:2.16.840.1.113883.4.642.1.85"},"version":"3.0.2","name":"DiscriminatorType","status":"draft","experimental":false,"date":"2019-10-24T11:53:00+11:00","publisher":"HL7 (FHIR Project)","contact":[{"telecom":[{"system":"url","value":"http://hl7.org/fhir"},{"system":"email","value":"fhir@lists.hl7.org"}]}],"description":"How an element value is interpreted when discrimination is evaluated","caseSensitive":true,"valueSet":"http://hl7.org/fhir/ValueSet/discriminator-type","content":"complete","concept":[{"code":"value","display":"Value","definition":"The slices have different values in the nominated element"},{"code":"exists","display":"Exists","definition":"The slices are differentiated by the presence or absence of the nominated element"},{"code":"pattern","display":"Pattern","definition":"The slices have different values in the nominated element, as determined by testing them against the applicable ElementDefinition.pattern[x]"},{"code":"type","display":"Type","definition":"The slices are differentiated by type of the nominated element to a specifed profile"},{"code":"profile","display":"Profile","definition":"The slices are differentiated by conformance of the nominated element to a specifed profile"}]}