{"resourceType":"CodeSystem","id":"questionnaire-answers-status","meta":{"lastUpdated":"2019-10-24T11:53:00+11:00"},"extension":[{"url":"http://hl7.org/fhir/StructureDefinition/structuredefinition-ballot-status","valueString":"Informative"},{"url":"http://hl7.org/fhir/StructureDefinition/structuredefinition-fmm","valueInteger":3},{"url":"http://hl7.org/fhir/StructureDefinition/structuredefinition-wg","valueCode":"fhir"}],"url":"http://hl7.org/fhir/questionnaire-answers-status","identifier":{"system":"urn:ietf:rfc:3986","value":"urn:oid:2.16.840.1.113883.4.642.1.441"},"version":"3.0.2","name":"QuestionnaireResponseStatus","status":"draft","experimental":false,"date":"2019-10-24T11:53:00+11:00","publisher":"HL7 (FHIR Project)","contact":[{"telecom":[{"system":"url","value":"http://hl7.org/fhir"},{"system":"email","value":"fhir@lists.hl7.org"}]}],"description":"Lifecycle status of the questionnaire response.","caseSensitive":true,"valueSet":"http://hl7.org/fhir/ValueSet/questionnaire-answers-status","content":"complete","concept":[{"code":"in-progress","display":"In Progress","definition":"This QuestionnaireResponse has been partially filled out with answers, but changes or additions are still expected to be made to it."},{"code":"completed","display":"Completed","definition":"This QuestionnaireResponse has been filled out with answers, and the current content is regarded as definitive."},{"code":"amended","display":"Amended","definition":"This QuestionnaireResponse has been filled out with answers, then marked as complete, yet changes or additions have been made to it afterwards."},{"code":"entered-in-error","display":"Entered in Error","definition":"This QuestionnaireResponse was entered in error and voided."},{"code":"stopped","display":"Stopped","definition":"This QuestionnaireResponse has been partially filled out with answers, but has been abandoned. It is unknown whether changes or additions are expected to be made to it."}]}