{"resourceType":"CodeSystem","id":"v2-0159","meta":{"profile":["http://hl7.org/fhir/StructureDefinition/shareablecodesystem"]},"extension":[{"url":"http://hl7.org/fhir/StructureDefinition/structuredefinition-ballot-status","valueString":"External"},{"url":"http://hl7.org/fhir/StructureDefinition/structuredefinition-fmm","valueInteger":0}],"url":"http://hl7.org/fhir/v2/0159","identifier":{"system":"urn:ietf:rfc:3986","value":"urn:oid:2.16.840.1.113883.18.77"},"version":"2.8.2","name":"v2 Diet Code Specification Type","status":"active","experimental":false,"publisher":"HL7, Inc","contact":[{"telecom":[{"system":"url","value":"http://hl7.org"}]}],"description":"FHIR Value set/code system definition for HL7 v2 table 0159 ( Diet Code Specification Type)","caseSensitive":false,"valueSet":"http://hl7.org/fhir/ValueSet/v2-0159","content":"complete","concept":[{"code":"D","display":"Diet","designation":[{"language":"de","value":"Diät"},{"language":"nl","value":"Dieet"}]},{"code":"P","display":"Preference","designation":[{"language":"de","value":"bevorzugte Verpflegung"},{"language":"nl","value":"Voorkeur"}]},{"code":"S","display":"Supplement","designation":[{"language":"de","value":"Zusatzverpflegung"},{"language":"nl","value":"Supplement"}]}]}