{"resourceType":"CodeSystem","id":"v2-0142","meta":{"profile":["http://hl7.org/fhir/StructureDefinition/shareablecodesystem"]},"extension":[{"url":"http://hl7.org/fhir/StructureDefinition/structuredefinition-ballot-status","valueString":"External"},{"url":"http://hl7.org/fhir/StructureDefinition/structuredefinition-fmm","valueInteger":0}],"url":"http://hl7.org/fhir/v2/0142","identifier":{"system":"urn:ietf:rfc:3986","value":"urn:oid:2.16.840.1.113883.18.64"},"version":"2.8.2","name":"v2 Military Status","status":"active","experimental":false,"publisher":"HL7, Inc","contact":[{"telecom":[{"system":"url","value":"http://hl7.org"}]}],"description":"FHIR Value set/code system definition for HL7 v2 table 0142 ( Military Status)","caseSensitive":false,"valueSet":"http://hl7.org/fhir/ValueSet/v2-0142","content":"complete","concept":[{"code":"ACT","display":"Active duty","designation":[{"language":"nl","value":"Actieve dienst"}]},{"code":"DEC","display":"Deceased","designation":[{"language":"nl","value":"Overleden"}]},{"code":"RET","display":"Retired","designation":[{"language":"nl","value":"Gepensioneerd"}]}]}