{"resourceType":"CodeSystem","id":"audit-event-outcome","meta":{"lastUpdated":"2019-10-24T11:53:00+11:00"},"extension":[{"url":"http://hl7.org/fhir/StructureDefinition/structuredefinition-ballot-status","valueString":"Informative"},{"url":"http://hl7.org/fhir/StructureDefinition/structuredefinition-fmm","valueInteger":3},{"url":"http://hl7.org/fhir/StructureDefinition/structuredefinition-wg","valueCode":"sec"}],"url":"http://hl7.org/fhir/audit-event-outcome","identifier":{"system":"urn:ietf:rfc:3986","value":"urn:oid:2.16.840.1.113883.4.642.1.448"},"version":"3.0.2","name":"AuditEventOutcome","status":"draft","experimental":false,"date":"2019-10-24T11:53:00+11:00","publisher":"HL7 (FHIR Project)","contact":[{"telecom":[{"system":"url","value":"http://hl7.org/fhir"},{"system":"email","value":"fhir@lists.hl7.org"}]}],"description":"Indicates whether the event succeeded or failed","caseSensitive":true,"valueSet":"http://hl7.org/fhir/ValueSet/audit-event-outcome","content":"complete","concept":[{"code":"0","display":"Success","definition":"The operation completed successfully (whether with warnings or not)."},{"code":"4","display":"Minor failure","definition":"The action was not successful due to some kind of catered for error (often equivalent to an HTTP 400 response)."},{"code":"8","display":"Serious failure","definition":"The action was not successful due to some kind of unexpected error (often equivalent to an HTTP 500 response)."},{"code":"12","display":"Major failure","definition":"An error of such magnitude occurred that the system is no longer available for use (i.e. the system died)."}]}