{"resourceType":"CodeSystem","id":"v2-0173","meta":{"profile":["http://hl7.org/fhir/StructureDefinition/shareablecodesystem"]},"extension":[{"url":"http://hl7.org/fhir/StructureDefinition/structuredefinition-ballot-status","valueString":"External"},{"url":"http://hl7.org/fhir/StructureDefinition/structuredefinition-fmm","valueInteger":0}],"url":"http://hl7.org/fhir/v2/0173","identifier":{"system":"urn:ietf:rfc:3986","value":"urn:oid:2.16.840.1.113883.18.89"},"version":"2.8.2","name":"v2 Coordination of Benefits","status":"active","experimental":false,"publisher":"HL7, Inc","contact":[{"telecom":[{"system":"url","value":"http://hl7.org"}]}],"description":"FHIR Value set/code system definition for HL7 v2 table 0173 ( Coordination of Benefits)","caseSensitive":false,"valueSet":"http://hl7.org/fhir/ValueSet/v2-0173","content":"complete","concept":[{"code":"CO","display":"Coordination","designation":[{"language":"de","value":"koordiniert"},{"language":"nl","value":"Coördinatie"}]},{"code":"IN","display":"Independent","designation":[{"language":"de","value":"unabhängig"},{"language":"nl","value":"Onafhankelijk"}]}]}