{"resourceType":"CodeSystem","id":"common-tags","meta":{"lastUpdated":"2019-10-24T11:53:00+11:00","profile":["http://hl7.org/fhir/StructureDefinition/shareablecodesystem"]},"extension":[{"url":"http://hl7.org/fhir/StructureDefinition/structuredefinition-ballot-status","valueString":"Informative"},{"url":"http://hl7.org/fhir/StructureDefinition/structuredefinition-fmm","valueInteger":1},{"url":"http://hl7.org/fhir/StructureDefinition/structuredefinition-wg","valueCode":"fhir"}],"url":"http://hl7.org/fhir/common-tags","identifier":{"system":"urn:ietf:rfc:3986","value":"urn:oid:2.16.840.1.113883.4.642.1.73"},"version":"3.0.2","name":"Common Tags","status":"draft","experimental":true,"publisher":"FHIR Project team","contact":[{"telecom":[{"system":"url","value":"http://hl7.org/fhir"}]}],"description":"Common Tag Codes defined by FHIR project","caseSensitive":true,"valueSet":"http://hl7.org/fhir/ValueSet/common-tags","content":"complete","concept":[{"code":"actionable","display":"Actionable","definition":"This request is intended to be acted upon, not merely stored"}]}