{"resourceType":"CodeSystem","id":"http-verb","meta":{"lastUpdated":"2019-10-24T11:53:00+11:00"},"extension":[{"url":"http://hl7.org/fhir/StructureDefinition/structuredefinition-ballot-status","valueString":"Informative"},{"url":"http://hl7.org/fhir/StructureDefinition/structuredefinition-fmm","valueInteger":5},{"url":"http://hl7.org/fhir/StructureDefinition/structuredefinition-wg","valueCode":"fhir"}],"url":"http://hl7.org/fhir/http-verb","identifier":{"system":"urn:ietf:rfc:3986","value":"urn:oid:2.16.840.1.113883.4.642.1.617"},"version":"3.0.2","name":"HTTPVerb","status":"draft","experimental":false,"date":"2019-10-24T11:53:00+11:00","publisher":"HL7 (FHIR Project)","contact":[{"telecom":[{"system":"url","value":"http://hl7.org/fhir"},{"system":"email","value":"fhir@lists.hl7.org"}]}],"description":"HTTP verbs (in the HTTP command line).","caseSensitive":true,"valueSet":"http://hl7.org/fhir/ValueSet/http-verb","content":"complete","concept":[{"code":"GET","display":"GET","definition":"HTTP GET"},{"code":"POST","display":"POST","definition":"HTTP POST"},{"code":"PUT","display":"PUT","definition":"HTTP PUT"},{"code":"DELETE","display":"DELETE","definition":"HTTP DELETE"}]}