{"resourceType":"CodeSystem","id":"supplyrequest-reason","meta":{"lastUpdated":"2019-10-24T11:53:00+11:00"},"extension":[{"url":"http://hl7.org/fhir/StructureDefinition/structuredefinition-ballot-status","valueString":"Informative"},{"url":"http://hl7.org/fhir/StructureDefinition/structuredefinition-fmm","valueInteger":1},{"url":"http://hl7.org/fhir/StructureDefinition/structuredefinition-wg","valueCode":"oo"}],"url":"http://hl7.org/fhir/supplyrequest-reason","identifier":{"system":"urn:ietf:rfc:3986","value":"urn:oid:2.16.840.1.113883.4.642.1.684"},"version":"3.0.2","name":"SupplyRequestReason","status":"draft","experimental":false,"date":"2019-10-24T11:53:00+11:00","publisher":"HL7 (FHIR Project)","contact":[{"telecom":[{"system":"url","value":"http://hl7.org/fhir"},{"system":"email","value":"fhir@lists.hl7.org"}]}],"description":"Why the supply item was requested","caseSensitive":true,"valueSet":"http://hl7.org/fhir/ValueSet/supplyrequest-reason","content":"complete","concept":[{"code":"patient-care","display":"Patient Care","definition":"The supply has been requested for use in direct patient care."},{"code":"ward-stock","display":"Ward Stock","definition":"The supply has been requested for for creating or replenishing ward stock."}]}