{"resourceType":"CodeSystem","id":"detectedissue-severity","meta":{"lastUpdated":"2019-10-24T11:53:00+11:00"},"extension":[{"url":"http://hl7.org/fhir/StructureDefinition/structuredefinition-ballot-status","valueString":"Informative"},{"url":"http://hl7.org/fhir/StructureDefinition/structuredefinition-fmm","valueInteger":1},{"url":"http://hl7.org/fhir/StructureDefinition/structuredefinition-wg","valueCode":"cds"}],"url":"http://hl7.org/fhir/detectedissue-severity","identifier":{"system":"urn:ietf:rfc:3986","value":"urn:oid:2.16.840.1.113883.4.642.1.197"},"version":"3.0.2","name":"DetectedIssueSeverity","status":"draft","experimental":false,"date":"2019-10-24T11:53:00+11:00","publisher":"HL7 (FHIR Project)","contact":[{"telecom":[{"system":"url","value":"http://hl7.org/fhir"},{"system":"email","value":"fhir@lists.hl7.org"}]}],"description":"Indicates the potential degree of impact of the identified issue on the patient.","caseSensitive":true,"valueSet":"http://hl7.org/fhir/ValueSet/detectedissue-severity","content":"complete","concept":[{"code":"high","display":"High","definition":"Indicates the issue may be life-threatening or has the potential to cause permanent injury."},{"code":"moderate","display":"Moderate","definition":"Indicates the issue may result in noticeable adverse consequences but is unlikely to be life-threatening or cause permanent injury."},{"code":"low","display":"Low","definition":"Indicates the issue may result in some adverse consequences but is unlikely to substantially affect the situation of the subject."}]}