{"resourceType":"CodeSystem","id":"supplyrequest-status","meta":{"lastUpdated":"2019-10-24T11:53:00+11:00"},"extension":[{"url":"http://hl7.org/fhir/StructureDefinition/structuredefinition-ballot-status","valueString":"Informative"},{"url":"http://hl7.org/fhir/StructureDefinition/structuredefinition-fmm","valueInteger":1},{"url":"http://hl7.org/fhir/StructureDefinition/structuredefinition-wg","valueCode":"oo"}],"url":"http://hl7.org/fhir/supplyrequest-status","identifier":{"system":"urn:ietf:rfc:3986","value":"urn:oid:2.16.840.1.113883.4.642.1.682"},"version":"3.0.2","name":"SupplyRequestStatus","status":"draft","experimental":false,"date":"2019-10-24T11:53:00+11:00","publisher":"HL7 (FHIR Project)","contact":[{"telecom":[{"system":"url","value":"http://hl7.org/fhir"},{"system":"email","value":"fhir@lists.hl7.org"}]}],"description":"Status of the supply request","caseSensitive":true,"valueSet":"http://hl7.org/fhir/ValueSet/supplyrequest-status","content":"complete","concept":[{"code":"draft","display":"Draft","definition":"The request has been created but is not yet complete or ready for action"},{"code":"active","display":"Active","definition":"The request is ready to be acted upon"},{"code":"suspended","display":"Suspended","definition":"The authorization/request to act has been temporarily withdrawn but is expected to resume in the future"},{"code":"cancelled","display":"Cancelled","definition":"The authorization/request to act has been terminated prior to the full completion of the intended actions.  No further activity should occur."},{"code":"completed","display":"Completed","definition":"Activity against the request has been sufficiently completed to the satisfaction of the requester"},{"code":"entered-in-error","display":"Entered in Error","definition":"This electronic record should never have existed, though it is possible that real-world decisions were based on it.  (If real-world activity has occurred, the status should be \"cancelled\" rather than \"entered-in-error\".)"},{"code":"unknown","display":"Unknown","definition":"The authoring system does not know which of the status values currently applies for this request.  Note: This concept is not to be used for \"other\" - one of the listed statuses is presumed to apply, it's just not known which one."}]}