{"resourceType":"CodeSystem","id":"encounter-participant-type","meta":{"lastUpdated":"2019-10-24T11:53:00+11:00","profile":["http://hl7.org/fhir/StructureDefinition/shareablecodesystem"]},"extension":[{"url":"http://hl7.org/fhir/StructureDefinition/structuredefinition-ballot-status","valueString":"Informative"},{"url":"http://hl7.org/fhir/StructureDefinition/structuredefinition-fmm","valueInteger":3},{"url":"http://hl7.org/fhir/StructureDefinition/structuredefinition-wg","valueCode":"pa"}],"url":"http://hl7.org/fhir/participant-type","identifier":{"system":"urn:ietf:rfc:3986","value":"urn:oid:2.16.840.1.113883.4.642.1.246"},"version":"3.0.2","name":"ParticipantType","status":"draft","experimental":true,"publisher":"FHIR Project team","contact":[{"telecom":[{"system":"url","value":"http://hl7.org/fhir"}]}],"description":"This value set defines a set of codes that can be used to indicate how an individual participates in an encounter.","caseSensitive":true,"valueSet":"http://hl7.org/fhir/ValueSet/encounter-participant-type","content":"complete","concept":[{"code":"translator","display":"Translator","definition":"A translator who is facilitating communication with the patient during the encounter."},{"code":"emergency","display":"Emergency","definition":"A person to be contacted in case of an emergency during the encounter."}]}