{"resourceType":"CodeSystem","id":"dataelement-stringency","meta":{"lastUpdated":"2019-10-24T11:53:00+11:00"},"extension":[{"url":"http://hl7.org/fhir/StructureDefinition/structuredefinition-ballot-status","valueString":"Informative"},{"url":"http://hl7.org/fhir/StructureDefinition/structuredefinition-fmm","valueInteger":1},{"url":"http://hl7.org/fhir/StructureDefinition/structuredefinition-wg","valueCode":"oo"}],"url":"http://hl7.org/fhir/dataelement-stringency","identifier":{"system":"urn:ietf:rfc:3986","value":"urn:oid:2.16.840.1.113883.4.642.1.426"},"version":"3.0.2","name":"DataElementStringency","status":"draft","experimental":false,"date":"2019-10-24T11:53:00+11:00","publisher":"HL7 (FHIR Project)","contact":[{"telecom":[{"system":"url","value":"http://hl7.org/fhir"},{"system":"email","value":"fhir@lists.hl7.org"}]}],"description":"Indicates the degree of precision of the data element definition.","caseSensitive":true,"valueSet":"http://hl7.org/fhir/ValueSet/dataelement-stringency","content":"complete","concept":[{"code":"comparable","display":"Comparable","definition":"The data element is sufficiently well-constrained that multiple pieces of data captured according to the constraints of the data element will be comparable (though in some cases, a degree of automated conversion/normalization may be required).","concept":[{"code":"fully-specified","display":"Fully Specified","definition":"The data element is fully specified down to a single value set, single unit of measure, single data type, etc.  Multiple pieces of data associated with this data element are fully comparable."},{"code":"equivalent","display":"Equivalent","definition":"The data element allows multiple units of measure having equivalent meaning; e.g. \"cc\" (cubic centimeter) and \"mL\" (milliliter)."},{"code":"convertable","display":"Convertable","definition":"The data element allows multiple units of measure that are convertable between each other (e.g. inches and centimeters) and/or allows data to be captured in multiple value sets for which a known mapping exists allowing conversion of meaning.","concept":[{"code":"scaleable","display":"Scaleable","definition":"A convertable data element where unit conversions are different only by a power of 10; e.g. g, mg, kg."}]}]},{"code":"flexible","display":"Flexible","definition":"The data element is unconstrained in units, choice of data types and/or choice of vocabulary such that automated comparison of data captured using the data element is not possible."}]}