{"resourceType":"CodeSystem","id":"composition-attestation-mode","meta":{"lastUpdated":"2019-10-24T11:53:00+11:00"},"extension":[{"url":"http://hl7.org/fhir/StructureDefinition/structuredefinition-ballot-status","valueString":"Informative"},{"url":"http://hl7.org/fhir/StructureDefinition/structuredefinition-fmm","valueInteger":2},{"url":"http://hl7.org/fhir/StructureDefinition/structuredefinition-wg","valueCode":"sd"}],"url":"http://hl7.org/fhir/composition-attestation-mode","identifier":{"system":"urn:ietf:rfc:3986","value":"urn:oid:2.16.840.1.113883.4.642.1.234"},"version":"3.0.2","name":"CompositionAttestationMode","status":"draft","experimental":false,"date":"2019-10-24T11:53:00+11:00","publisher":"HL7 (FHIR Project)","contact":[{"telecom":[{"system":"url","value":"http://hl7.org/fhir"},{"system":"email","value":"fhir@lists.hl7.org"}]}],"description":"The way in which a person authenticated a composition.","caseSensitive":true,"valueSet":"http://hl7.org/fhir/ValueSet/composition-attestation-mode","content":"complete","concept":[{"code":"personal","display":"Personal","definition":"The person authenticated the content in their personal capacity."},{"code":"professional","display":"Professional","definition":"The person authenticated the content in their professional capacity."},{"code":"legal","display":"Legal","definition":"The person authenticated the content and accepted legal responsibility for its content."},{"code":"official","display":"Official","definition":"The organization authenticated the content as consistent with their policies and procedures."}]}