{"resourceType":"CodeSystem","id":"medication-request-priority","meta":{"lastUpdated":"2019-10-24T11:53:00+11:00"},"extension":[{"url":"http://hl7.org/fhir/StructureDefinition/structuredefinition-ballot-status","valueString":"Informative"},{"url":"http://hl7.org/fhir/StructureDefinition/structuredefinition-fmm","valueInteger":3},{"url":"http://hl7.org/fhir/StructureDefinition/structuredefinition-wg","valueCode":"phx"}],"url":"http://hl7.org/fhir/medication-request-priority","identifier":{"system":"urn:ietf:rfc:3986","value":"urn:oid:2.16.840.1.113883.4.642.1.351"},"version":"3.0.2","name":"MedicationRequestPriority","status":"draft","experimental":false,"date":"2019-10-24T11:53:00+11:00","publisher":"HL7 (FHIR Project)","contact":[{"telecom":[{"system":"url","value":"http://hl7.org/fhir"},{"system":"email","value":"fhir@lists.hl7.org"}]}],"description":"Identifies the level of importance to be assigned to actioning the request","caseSensitive":true,"valueSet":"http://hl7.org/fhir/ValueSet/medication-request-priority","content":"complete","concept":[{"code":"routine","display":"Routine","definition":"The order has a normal priority ."},{"code":"urgent","display":"Urgent","definition":"The order should be urgently."},{"code":"stat","display":"Stat","definition":"The order is time-critical."},{"code":"asap","display":"ASAP","definition":"The order should be acted on as soon as possible."}]}