{"resourceType":"CodeSystem","id":"consent-except-type","meta":{"lastUpdated":"2019-10-24T11:53:00+11:00"},"extension":[{"url":"http://hl7.org/fhir/StructureDefinition/structuredefinition-ballot-status","valueString":"Informative"},{"url":"http://hl7.org/fhir/StructureDefinition/structuredefinition-fmm","valueInteger":1},{"url":"http://hl7.org/fhir/StructureDefinition/structuredefinition-wg","valueCode":"cbcc"}],"url":"http://hl7.org/fhir/consent-except-type","identifier":{"system":"urn:ietf:rfc:3986","value":"urn:oid:2.16.840.1.113883.4.642.1.742"},"version":"3.0.2","name":"ConsentExceptType","status":"draft","experimental":false,"date":"2019-10-24T11:53:00+11:00","publisher":"HL7 (FHIR Project)","contact":[{"telecom":[{"system":"url","value":"http://hl7.org/fhir"},{"system":"email","value":"fhir@lists.hl7.org"}]}],"description":"How an exception statement is applied, such as adding additional consent or removing consent","caseSensitive":true,"valueSet":"http://hl7.org/fhir/ValueSet/consent-except-type","content":"complete","concept":[{"code":"deny","display":"Opt Out","definition":"Consent is denied for actions meeting these rules"},{"code":"permit","display":"Opt In","definition":"Consent is provided for actions meeting these rules"}]}