{"resourceType":"CodeSystem","id":"assert-response-code-types","meta":{"lastUpdated":"2019-10-24T11:53:00+11:00"},"extension":[{"url":"http://hl7.org/fhir/StructureDefinition/structuredefinition-ballot-status","valueString":"Informative"},{"url":"http://hl7.org/fhir/StructureDefinition/structuredefinition-fmm","valueInteger":2},{"url":"http://hl7.org/fhir/StructureDefinition/structuredefinition-wg","valueCode":"fhir"}],"url":"http://hl7.org/fhir/assert-response-code-types","identifier":{"system":"urn:ietf:rfc:3986","value":"urn:oid:2.16.840.1.113883.4.642.1.699"},"version":"3.0.2","name":"AssertionResponseTypes","status":"draft","experimental":false,"date":"2019-10-24T11:53:00+11:00","publisher":"HL7 (FHIR Project)","contact":[{"telecom":[{"system":"url","value":"http://hl7.org/fhir"},{"system":"email","value":"fhir@lists.hl7.org"}]}],"description":"The type of response code to use for assertion.","caseSensitive":true,"valueSet":"http://hl7.org/fhir/ValueSet/assert-response-code-types","content":"complete","concept":[{"code":"okay","display":"okay","definition":"Response code is 200."},{"code":"created","display":"created","definition":"Response code is 201."},{"code":"noContent","display":"noContent","definition":"Response code is 204."},{"code":"notModified","display":"notModified","definition":"Response code is 304."},{"code":"bad","display":"bad","definition":"Response code is 400."},{"code":"forbidden","display":"forbidden","definition":"Response code is 403."},{"code":"notFound","display":"notFound","definition":"Response code is 404."},{"code":"methodNotAllowed","display":"methodNotAllowed","definition":"Response code is 405."},{"code":"conflict","display":"conflict","definition":"Response code is 409."},{"code":"gone","display":"gone","definition":"Response code is 410."},{"code":"preconditionFailed","display":"preconditionFailed","definition":"Response code is 412."},{"code":"unprocessable","display":"unprocessable","definition":"Response code is 422."}]}