{"resourceType":"CodeSystem","id":"resource-type-link","meta":{"lastUpdated":"2019-10-24T11:53:00+11:00"},"extension":[{"url":"http://hl7.org/fhir/StructureDefinition/structuredefinition-ballot-status","valueString":"Informative"},{"url":"http://hl7.org/fhir/StructureDefinition/structuredefinition-fmm","valueInteger":2},{"url":"http://hl7.org/fhir/StructureDefinition/structuredefinition-wg","valueCode":"fm"}],"url":"http://hl7.org/fhir/resource-type-link","identifier":{"system":"urn:ietf:rfc:3986","value":"urn:oid:2.16.840.1.113883.4.642.1.607"},"version":"3.0.2","name":"PayeeResourceType","status":"draft","experimental":false,"date":"2019-10-24T11:53:00+11:00","publisher":"HL7 (FHIR Project)","contact":[{"telecom":[{"system":"url","value":"http://hl7.org/fhir"},{"system":"email","value":"fhir@lists.hl7.org"}]}],"description":"The type of payee Resource","caseSensitive":true,"valueSet":"http://hl7.org/fhir/ValueSet/resource-type-link","content":"complete","concept":[{"code":"organization","display":"Organization","definition":"Organization resource"},{"code":"patient","display":"Patient","definition":"Patient resource"},{"code":"practitioner","display":"Practitioner","definition":"Practitioner resource"},{"code":"relatedperson","display":"RelatedPerson","definition":"RelatedPerson resource"}]}