{"resourceType":"CodeSystem","id":"care-plan-intent","meta":{"lastUpdated":"2019-10-24T11:53:00+11:00"},"extension":[{"url":"http://hl7.org/fhir/StructureDefinition/structuredefinition-ballot-status","valueString":"Informative"},{"url":"http://hl7.org/fhir/StructureDefinition/structuredefinition-fmm","valueInteger":2},{"url":"http://hl7.org/fhir/StructureDefinition/structuredefinition-wg","valueCode":"pc"}],"url":"http://hl7.org/fhir/care-plan-intent","identifier":{"system":"urn:ietf:rfc:3986","value":"urn:oid:2.16.840.1.113883.4.642.1.142"},"version":"3.0.2","name":"CarePlanIntent","status":"draft","experimental":false,"date":"2019-10-24T11:53:00+11:00","publisher":"HL7 (FHIR Project)","contact":[{"telecom":[{"system":"url","value":"http://hl7.org/fhir"},{"system":"email","value":"fhir@lists.hl7.org"}]}],"description":"Codes indicating the degree of authority/intentionality associated with a care plan","caseSensitive":true,"valueSet":"http://hl7.org/fhir/ValueSet/care-plan-intent","content":"complete","concept":[{"code":"proposal","display":"Proposal","definition":"The care plan is a suggestion made by someone/something that doesn't have an intention to ensure it occurs and without providing an authorization to act"},{"code":"plan","display":"Plan","definition":"The care plan represents an intention to ensure something occurs without providing an authorization for others to act"},{"code":"order","display":"Order","definition":"The care plan represents a request/demand and authorization for action"},{"code":"option","display":"Option","definition":"The care plan represents a component or option for a RequestGroup that establishes timing, conditionality and/or other constraints among a set of requests.\n\nRefer to [[[RequestGroup]]] for additional information on how this status is used"}]}