{"resourceType":"CodeSystem","id":"payment-type","meta":{"lastUpdated":"2019-10-24T11:53:00+11:00","profile":["http://hl7.org/fhir/StructureDefinition/shareablecodesystem"]},"extension":[{"url":"http://hl7.org/fhir/StructureDefinition/structuredefinition-ballot-status","valueString":"Informative"},{"url":"http://hl7.org/fhir/StructureDefinition/structuredefinition-fmm","valueInteger":1},{"url":"http://hl7.org/fhir/StructureDefinition/structuredefinition-wg","valueCode":"fm"}],"url":"http://hl7.org/fhir/payment-type","identifier":{"system":"urn:ietf:rfc:3986","value":"urn:oid:2.16.840.1.113883.4.642.1.627"},"version":"3.0.2","name":"Payment Type Codes","status":"draft","experimental":true,"publisher":"Financial Management","contact":[{"telecom":[{"system":"url","value":"http://hl7.org/fhir"}]}],"description":"This value set includes sample Payment Type codes.","copyright":"This is an example set.","caseSensitive":true,"valueSet":"http://hl7.org/fhir/ValueSet/payment-type","content":"complete","concept":[{"code":"payment","display":"Payment","definition":"The amount is partial or complete settlement of the amounts due."},{"code":"adjustment","display":"Adjustment","definition":"The amount is an adjustment regarding claims already paid."},{"code":"advance","display":"Advance","definition":"The amount is an advance against future claims."}]}