{"resourceType":"CodeSystem","id":"v2-0169","meta":{"profile":["http://hl7.org/fhir/StructureDefinition/shareablecodesystem"]},"extension":[{"url":"http://hl7.org/fhir/StructureDefinition/structuredefinition-ballot-status","valueString":"External"},{"url":"http://hl7.org/fhir/StructureDefinition/structuredefinition-fmm","valueInteger":0}],"url":"http://hl7.org/fhir/v2/0169","identifier":{"system":"urn:ietf:rfc:3986","value":"urn:oid:2.16.840.1.113883.18.87"},"version":"2.8.2","name":"v2 Reporting Priority","status":"active","experimental":false,"publisher":"HL7, Inc","contact":[{"telecom":[{"system":"url","value":"http://hl7.org"}]}],"description":"FHIR Value set/code system definition for HL7 v2 table 0169 ( Reporting Priority)","caseSensitive":false,"valueSet":"http://hl7.org/fhir/ValueSet/v2-0169","content":"complete","concept":[{"code":"C","display":"Call back results","designation":[{"language":"de","value":"sofortige Übermittlung notwendig"},{"language":"nl","value":"Telefonische terugkoppeling resultaten"}]},{"code":"R","display":"Rush reporting","designation":[{"language":"de","value":"beschleunigte Übermittlung"},{"language":"nl","value":"Haast bij verslag"}]}]}