{"resourceType":"CodeSystem","id":"compartment-type","meta":{"lastUpdated":"2019-10-24T11:53:00+11:00"},"extension":[{"url":"http://hl7.org/fhir/StructureDefinition/structuredefinition-ballot-status","valueString":"Informative"},{"url":"http://hl7.org/fhir/StructureDefinition/structuredefinition-fmm","valueInteger":1},{"url":"http://hl7.org/fhir/StructureDefinition/structuredefinition-wg","valueCode":"fhir"}],"url":"http://hl7.org/fhir/compartment-type","identifier":{"system":"urn:ietf:rfc:3986","value":"urn:oid:2.16.840.1.113883.4.642.1.770"},"version":"3.0.2","name":"CompartmentType","status":"draft","experimental":false,"date":"2019-10-24T11:53:00+11:00","publisher":"HL7 (FHIR Project)","contact":[{"telecom":[{"system":"url","value":"http://hl7.org/fhir"},{"system":"email","value":"fhir@lists.hl7.org"}]}],"description":"Which compartment a compartment definition describes","caseSensitive":true,"valueSet":"http://hl7.org/fhir/ValueSet/compartment-type","content":"complete","concept":[{"code":"Patient","display":"Patient","definition":"The compartment definition is for the patient compartment"},{"code":"Encounter","display":"Encounter","definition":"The compartment definition is for the encounter compartment"},{"code":"RelatedPerson","display":"RelatedPerson","definition":"The compartment definition is for the related-person compartment"},{"code":"Practitioner","display":"Practitioner","definition":"The compartment definition is for the practitioner compartment"},{"code":"Device","display":"Device","definition":"The compartment definition is for the device compartment"}]}