{"resourceType":"CodeSystem","id":"v2-0144","meta":{"profile":["http://hl7.org/fhir/StructureDefinition/shareablecodesystem"]},"extension":[{"url":"http://hl7.org/fhir/StructureDefinition/structuredefinition-ballot-status","valueString":"External"},{"url":"http://hl7.org/fhir/StructureDefinition/structuredefinition-fmm","valueInteger":0}],"url":"http://hl7.org/fhir/v2/0144","identifier":{"system":"urn:ietf:rfc:3986","value":"urn:oid:2.16.840.1.113883.18.65"},"version":"2.8.2","name":"v2 Eligibility Source","status":"active","experimental":false,"publisher":"HL7, Inc","contact":[{"telecom":[{"system":"url","value":"http://hl7.org"}]}],"description":"FHIR Value set/code system definition for HL7 v2 table 0144 ( Eligibility Source)","caseSensitive":false,"valueSet":"http://hl7.org/fhir/ValueSet/v2-0144","content":"complete","concept":[{"code":"1","display":"Insurance company","designation":[{"language":"de","value":"Versicherung / Krankenkasse"},{"language":"nl","value":"Verzekeraar"}]},{"code":"2","display":"Employer","designation":[{"language":"de","value":"Arbeitgeber"},{"language":"nl","value":"Werkgever"}]},{"code":"3","display":"Insured presented policy","designation":[{"language":"de","value":"vorgelegte Versicherungspolice"},{"language":"nl","value":"Door verzekerde getoonde polis"}]},{"code":"4","display":"Insured presented card","designation":[{"language":"de","value":"Vorgelegte Krankenversichertenkarte (KVK)"},{"language":"nl","value":"Door verzekerde getoonde kaart"}]},{"code":"5","display":"Signed statement on file","designation":[{"language":"de","value":"Unterschriebenene Bestätigung"},{"language":"nl","value":"Ondertekenende mededeling op schrift"}]},{"code":"6","display":"Verbal information","designation":[{"language":"de","value":"mündliche Angabe"},{"language":"nl","value":"Mondelinge mededeling"}]},{"code":"7","display":"None","designation":[{"language":"de","value":"keine"},{"language":"nl","value":"Geen"}]}]}