{"resourceType":"CodeSystem","id":"v2-0104","meta":{"profile":["http://hl7.org/fhir/StructureDefinition/shareablecodesystem"]},"extension":[{"url":"http://hl7.org/fhir/StructureDefinition/structuredefinition-ballot-status","valueString":"External"},{"url":"http://hl7.org/fhir/StructureDefinition/structuredefinition-fmm","valueInteger":0}],"url":"http://hl7.org/fhir/v2/0104","identifier":{"system":"urn:ietf:rfc:3986","value":"urn:oid:2.16.840.1.113883.18.41"},"version":"2.8.2","name":"v2 Version ID","status":"active","experimental":false,"publisher":"HL7, Inc","contact":[{"telecom":[{"system":"url","value":"http://hl7.org"}]}],"description":"FHIR Value set/code system definition for HL7 v2 table 0104 ( Version ID)","caseSensitive":false,"valueSet":"http://hl7.org/fhir/ValueSet/v2-0104","content":"complete","property":[{"code":"deprecated","uri":"http://hl7.org/fhir/concept-properties#deprecated","description":"The date at which a concept was deprecated. Concepts that are deprecated but not inactive can still be used, but their use is discouraged","type":"dateTime"}],"concept":[{"extension":[{"url":"http://hl7.org/fhir/StructureDefinition/codesystem-comments","valueString":"September 1988"}],"code":"2.0","display":"Release 2.0","designation":[{"language":"de","value":"Version 2.0, September 1988"},{"language":"nl","value":"Versie 2.0"}]},{"extension":[{"url":"http://hl7.org/fhir/StructureDefinition/codesystem-comments","valueString":"October 1988"}],"code":"2.0D","display":"Demo 2.0","designation":[{"language":"de","value":"Version 2.0, October 1988 (nur zu Demonstrationszwecken)"},{"language":"nl","value":"Demo 2.0"}]},{"extension":[{"url":"http://hl7.org/fhir/StructureDefinition/codesystem-comments","valueString":"March 1990"}],"code":"2.1","display":"Release 2.1","designation":[{"language":"de","value":"Version 2.1, März 1990"},{"language":"nl","value":"Versie 2.1"}]},{"extension":[{"url":"http://hl7.org/fhir/StructureDefinition/codesystem-comments","valueString":"December 1994"}],"code":"2.2","display":"Release 2.2","designation":[{"language":"de","value":"Version 2.2, Dezember 1994"},{"language":"nl","value":"Versie 2.2"}]},{"extension":[{"url":"http://hl7.org/fhir/StructureDefinition/codesystem-comments","valueString":"March 1997"}],"code":"2.3","display":"Release 2.3","designation":[{"language":"nl","value":"Versie 2.3"}]},{"extension":[{"url":"http://hl7.org/fhir/StructureDefinition/codesystem-comments","valueString":"May 1999"}],"code":"2.3.1","display":"Release 2.3.1","designation":[{"language":"nl","value":"Versie 2.3.1"}]},{"code":"2.3.2","display":"Release 2.3.2","designation":[{"language":"nl","value":"Versie 2.3.2"}],"property":[{"code":"deprecated","valueDateTime":"1999-05"}]},{"extension":[{"url":"http://hl7.org/fhir/StructureDefinition/codesystem-comments","valueString":"November 2000"}],"code":"2.4","display":"Release 2.4","designation":[{"language":"nl","value":"Versie 2.4"}]},{"extension":[{"url":"http://hl7.org/fhir/StructureDefinition/codesystem-comments","valueString":"May 2003"}],"code":"2.5","display":"Release 2.5","designation":[{"language":"nl","value":"Versie 2.5"}]},{"extension":[{"url":"http://hl7.org/fhir/StructureDefinition/codesystem-comments","valueString":"January 2007"}],"code":"2.5.1","display":"Release 2.5.1","designation":[{"language":"nl","value":"Versie 2.5.1"}]},{"extension":[{"url":"http://hl7.org/fhir/StructureDefinition/codesystem-comments","valueString":"July 2007"}],"code":"2.6","display":"Release 2.6","designation":[{"language":"nl","value":"Versie 2.6"}]},{"extension":[{"url":"http://hl7.org/fhir/StructureDefinition/codesystem-comments","valueString":"November 2010"}],"code":"2.7","display":"Release 2.7","designation":[{"language":"nl","value":"Versie 2.6"}]},{"extension":[{"url":"http://hl7.org/fhir/StructureDefinition/codesystem-comments","valueString":"July 2012"}],"code":"2.7.1","display":"Release 2.7.1","designation":[{"language":"nl","value":"Versie 2.7.1"}]},{"extension":[{"url":"http://hl7.org/fhir/StructureDefinition/codesystem-comments","valueString":"February 2014"}],"code":"2.8","display":"Release 2.8","designation":[{"language":"nl","value":"Versie 2.8"}]},{"extension":[{"url":"http://hl7.org/fhir/StructureDefinition/codesystem-comments","valueString":"April 2014"}],"code":"2.8.1","display":"Release 2.8.1","designation":[{"language":"nl","value":"Versie 2.8.1"}]}]}