{"resourceType":"CodeSystem","id":"guide-page-kind","meta":{"lastUpdated":"2019-10-24T11:53:00+11:00"},"extension":[{"url":"http://hl7.org/fhir/StructureDefinition/structuredefinition-ballot-status","valueString":"Informative"},{"url":"http://hl7.org/fhir/StructureDefinition/structuredefinition-fmm","valueInteger":1},{"url":"http://hl7.org/fhir/StructureDefinition/structuredefinition-wg","valueCode":"fhir"}],"url":"http://hl7.org/fhir/guide-page-kind","identifier":{"system":"urn:ietf:rfc:3986","value":"urn:oid:2.16.840.1.113883.4.642.1.304"},"version":"3.0.2","name":"GuidePageKind","status":"draft","experimental":false,"date":"2019-10-24T11:53:00+11:00","publisher":"HL7 (FHIR Project)","contact":[{"telecom":[{"system":"url","value":"http://hl7.org/fhir"},{"system":"email","value":"fhir@lists.hl7.org"}]}],"description":"The kind of an included page.","caseSensitive":true,"valueSet":"http://hl7.org/fhir/ValueSet/guide-page-kind","content":"complete","concept":[{"code":"page","display":"Page","definition":"This is a page of content that is included in the implementation guide. It has no particular function."},{"code":"example","display":"Example","definition":"This is a page that represents a human readable rendering of an example."},{"code":"list","display":"List","definition":"This is a page that represents a list of resources of one or more types."},{"code":"include","display":"Include","definition":"This is a page showing where an included guide is injected."},{"code":"directory","display":"Directory","definition":"This is a page that lists the resources of a given type, and also creates pages for all the listed types as other pages in the section.","concept":[{"code":"dictionary","display":"Dictionary","definition":"This is a page that creates the listed resources as a dictionary."}]},{"code":"toc","display":"Table Of Contents","definition":"This is a generated page that contains the table of contents."},{"code":"resource","display":"Resource","definition":"This is a page that represents a presented resource. This is typically used for generated conformance resource presentations."}]}