{"resourceType":"CodeSystem","id":"action-cardinality-behavior","meta":{"lastUpdated":"2019-10-24T11:53:00+11:00"},"extension":[{"url":"http://hl7.org/fhir/StructureDefinition/structuredefinition-ballot-status","valueString":"Informative"},{"url":"http://hl7.org/fhir/StructureDefinition/structuredefinition-fmm","valueInteger":2},{"url":"http://hl7.org/fhir/StructureDefinition/structuredefinition-wg","valueCode":"cds"}],"url":"http://hl7.org/fhir/action-cardinality-behavior","identifier":{"system":"urn:ietf:rfc:3986","value":"urn:oid:2.16.840.1.113883.4.642.1.791"},"version":"3.0.2","name":"ActionCardinalityBehavior","status":"draft","experimental":false,"date":"2019-10-24T11:53:00+11:00","publisher":"HL7 (FHIR Project)","contact":[{"telecom":[{"system":"url","value":"http://hl7.org/fhir"},{"system":"email","value":"fhir@lists.hl7.org"}]}],"description":"Defines behavior for an action or a group for how many times that item may be repeated","caseSensitive":true,"valueSet":"http://hl7.org/fhir/ValueSet/action-cardinality-behavior","content":"complete","concept":[{"code":"single","display":"Single","definition":"The action may only be selected one time"},{"code":"multiple","display":"Multiple","definition":"The action may be selected multiple times"}]}