{"resourceType":"CodeSystem","id":"v2-0061","meta":{"profile":["http://hl7.org/fhir/StructureDefinition/shareablecodesystem"]},"extension":[{"url":"http://hl7.org/fhir/StructureDefinition/structuredefinition-ballot-status","valueString":"External"},{"url":"http://hl7.org/fhir/StructureDefinition/structuredefinition-fmm","valueInteger":0}],"url":"http://hl7.org/fhir/v2/0061","identifier":{"system":"urn:ietf:rfc:3986","value":"urn:oid:2.16.840.1.113883.18.22"},"version":"2.8.2","name":"v2 Check Digit Scheme","status":"active","experimental":false,"publisher":"HL7, Inc","contact":[{"telecom":[{"system":"url","value":"http://hl7.org"}]}],"description":"FHIR Value set/code system definition for HL7 v2 table 0061 ( Check Digit Scheme)","caseSensitive":false,"valueSet":"http://hl7.org/fhir/ValueSet/v2-0061","content":"complete","concept":[{"extension":[{"url":"http://hl7.org/fhir/StructureDefinition/codesystem-comments","valueString":"A non-embossed number included on bank cards and used to validate authenticity of the card and the person presenting the card"}],"code":"BCV","display":"Bank Card Validation Number","designation":[{"language":"nl","value":"Bancaire kaart validatienummer"}]},{"code":"ISO","display":"ISO 7064: 1983","designation":[{"language":"nl","value":"ISO 7064: 1983"}]},{"code":"M10","display":"Mod 10 algorithm","designation":[{"language":"de","value":"Modulo10-Verfahren"},{"language":"nl","value":"Mod 10 algoritme"}]},{"code":"M11","display":"Mod 11 algorithm","designation":[{"language":"de","value":"Modulo11-Verfahren"},{"language":"nl","value":"Mod 11 algoritme"}]},{"code":"NPI","display":"Check digit algorithm in the US National Provider Identifier","designation":[{"language":"nl","value":"Controlegetal algoritme van de Amerikaanse Nationale Provider identificatie"}]}]}