{"resourceType":"CodeSystem","id":"marital-status","meta":{"lastUpdated":"2019-10-24T11:53:00+11:00","profile":["http://hl7.org/fhir/StructureDefinition/shareablecodesystem"]},"extension":[{"url":"http://hl7.org/fhir/StructureDefinition/structuredefinition-ballot-status","valueString":"Informative"},{"url":"http://hl7.org/fhir/StructureDefinition/structuredefinition-fmm","valueInteger":5},{"url":"http://hl7.org/fhir/StructureDefinition/structuredefinition-wg","valueCode":"pa"}],"url":"http://hl7.org/fhir/marital-status","identifier":{"system":"urn:ietf:rfc:3986","value":"urn:oid:2.16.840.1.113883.4.642.1.29"},"version":"3.0.2","name":"Marital Status Codes","status":"draft","experimental":true,"publisher":"FHIR Project team","contact":[{"telecom":[{"system":"url","value":"http://hl7.org/fhir"}]}],"description":"This value set defines the set of codes that can be used to indicate the marital status of a person.","caseSensitive":true,"valueSet":"http://hl7.org/fhir/ValueSet/marital-status","content":"complete","concept":[{"code":"U","display":"Unmarried","definition":"The person is not presently married. The marital history is not known or stated."}]}