{"resourceType":"CodeSystem","id":"publication-status","meta":{"lastUpdated":"2019-10-24T11:53:00+11:00"},"extension":[{"url":"http://hl7.org/fhir/StructureDefinition/structuredefinition-ballot-status","valueString":"Informative"},{"url":"http://hl7.org/fhir/StructureDefinition/structuredefinition-fmm","valueInteger":5},{"url":"http://hl7.org/fhir/StructureDefinition/structuredefinition-wg","valueCode":"cds"}],"url":"http://hl7.org/fhir/publication-status","identifier":{"system":"urn:ietf:rfc:3986","value":"urn:oid:2.16.840.1.113883.4.642.1.4"},"version":"3.0.2","name":"PublicationStatus","status":"draft","experimental":false,"date":"2019-10-24T11:53:00+11:00","description":"The lifecycle status of a Value Set or Concept Map.","caseSensitive":true,"valueSet":"http://hl7.org/fhir/ValueSet/publication-status","content":"complete","concept":[{"code":"draft","display":"Draft","definition":"This resource is still under development and is not yet considered to be ready for normal use.","designation":[{"language":"ru","value":"черновик"},{"language":"nl","value":"ontwerp"}]},{"code":"active","display":"Active","definition":"This resource is ready for normal use.","designation":[{"language":"ru","value":"активный"},{"language":"nl","value":"actief"}]},{"code":"retired","display":"Retired","definition":"This resource has been withdrawn or superseded and should no longer be used.","designation":[{"language":"ru","value":"удалён"},{"language":"nl","value":"verouderd"}]},{"code":"unknown","display":"Unknown","definition":"The authoring system does not know which of the status values currently applies for this resource.  Note: This concept is not to be used for \"other\" - one of the listed statuses is presumed to apply, it's just not known which one."}]}