{"resourceType":"CodeSystem","id":"additionalmaterials","meta":{"lastUpdated":"2019-10-24T11:53:00+11:00","profile":["http://hl7.org/fhir/StructureDefinition/shareablecodesystem"]},"extension":[{"url":"http://hl7.org/fhir/StructureDefinition/structuredefinition-ballot-status","valueString":"Informative"},{"url":"http://hl7.org/fhir/StructureDefinition/structuredefinition-fmm","valueInteger":0}],"url":"http://hl7.org/fhir/additionalmaterials","identifier":{"system":"urn:ietf:rfc:3986","value":"urn:oid:2.16.840.1.113883.4.642.1.522"},"version":"3.0.2","name":"Additional Material Codes","status":"draft","experimental":true,"publisher":"Financial Management","contact":[{"telecom":[{"system":"url","value":"http://hl7.org/fhir"}]}],"description":"This value set includes sample additional material type codes.","copyright":"This is an example set.","caseSensitive":true,"valueSet":"http://hl7.org/fhir/ValueSet/additionalmaterials","content":"complete","concept":[{"code":"xray","display":"XRay","definition":"XRay"},{"code":"image","display":"Image","definition":"Image"},{"code":"email","display":"Email","definition":"Email"},{"code":"model","display":"Model","definition":"Model"},{"code":"document","display":"Document","definition":"Document"},{"code":"other","display":"Other","definition":"Other"}]}