{"resourceType":"CodeSystem","id":"v2-0156","meta":{"profile":["http://hl7.org/fhir/StructureDefinition/shareablecodesystem"]},"extension":[{"url":"http://hl7.org/fhir/StructureDefinition/structuredefinition-ballot-status","valueString":"External"},{"url":"http://hl7.org/fhir/StructureDefinition/structuredefinition-fmm","valueInteger":0}],"url":"http://hl7.org/fhir/v2/0156","identifier":{"system":"urn:ietf:rfc:3986","value":"urn:oid:2.16.840.1.113883.18.74"},"version":"2.8.2","name":"v2 Which date/time qualifier","status":"active","experimental":false,"publisher":"HL7, Inc","contact":[{"telecom":[{"system":"url","value":"http://hl7.org"}]}],"description":"FHIR Value set/code system definition for HL7 v2 table 0156 ( Which date/time qualifier)","caseSensitive":false,"valueSet":"http://hl7.org/fhir/ValueSet/v2-0156","content":"complete","property":[{"code":"deprecated","uri":"http://hl7.org/fhir/concept-properties#deprecated","description":"The date at which a concept was deprecated. Concepts that are deprecated but not inactive can still be used, but their use is discouraged","type":"dateTime"}],"concept":[{"code":"ANY","display":"Any date/time within a range","designation":[{"language":"de","value":"Alle Ereignisse"},{"language":"nl","value":"Elke datum/tijd binnen periode"}],"property":[{"code":"deprecated","valueDateTime":"2007-10"}]},{"code":"CAN","display":"Cancellation date/time","designation":[{"language":"de","value":"Stornierung"},{"language":"nl","value":"Annulering datum/tijd"}],"property":[{"code":"deprecated","valueDateTime":"1997-03"}]},{"code":"COL","display":"Collection date/time, equivalent to film or sample collection date/time","designation":[{"language":"de","value":"Probenentnahme / Untersuchung"},{"language":"nl","value":"Verzamel datum/tijd (equivalent aan film of monster verzamel datum/tijd)"}],"property":[{"code":"deprecated","valueDateTime":"2007-10"}]},{"code":"ORD","display":"Order date/time","designation":[{"language":"de","value":"Auftragseingabe"},{"language":"nl","value":"Aanvraag datum/tijd"}],"property":[{"code":"deprecated","valueDateTime":"2007-10"}]},{"code":"RCT","display":"Specimen receipt date/time, receipt of specimen in filling ancillary (Lab)","designation":[{"language":"de","value":"Probeneingang"},{"language":"nl","value":"Monster ontvangen datum/tijd (ontvangst van monster bij filler (lab))"}],"property":[{"code":"deprecated","valueDateTime":"2007-10"}]},{"code":"REP","display":"Report date/time, report date/time at filling ancillary (i.e., Lab)","designation":[{"language":"de","value":"Berichtserstellung"},{"language":"nl","value":"Verslag datum/tijd (verslag datum/tijd bij filler (lab))"}],"property":[{"code":"deprecated","valueDateTime":"2007-10"}]},{"code":"SCHED","display":"Schedule date/time","designation":[{"language":"de","value":"Terminvergabe"},{"language":"nl","value":"Planning datum/tijd"}],"property":[{"code":"deprecated","valueDateTime":"2007-10"}]}]}