{"resourceType":"CodeSystem","id":"coverage-selfpay","meta":{"lastUpdated":"2019-10-24T11:53:00+11:00","profile":["http://hl7.org/fhir/StructureDefinition/shareablecodesystem"]},"extension":[{"url":"http://hl7.org/fhir/StructureDefinition/structuredefinition-ballot-status","valueString":"Informative"},{"url":"http://hl7.org/fhir/StructureDefinition/structuredefinition-fmm","valueInteger":0}],"url":"http://hl7.org/fhir/coverage-selfpay","identifier":{"system":"urn:ietf:rfc:3986","value":"urn:oid:2.16.840.1.113883.4.642.1.520"},"version":"3.0.2","name":"Coverage SelfPay Codes","status":"draft","experimental":true,"publisher":"Financial Management","contact":[{"telecom":[{"system":"url","value":"http://hl7.org/fhir"}]},{"telecom":[{"system":"url","value":"http://hl7.org/fhir"}]}],"description":"This value set includes Coverage SelfPay codes.","copyright":"HL7 International.","caseSensitive":true,"valueSet":"http://hl7.org/fhir/ValueSet/coverage-selfpay","content":"complete","concept":[{"code":"pay","display":"Pay","definition":"An individual or oraganization is paying directly for goods and services."}]}