{"resourceType":"CodeSystem","id":"measure-report-type","meta":{"lastUpdated":"2019-10-24T11:53:00+11:00"},"extension":[{"url":"http://hl7.org/fhir/StructureDefinition/structuredefinition-ballot-status","valueString":"Informative"},{"url":"http://hl7.org/fhir/StructureDefinition/structuredefinition-fmm","valueInteger":2},{"url":"http://hl7.org/fhir/StructureDefinition/structuredefinition-wg","valueCode":"cqi"}],"url":"http://hl7.org/fhir/measure-report-type","identifier":{"system":"urn:ietf:rfc:3986","value":"urn:oid:2.16.840.1.113883.4.642.1.762"},"version":"3.0.2","name":"MeasureReportType","status":"draft","experimental":false,"date":"2019-10-24T11:53:00+11:00","publisher":"HL7 (FHIR Project)","contact":[{"telecom":[{"system":"url","value":"http://hl7.org/fhir"},{"system":"email","value":"fhir@lists.hl7.org"}]}],"description":"The type of the measure report","caseSensitive":true,"valueSet":"http://hl7.org/fhir/ValueSet/measure-report-type","content":"complete","concept":[{"code":"individual","display":"Individual","definition":"An individual report that provides information on the performance for a given measure with respect to a single patient"},{"code":"patient-list","display":"Patient List","definition":"A patient list report that includes a listing of patients that satisfied each population criteria in the measure"},{"code":"summary","display":"Summary","definition":"A summary report that returns the number of patients in each population criteria for the measure"}]}