{"resourceType":"CodeSystem","id":"v2-0205","meta":{"profile":["http://hl7.org/fhir/StructureDefinition/shareablecodesystem"]},"extension":[{"url":"http://hl7.org/fhir/StructureDefinition/structuredefinition-ballot-status","valueString":"External"},{"url":"http://hl7.org/fhir/StructureDefinition/structuredefinition-fmm","valueInteger":0}],"url":"http://hl7.org/fhir/v2/0205","identifier":{"system":"urn:ietf:rfc:3986","value":"urn:oid:2.16.840.1.113883.18.110"},"version":"2.8.2","name":"v2 Price Type","status":"active","experimental":false,"publisher":"HL7, Inc","contact":[{"telecom":[{"system":"url","value":"http://hl7.org"}]}],"description":"FHIR Value set/code system definition for HL7 v2 table 0205 ( Price Type)","caseSensitive":false,"valueSet":"http://hl7.org/fhir/ValueSet/v2-0205","content":"complete","concept":[{"code":"AP","display":"administrative price or handling fee","designation":[{"language":"nl","value":"Administratieve prijs of verwerkingsvergoeding"}]},{"code":"DC","display":"direct unit cost","designation":[{"language":"nl","value":"Direct stuksprijs"}]},{"code":"IC","display":"indirect unit cost","designation":[{"language":"nl","value":"Indirecte stuksprijs"}]},{"code":"PF","display":"professional fee for performing provider","designation":[{"language":"nl","value":"Zakelijke vergoeding voor uitvoerende zorgverlener"}]},{"code":"TF","display":"technology fee for use of equipment","designation":[{"language":"nl","value":"Technologievergoeding voor apparaatgebruik"}]},{"code":"TP","display":"total price","designation":[{"language":"nl","value":"Totaalprijs"}]},{"code":"UP","display":"unit price, may be based on length of procedure or service","designation":[{"language":"nl","value":"Stuksprijs, mogelijk gebaseerd op duur van behandeling of service"}]}]}