{"resourceType":"CodeSystem","id":"v2-0116","meta":{"profile":["http://hl7.org/fhir/StructureDefinition/shareablecodesystem"]},"extension":[{"url":"http://hl7.org/fhir/StructureDefinition/structuredefinition-ballot-status","valueString":"External"},{"url":"http://hl7.org/fhir/StructureDefinition/structuredefinition-fmm","valueInteger":3},{"url":"http://hl7.org/fhir/StructureDefinition/structuredefinition-wg","valueCode":"pa"}],"url":"http://hl7.org/fhir/v2/0116","identifier":{"system":"urn:ietf:rfc:3986","value":"urn:oid:2.16.840.1.113883.18.47"},"version":"2.8.2","name":"v2 Bed Status","status":"active","experimental":false,"publisher":"HL7, Inc","contact":[{"telecom":[{"system":"url","value":"http://hl7.org"}]}],"description":"FHIR Value set/code system definition for HL7 v2 table 0116 ( Bed Status)","caseSensitive":false,"valueSet":"http://hl7.org/fhir/ValueSet/v2-0116","content":"complete","concept":[{"code":"C","display":"Closed","designation":[{"language":"de","value":"Nicht verfügbar"},{"language":"nl","value":"Gesloten"}]},{"code":"H","display":"Housekeeping","designation":[{"language":"de","value":"Reinigung"},{"language":"nl","value":"Onderhoud"}]},{"code":"I","display":"Isolated","designation":[{"language":"de","value":"Isoliert"},{"language":"nl","value":"In isolatie"}]},{"code":"K","display":"Contaminated","designation":[{"language":"de","value":"Kontaminiert"},{"language":"nl","value":"Besmet"}]},{"code":"O","display":"Occupied","designation":[{"language":"de","value":"belegt"},{"language":"nl","value":"Bezet"}]},{"code":"U","display":"Unoccupied","designation":[{"language":"de","value":"libre"},{"language":"nl","value":"Niet-bezet"}]}]}