{"resourceType":"CodeSystem","id":"document-relationship-type","meta":{"lastUpdated":"2019-10-24T11:53:00+11:00"},"extension":[{"url":"http://hl7.org/fhir/StructureDefinition/structuredefinition-ballot-status","valueString":"Informative"},{"url":"http://hl7.org/fhir/StructureDefinition/structuredefinition-fmm","valueInteger":3},{"url":"http://hl7.org/fhir/StructureDefinition/structuredefinition-wg","valueCode":"sd"}],"url":"http://hl7.org/fhir/document-relationship-type","identifier":{"system":"urn:ietf:rfc:3986","value":"urn:oid:2.16.840.1.113883.4.642.1.240"},"version":"3.0.2","name":"DocumentRelationshipType","status":"draft","experimental":false,"date":"2019-10-24T11:53:00+11:00","publisher":"HL7 (FHIR Project)","contact":[{"telecom":[{"system":"url","value":"http://hl7.org/fhir"},{"system":"email","value":"fhir@lists.hl7.org"}]}],"description":"The type of relationship between documents.","caseSensitive":true,"valueSet":"http://hl7.org/fhir/ValueSet/document-relationship-type","content":"complete","concept":[{"code":"replaces","display":"Replaces","definition":"This document logically replaces or supersedes the target document."},{"code":"transforms","display":"Transforms","definition":"This document was generated by transforming the target document (e.g. format or language conversion)."},{"code":"signs","display":"Signs","definition":"This document is a signature of the target document."},{"code":"appends","display":"Appends","definition":"This document adds additional information to the target document."}]}