{"resourceType":"CodeSystem","id":"v2-0119","meta":{"profile":["http://hl7.org/fhir/StructureDefinition/shareablecodesystem"]},"extension":[{"url":"http://hl7.org/fhir/StructureDefinition/structuredefinition-ballot-status","valueString":"External"},{"url":"http://hl7.org/fhir/StructureDefinition/structuredefinition-fmm","valueInteger":0}],"url":"http://hl7.org/fhir/v2/0119","identifier":{"system":"urn:ietf:rfc:3986","value":"urn:oid:2.16.840.1.113883.18.48"},"version":"2.8.2","name":"v2 Order Control Codes","status":"active","experimental":false,"publisher":"HL7, Inc","contact":[{"telecom":[{"system":"url","value":"http://hl7.org"}]}],"description":"FHIR Value set/code system definition for HL7 v2 table 0119 ( Order Control Codes)","caseSensitive":false,"valueSet":"http://hl7.org/fhir/ValueSet/v2-0119","content":"complete","concept":[{"extension":[{"url":"http://hl7.org/fhir/StructureDefinition/codesystem-comments","valueString":"Placer Applications.<p>AF is a response to RF where the placer authorizing a refill or quantity of refills."}],"code":"AF","display":"Order/service refill request approval","designation":[{"language":"nl","value":"Aanvraag/service herhaling verzoek goedgekeurd"}]},{"extension":[{"url":"http://hl7.org/fhir/StructureDefinition/codesystem-comments","valueString":"Placer or Filler Applications.<p>A cancellation is a request by the placer for the filler, or the filler to the placer, not to do a previously ordered service. Confirmation of the cancellation request is provided by the filler or placer, e.g. a message w"}],"code":"CA","display":"Cancel order/service request","designation":[{"language":"de","value":"Auftrag stornieren"},{"language":"nl","value":"Annuleer aanvraag/service verzoek"}]},{"extension":[{"url":"http://hl7.org/fhir/StructureDefinition/codesystem-comments","valueString":"Placer or Filler Applications.<p>Used in conjunction with the PA - Parent order control code. Refer to PA order control code for discussion."}],"code":"CH","display":"Child order/service","designation":[{"language":"de","value":"nachgeordneter Auftrag"},{"language":"nl","value":"Onderliggende/deel aanvraag/service"}]},{"extension":[{"url":"http://hl7.org/fhir/StructureDefinition/codesystem-comments","valueString":"Filler Applications.<p>The combined result code provides a mechanism to transmit results that are associated with two or more orders. This situation occurs commonly in radiology reports when the radiologist dictates a single report for two or more exams r"}],"code":"CN","display":"Combined result","designation":[{"language":"de","value":"Kumulatives Ergebnis (zu mehreren Aufträgen)"},{"language":"nl","value":"Gecombineerd resultaat"}]},{"extension":[{"url":"http://hl7.org/fhir/StructureDefinition/codesystem-comments","valueString":"Filler Applications.<p>The control code CP - Cancel process step should be used in the ORC-1 for communication Filler-to-Filler, e.g. LIS-to-Analyzer, to differentiate from code CA (Placer-to-Filler).<p>The Filler should response with an acceptance of th"}],"code":"CP","display":"Cancel process step","designation":[{"language":"nl","value":"Annuleer processtap"}]},{"extension":[{"url":"http://hl7.org/fhir/StructureDefinition/codesystem-comments","valueString":"Filler or Placer Applications.<p>A response by the filler or placer application that a request to cancel (CA by the placer application) was performed successfully."}],"code":"CR","display":"Canceled as requested","designation":[{"language":"de","value":"Auftrag anweisungsgemäß storniert"},{"language":"nl","value":"Geannuleerd zoals gevraagd"}]},{"extension":[{"url":"http://hl7.org/fhir/StructureDefinition/codesystem-comments","valueString":"Placer or Filler Applications.<p>A request by the placer for the filler, or the filler to the placer,  to discontinue a previously requested service. The differentiation between discontinue and cancel is that discontinue effects the order/service and all "}],"code":"DC","display":"Discontinue order/service request","designation":[{"language":"de","value":"Auftragsausführung abbrechen"},{"language":"nl","value":"Breek aanvraag/service verzoek af"}]},{"extension":[{"url":"http://hl7.org/fhir/StructureDefinition/codesystem-comments","valueString":"Placer or Filler Applications."}],"code":"DE","display":"Data errors","designation":[{"language":"de","value":"Datenfehler"},{"language":"nl","value":"Gegevens fouten"}]},{"extension":[{"url":"http://hl7.org/fhir/StructureDefinition/codesystem-comments","valueString":"Placer Applications.<p>In response to a Filler application requesting refill authorization (RF), DF indicates that the placer does not authorize refills for the order. ORC-16 Order Control Code reason may be used to indicate the reason for the request den"}],"code":"DF","display":"Order/service refill request denied","designation":[{"language":"nl","value":"Aanvraag/service herhaal verzoek afgekeurd"}]},{"extension":[{"url":"http://hl7.org/fhir/StructureDefinition/codesystem-comments","valueString":"Filler or Placer Applications.<p>The filler or placer, in response to a request to discontinue (DC from the placer or filler application), has discontinued the order/service."}],"code":"DR","display":"Discontinued as requested","designation":[{"language":"de","value":"Auftragsausführung anweisungsgemäß abgebrochen"},{"language":"nl","value":"Afgebroken zoals gevraagd"}]},{"extension":[{"url":"http://hl7.org/fhir/StructureDefinition/codesystem-comments","valueString":"Filler Applications.<p>FU notifies the placer that the filler issued a refill for the order at the patient's request."}],"code":"FU","display":"Order/service refilled, unsolicited","designation":[{"language":"nl","value":"Aanvraag/service herhaald, ongevraagd"}]},{"extension":[{"url":"http://hl7.org/fhir/StructureDefinition/codesystem-comments","valueString":"Placer Applications.<p>Typical responses include, but are not limited to, CR - Cancelled as requested, UC - Unable to Cancel."}],"code":"HD","display":"Hold order request","designation":[{"language":"de","value":"Auftragsbearbeitung aussetzen"},{"language":"nl","value":"Houd aanvraag aan verzoek"}]},{"extension":[{"url":"http://hl7.org/fhir/StructureDefinition/codesystem-comments","valueString":"Filler Applications."}],"code":"HR","display":"On hold as requested","designation":[{"language":"de","value":"Auftragsbearbeitung anweisungsgemäß ausgesetzt"},{"language":"nl","value":"Aangehouden zoals gevraagd"}]},{"extension":[{"url":"http://hl7.org/fhir/StructureDefinition/codesystem-comments","valueString":"Placer or Filler Applications.<p>Refer to Chapter 12 Patient Care for complete discussion."}],"code":"LI","display":"Link order/service to patient care problem or goal","designation":[{"language":"nl","value":"Koppel aanvraag/service aan patiënt zorgprobleem of doel"}]},{"extension":[{"url":"http://hl7.org/fhir/StructureDefinition/codesystem-comments","valueString":"applies to DFT^P03^DFT_P03 and DFT^P11^DFT_P11"}],"code":"MC","display":"Miscellaneous Charge - not associated with an order","designation":[{"language":"nl","value":"Overige charge - niet gekoppeld aan een aanvraag"}]},{"extension":[{"url":"http://hl7.org/fhir/StructureDefinition/codesystem-comments","valueString":"Placer Applications.<p>There are three circumstances that involve requesting an order number (ORC-2-placer order number or ORC-3-filler order number):<p>(1) When the filler application needs to request an ORC-3-filler order number from a centralized appli"}],"code":"NA","display":"Number assigned","designation":[{"language":"de","value":"Nummer zugewiesen"},{"language":"nl","value":"Nummer toegekend"}]},{"extension":[{"url":"http://hl7.org/fhir/StructureDefinition/codesystem-comments","valueString":"Placer Applications.<p>See comments for NA - Number Assigned."}],"code":"NW","display":"New order/service","designation":[{"language":"de","value":"Neuer Auftrag"},{"language":"nl","value":"Nieuwe aanvraag/service"}]},{"extension":[{"url":"http://hl7.org/fhir/StructureDefinition/codesystem-comments","valueString":"Filler Applications."}],"code":"OC","display":"Order/service canceled","designation":[{"language":"de","value":"Auftrag storniert"},{"language":"nl","value":"Aanvraag/service geannuleerd"}]},{"extension":[{"url":"http://hl7.org/fhir/StructureDefinition/codesystem-comments","valueString":"Filler Applications."}],"code":"OD","display":"Order/service discontinued","designation":[{"language":"de","value":"Auftragsausführung abgebrochen"},{"language":"nl","value":"Aanvraag/service afgebroken"}]},{"extension":[{"url":"http://hl7.org/fhir/StructureDefinition/codesystem-comments","valueString":"Filler Applications."}],"code":"OE","display":"Order/service released","designation":[{"language":"nl","value":"Aanvraag/service vrijgegeven"}]},{"extension":[{"url":"http://hl7.org/fhir/StructureDefinition/codesystem-comments","valueString":"Filler Applications.<p>OF directly responds to the placer system's request for a refill."}],"code":"OF","display":"Order/service refilled as requested","designation":[{"language":"nl","value":"Aanvraag/service herhaald zoals gevraagd"}]},{"extension":[{"url":"http://hl7.org/fhir/StructureDefinition/codesystem-comments","valueString":"Filler Applications."}],"code":"OH","display":"Order/service held","designation":[{"language":"de","value":"Auftragsbearbeitung ausgesetzt"},{"language":"nl","value":"Aanvraag/service aangehouden"}]},{"extension":[{"url":"http://hl7.org/fhir/StructureDefinition/codesystem-comments","valueString":"Filler Applications.<p>See comments for NA - Number Assigned."}],"code":"OK","display":"Order/service accepted & OK","designation":[{"language":"de","value":"Auftrag akzeptiert"},{"language":"nl","value":"Aanvraag/service geaccepteerd en OK"}]},{"extension":[{"url":"http://hl7.org/fhir/StructureDefinition/codesystem-comments","valueString":"Placer Applications.<p>These order control codes are used to communicate an order between systems where the order is intended for informational purposes. For example, an order that will be performed by a vendor outside the enterprise of communicating syst"}],"code":"OP","display":"Notification of order for outside dispense","designation":[{"language":"nl","value":"Notificatie van aanvraag voor verstrekking door derde"}]},{"extension":[{"url":"http://hl7.org/fhir/StructureDefinition/codesystem-comments","valueString":"Filler Applications."}],"code":"OR","display":"Released as requested","designation":[{"language":"de","value":"Auftragsbearbeitung anweisungsgemäß wiederaufgenommen"},{"language":"nl","value":"Vrijgegeven zoals gevraagd"}]},{"extension":[{"url":"http://hl7.org/fhir/StructureDefinition/codesystem-comments","valueString":"Filler Applications.<p>The parent (PA) and child (CH) order control codes allow the spawning of \"child\" orders from a \"parent\" order without changing the parent (original order). One or more ORC segments with an ORC-1-order control value of PA are followe"}],"code":"PA","display":"Parent order/service","designation":[{"language":"de","value":"Hauptauftrag"},{"language":"nl","value":"Bovenliggende aanvraag/service"}]},{"extension":[{"url":"http://hl7.org/fhir/StructureDefinition/codesystem-comments","valueString":"Placer Applications.<p>PR indicates that this ORC is part of an ORU structure containing previous observation, which is embedded in the order.<p>At least two main use cases require that the complete results of the previous observations be transmitted with"}],"code":"PR","display":"Previous Results with new order/service","designation":[{"language":"nl","value":"Vorige resultaten met nieuwe aanvraag/service"}]},{"extension":[{"url":"http://hl7.org/fhir/StructureDefinition/codesystem-comments","valueString":"Placer Applications.<p>See comments for OP - Notification of order for outside dispense."}],"code":"PY","display":"Notification of replacement order for outside dispense","designation":[{"language":"nl","value":"Notificatie van vervangende aanvraag voor verstrekking door derde"}]},{"extension":[{"url":"http://hl7.org/fhir/StructureDefinition/codesystem-comments","valueString":"Placer or Filler Applications.<p>The observations-to-follow code is used to transmit patient-specific information with an order. An order detail segment (e.g. OBR) can be followed by one or more observation segments (OBX). Any observation that can be tra"}],"code":"RE","display":"Observations/Performed Service to follow","designation":[{"language":"de","value":"Untersuchungsergebnisse folgen (in späteren Segmenten dieser Nachricht)"},{"language":"nl","value":"Observaties/uitgevoerde server volgen"}]},{"extension":[{"url":"http://hl7.org/fhir/StructureDefinition/codesystem-comments","valueString":"Placer or Filler Applications.<p>RF accommodates requests by either the filler or the placer. The filler may be requesting refill authorization from the placer. A placer system may be requesting a refill to be done by the filler system.<p>Typical response"}],"code":"RF","display":"Refill order/service request","designation":[{"language":"nl","value":"Herhaal aanvraag/service verzoek"}]},{"extension":[{"url":"http://hl7.org/fhir/StructureDefinition/codesystem-comments","valueString":"Placer Applications."}],"code":"RL","display":"Release previous hold","designation":[{"language":"de","value":"Auftragsberabeitung wiederaufnehmen"},{"language":"nl","value":"Geef vorige vastgehouden vrij"}]},{"extension":[{"url":"http://hl7.org/fhir/StructureDefinition/codesystem-comments","valueString":"Placer or Filler Applications.<p>A replacement is the substitution of one or more orders for one or more previously ordered services.<p>The replaced orders are treated as though they were canceled. If and when an ordered service can be replaced are local "}],"code":"RO","display":"Replacement order","designation":[{"language":"de","value":"Ersatzauftrag"},{"language":"nl","value":"Vervangende aanvraag"}]},{"extension":[{"url":"http://hl7.org/fhir/StructureDefinition/codesystem-comments","valueString":"Placer Applications.<p>A replacement is the substitution of one or more orders for one or more previously ordered services. See comment 1 on RO - Replacement Order for further discussion.<p>The order replace request code permits the order filler to replac"}],"code":"RP","display":"Order/service replace request","designation":[{"language":"de","value":"Auftrag ersetzen"},{"language":"nl","value":"Aanvraag/service vervanging verzoek"}]},{"extension":[{"url":"http://hl7.org/fhir/StructureDefinition/codesystem-comments","valueString":"Filler Applications.<p>A replacement is the substitution of one or more orders for one or more previously ordered services. See comment 1 on RO - Replacement Order for further discussion.<p>The order replace request code permits the order filler to replac"}],"code":"RQ","display":"Replaced as requested","designation":[{"language":"de","value":"Auftrag anweisungsgemäß ersetzt"},{"language":"nl","value":"Vervangen zoals gevraagd"}]},{"extension":[{"url":"http://hl7.org/fhir/StructureDefinition/codesystem-comments","valueString":"Placer or Filler Applications.<p>Left in for backward compatibility. In the current version it is equivalent to an accept acknowledgment. The request-received code indicates that an order message has been received and will be processed later. The order ha"}],"code":"RR","display":"Request received","designation":[{"language":"de","value":"Anforderung erhalten (veraltet)"},{"language":"nl","value":"Verzoek ontvangen"}]},{"extension":[{"url":"http://hl7.org/fhir/StructureDefinition/codesystem-comments","valueString":"Filler Applications.<p>A replacement is the substitution of one or more orders for one or more previously ordered services. See comment 1 on RO - Replacement Order for further discussion.<p>The unsolicited replacement code permits the filler application t"}],"code":"RU","display":"Replaced unsolicited","designation":[{"language":"de","value":"Auftrag ersetzt (ohne Anweisung)"},{"language":"nl","value":"Vervangen ongevraagd"}]},{"extension":[{"url":"http://hl7.org/fhir/StructureDefinition/codesystem-comments","valueString":"Placer or Filler Applications."}],"code":"SC","display":"Status changed","designation":[{"language":"de","value":"Statusänderung"},{"language":"nl","value":"Status gewijzigd"}]},{"extension":[{"url":"http://hl7.org/fhir/StructureDefinition/codesystem-comments","valueString":"Placer Applications.<p>See comments for NA - Number Assigned."}],"code":"SN","display":"Send order/service number","designation":[{"language":"de","value":"Auftrags- bzw. Bearbeitungsnummer zuweisen / übermitteln"},{"language":"nl","value":"Stuur aanvraag/service nummer"}]},{"extension":[{"url":"http://hl7.org/fhir/StructureDefinition/codesystem-comments","valueString":"Filler Applications."}],"code":"SR","display":"Response to send order/service status request","designation":[{"language":"de","value":"Auftragsstatus (Antwort)"},{"language":"nl","value":"Antwoord op stuur aanvraag/service status verzoek"}]},{"extension":[{"url":"http://hl7.org/fhir/StructureDefinition/codesystem-comments","valueString":"Placer Applications."}],"code":"SS","display":"Send order/service status request","designation":[{"language":"de","value":"Auftragsstatus senden"},{"language":"nl","value":"Stuur aanvraag/service status verzoek"}]},{"extension":[{"url":"http://hl7.org/fhir/StructureDefinition/codesystem-comments","valueString":"Filler Applications.<p>An unable-to-accept code is used when a new order cannot be accepted by the filler. Possible reasons include requesting a prescription for a drug which the patient is allergic to or for an order which requires certain equipment reso"}],"code":"UA","display":"Unable to accept order/service","designation":[{"language":"nl","value":"Kon aanvraag/service niet accepteren"}]},{"extension":[{"url":"http://hl7.org/fhir/StructureDefinition/codesystem-comments","valueString":"Filler or Placer Applications.<p>An unable-to-cancel code is used when the ordered service is at a point that it cannot be canceled by the placer or filler or when local rules prevent cancellation by the filler. The use of this code is dependent on the va"}],"code":"UC","display":"Unable to cancel","designation":[{"language":"de","value":"Auftragsstornierung nicht möglich"},{"language":"nl","value":"Kon niet annuleren"}]},{"extension":[{"url":"http://hl7.org/fhir/StructureDefinition/codesystem-comments","valueString":"Filler or Placer Applications.<p>An unable-to-discontinue code is used when the ordered service is at a point that it cannot be discontinued by the placer or filler or when local rules prevent discontinuance by the filler. The use of this code is dependen"}],"code":"UD","display":"Unable to discontinue","designation":[{"language":"de","value":"Abbrechen nicht möglich"},{"language":"nl","value":"Kon niet afbreken"}]},{"extension":[{"url":"http://hl7.org/fhir/StructureDefinition/codesystem-comments","valueString":"Filler Applications.<p>Negative response to RF Refill order/service request, indicating that the receiving application was not able to complete the refill request."}],"code":"UF","display":"Unable to refill","designation":[{"language":"nl","value":"Kon niet herhalen"}]},{"extension":[{"url":"http://hl7.org/fhir/StructureDefinition/codesystem-comments","valueString":"Filler Applications."}],"code":"UH","display":"Unable to put on hold","designation":[{"language":"de","value":"Aussetzen nicht möglich"},{"language":"nl","value":"Kon niet aanhouden"}]},{"extension":[{"url":"http://hl7.org/fhir/StructureDefinition/codesystem-comments","valueString":"Filler Applications."}],"code":"UM","display":"Unable to replace","designation":[{"language":"de","value":"Ersetzen nicht möglich"},{"language":"nl","value":"Kon niet vervangen"}]},{"extension":[{"url":"http://hl7.org/fhir/StructureDefinition/codesystem-comments","valueString":"Placer or Filler Applications.<p>Refer to Chapter 12 Patient Care for complete discussion."}],"code":"UN","display":"Unlink order/service from patient care problem or goal","designation":[{"language":"nl","value":"Ontkoppel aanvraag/service van patiënt zorgprobleem of doel"}]},{"extension":[{"url":"http://hl7.org/fhir/StructureDefinition/codesystem-comments","valueString":"Filler Applications."}],"code":"UR","display":"Unable to release","designation":[{"language":"de","value":"Wiederaufnahme nicht möglich"},{"language":"nl","value":"Kon niet vrijgeven"}]},{"extension":[{"url":"http://hl7.org/fhir/StructureDefinition/codesystem-comments","valueString":"Filler Applications."}],"code":"UX","display":"Unable to change","designation":[{"language":"de","value":"Änderung nicht möglich"},{"language":"nl","value":"Kon niet wijzigen"}]},{"extension":[{"url":"http://hl7.org/fhir/StructureDefinition/codesystem-comments","valueString":"Placer Applications."}],"code":"XO","display":"Change order/service request","designation":[{"language":"de","value":"Auftrag ändern"},{"language":"nl","value":"Wijzig aanvraag/service verzoek"}]},{"extension":[{"url":"http://hl7.org/fhir/StructureDefinition/codesystem-comments","valueString":"Filler Applications."}],"code":"XR","display":"Changed as requested","designation":[{"language":"de","value":"Auftrag anweisungsgemäß geändert"},{"language":"nl","value":"Gewijzigd zoals gevraagd"}]},{"extension":[{"url":"http://hl7.org/fhir/StructureDefinition/codesystem-comments","valueString":"Filler Applications."}],"code":"XX","display":"Order/service changed, unsol.","designation":[{"language":"de","value":"Auftrag geändert (ohne Anweisung)"},{"language":"nl","value":"Order/service gewijzigd, ongevraagd"}]}]}