{"resourceType":"CodeSystem","id":"contract-actorrole","meta":{"lastUpdated":"2019-10-24T11:53:00+11:00","profile":["http://hl7.org/fhir/StructureDefinition/shareablecodesystem"]},"extension":[{"url":"http://hl7.org/fhir/StructureDefinition/structuredefinition-ballot-status","valueString":"Informative"},{"url":"http://hl7.org/fhir/StructureDefinition/structuredefinition-fmm","valueInteger":1},{"url":"http://hl7.org/fhir/StructureDefinition/structuredefinition-wg","valueCode":"fm"}],"url":"http://www.hl7.org/fhir/contractactorrole","identifier":{"system":"urn:ietf:rfc:3986","value":"urn:oid:2.16.840.1.113883.4.642.1.730"},"version":"3.0.2","name":"Contract Actor Role Codes","status":"draft","experimental":true,"publisher":"CBCC","contact":[{"telecom":[{"system":"url","value":"http://hl7.org/fhir"}]}],"description":"This value set includes sample Contract Actor Role codes.","copyright":"This is an example set.","caseSensitive":true,"valueSet":"http://hl7.org/fhir/ValueSet/contract-actorrole","content":"complete","concept":[{"code":"practitioner","display":"Practitioner","definition":"Someone who provides health care related services to people or animals including both clinical and support services."},{"code":"patient","display":"Patient","definition":"A receiver, human or animal, of health care related goods and services."}]}