{"resourceType":"CodeSystem","id":"v2-0004","meta":{"profile":["http://hl7.org/fhir/StructureDefinition/shareablecodesystem"]},"extension":[{"url":"http://hl7.org/fhir/StructureDefinition/structuredefinition-ballot-status","valueString":"External"},{"url":"http://hl7.org/fhir/StructureDefinition/structuredefinition-fmm","valueInteger":0}],"url":"http://hl7.org/fhir/v2/0004","identifier":{"system":"urn:ietf:rfc:3986","value":"urn:oid:2.16.840.1.113883.18.5"},"version":"2.8.2","name":"v2 Patient Class","status":"active","experimental":false,"publisher":"HL7, Inc","contact":[{"telecom":[{"system":"url","value":"http://hl7.org"}]}],"description":"FHIR Value set/code system definition for HL7 v2 table 0004 ( Patient Class)","caseSensitive":false,"valueSet":"http://hl7.org/fhir/ValueSet/v2-0004","content":"complete","concept":[{"code":"B","display":"Obstetrics","designation":[{"language":"de","value":"Geburtshilfe"},{"language":"nl","value":"Obstetrie"}]},{"code":"C","display":"Commercial Account","designation":[{"language":"nl","value":"Commercieel account"}]},{"code":"E","display":"Emergency","designation":[{"language":"de","value":"Notfall"},{"language":"nl","value":"Spoed"}]},{"code":"I","display":"Inpatient","designation":[{"language":"de","value":"stationär"},{"language":"nl","value":"Klinisch"}]},{"code":"N","display":"Not Applicable","designation":[{"language":"de","value":"Segment nicht anwendbar"},{"language":"nl","value":"Niet van toepassing"}]},{"code":"O","display":"Outpatient","designation":[{"language":"de","value":"ambulant"},{"language":"nl","value":"Poliklinisch"}]},{"code":"P","display":"Preadmit","designation":[{"language":"de","value":"Voraufnahme"},{"language":"nl","value":"Vooropname"}]},{"code":"R","display":"Recurring patient","designation":[{"language":"de","value":"Wiederholungspatient"},{"language":"nl","value":"Routine"}]},{"code":"U","display":"Unknown","designation":[{"language":"de","value":"unbekannt"},{"language":"nl","value":"Onbekend"}]}]}