{"resourceType":"CodeSystem","id":"actionlist","meta":{"lastUpdated":"2019-10-24T11:53:00+11:00"},"extension":[{"url":"http://hl7.org/fhir/StructureDefinition/structuredefinition-ballot-status","valueString":"Informative"},{"url":"http://hl7.org/fhir/StructureDefinition/structuredefinition-fmm","valueInteger":2},{"url":"http://hl7.org/fhir/StructureDefinition/structuredefinition-wg","valueCode":"fm"}],"url":"http://hl7.org/fhir/actionlist","identifier":{"system":"urn:ietf:rfc:3986","value":"urn:oid:2.16.840.1.113883.4.642.1.676"},"version":"3.0.2","name":"ActionList","status":"draft","experimental":false,"date":"2019-10-24T11:53:00+11:00","publisher":"HL7 (FHIR Project)","contact":[{"telecom":[{"system":"url","value":"http://hl7.org/fhir"},{"system":"email","value":"fhir@lists.hl7.org"}]}],"description":"List of allowable action which this resource can request.","caseSensitive":true,"valueSet":"http://hl7.org/fhir/ValueSet/actionlist","content":"complete","concept":[{"code":"cancel","display":"Cancel, Reverse or Nullify","definition":"Cancel, reverse or nullify the target resource."},{"code":"poll","display":"Poll","definition":"Check for previously un-read/ not-retrieved resources."},{"code":"reprocess","display":"Re-Process","definition":"Re-process the target resource."},{"code":"status","display":"Status Check","definition":"Retrieve the processing status of the target resource."}]}