{"resourceType":"CodeSystem","id":"encounter-special-arrangements","meta":{"lastUpdated":"2019-10-24T11:53:00+11:00","profile":["http://hl7.org/fhir/StructureDefinition/shareablecodesystem"]},"extension":[{"url":"http://hl7.org/fhir/StructureDefinition/structuredefinition-ballot-status","valueString":"Informative"},{"url":"http://hl7.org/fhir/StructureDefinition/structuredefinition-fmm","valueInteger":2},{"url":"http://hl7.org/fhir/StructureDefinition/structuredefinition-wg","valueCode":"pa"}],"url":"http://hl7.org/fhir/encounter-special-arrangements","identifier":{"system":"urn:ietf:rfc:3986","value":"urn:oid:2.16.840.1.113883.4.642.1.249"},"version":"3.0.2","name":"SpecialArrangements","status":"draft","experimental":true,"publisher":"FHIR Project team","contact":[{"telecom":[{"system":"url","value":"http://hl7.org/fhir"}]}],"description":"This value set defines a set of codes that can be used to indicate the kinds of special arrangements in place for a patients visit.","caseSensitive":true,"valueSet":"http://hl7.org/fhir/ValueSet/encounter-special-arrangements","content":"complete","concept":[{"code":"wheel","display":"Wheelchair","definition":"The patient requires a wheelchair to be made available for the encounter."},{"code":"add-bed","display":"Additional bedding","definition":"An additional bed made available for a person accompanying the patient, for example a parent accompanying a child."},{"code":"int","display":"Interpreter","definition":"The patient is not fluent in the local language and requires an interpreter to be available. Refer to the Patient.Language property for the type of interpreter required."},{"code":"att","display":"Attendant","definition":"A person who accompanies a patient to provide assistive services necessary for the patient's care during the encounter."},{"code":"dog","display":"Guide dog","definition":"The patient has a guide-dog and the location used for the encounter should be able to support the presence of the service animal."}]}