{"resourceType":"CodeSystem","id":"condition-state","meta":{"lastUpdated":"2019-10-24T11:53:00+11:00"},"extension":[{"url":"http://hl7.org/fhir/StructureDefinition/structuredefinition-ballot-status","valueString":"Informative"},{"url":"http://hl7.org/fhir/StructureDefinition/structuredefinition-fmm","valueInteger":0}],"url":"http://hl7.org/fhir/condition-state","identifier":{"system":"urn:ietf:rfc:3986","value":"urn:oid:2.16.840.1.113883.4.642.1.878"},"version":"3.0.2","name":"ConditionState","status":"draft","experimental":false,"date":"2019-10-24T11:53:00+11:00","publisher":"HL7 (FHIR Project)","contact":[{"telecom":[{"system":"url","value":"http://hl7.org/fhir"},{"system":"email","value":"fhir@lists.hl7.org"}]}],"description":"Enumeration indicating whether the condition is currently active, inactive, or has been resolved.","caseSensitive":true,"valueSet":"http://hl7.org/fhir/ValueSet/condition-state","content":"complete","concept":[{"code":"active","display":"Active","definition":"The condition is active."},{"code":"inactive","display":"Inactive","definition":"The condition is inactive, but not resolved."},{"code":"resolved","display":"Resolved","definition":"The condition is resolved."}]}