{"resourceType":"CodeSystem","id":"payeetype","meta":{"lastUpdated":"2019-10-24T11:53:00+11:00","profile":["http://hl7.org/fhir/StructureDefinition/shareablecodesystem"]},"extension":[{"url":"http://hl7.org/fhir/StructureDefinition/structuredefinition-ballot-status","valueString":"Informative"},{"url":"http://hl7.org/fhir/StructureDefinition/structuredefinition-fmm","valueInteger":1},{"url":"http://hl7.org/fhir/StructureDefinition/structuredefinition-wg","valueCode":"fm"}],"url":"http://hl7.org/fhir/payeetype","identifier":{"system":"urn:ietf:rfc:3986","value":"urn:oid:2.16.840.1.113883.4.642.1.31"},"version":"3.0.2","name":"Claim Payee Type Codes","status":"draft","experimental":true,"publisher":"Financial Management","contact":[{"telecom":[{"system":"url","value":"http://hl7.org/fhir"}]}],"description":"This value set includes sample Payee Type codes.","copyright":"This is an example set.","caseSensitive":true,"valueSet":"http://hl7.org/fhir/ValueSet/payeetype","content":"complete","concept":[{"code":"subscriber","display":"Subscriber","definition":"The subscriber (policy holder) will be reimbursed."},{"code":"provider","display":"Provider","definition":"Any benefit payable will be paid to the provider (Assignment of Benefit)."},{"code":"other","display":"Provider","definition":"Any benefit payable will be paid to a third party such as a guarrantor."}]}