{"resourceType":"CodeSystem","id":"v2-0085","meta":{"profile":["http://hl7.org/fhir/StructureDefinition/shareablecodesystem"]},"extension":[{"url":"http://hl7.org/fhir/StructureDefinition/structuredefinition-ballot-status","valueString":"External"},{"url":"http://hl7.org/fhir/StructureDefinition/structuredefinition-fmm","valueInteger":0}],"url":"http://hl7.org/fhir/v2/0085","identifier":{"system":"urn:ietf:rfc:3986","value":"urn:oid:2.16.840.1.113883.18.34"},"version":"2.8.2","name":"v2 Observation Result Status Codes Interpretation","status":"active","experimental":false,"publisher":"HL7, Inc","contact":[{"telecom":[{"system":"url","value":"http://hl7.org"}]}],"description":"FHIR Value set/code system definition for HL7 v2 table 0085 ( Observation Result Status Codes Interpretation)","caseSensitive":false,"valueSet":"http://hl7.org/fhir/ValueSet/v2-0085","content":"complete","concept":[{"code":"A","display":"Amended based on adjustments provided by the Placer (Physician) regarding patient demographics (such as age and/or gender or other patient specific information","designation":[{"language":"nl","value":"Aangevuld op basis van aanpassingen van de Placer (Arts) met betrekking tot patiënt demografie (zoals leeftijd en/of geslacht of andere patiënt-specifieke informatie"}]},{"code":"B","display":"Appended Report - Final results reviewed and further information provided for clarity without change to the original result values.","designation":[{"language":"nl","value":"Aangevuld verslag - Definitieve resultaten en verdere informatie gegeven voor duidelijkheid zonder dat de oorspronkelijke resultaatwaarden wijzigen"}]},{"code":"C","display":"Record coming over is a correction and thus replaces a final result","designation":[{"language":"de","value":"Korrektur bereits gemeldeter Ergebnisse"},{"language":"nl","value":"Dit record is een correctie en vervangt het definitief resultaat"}]},{"code":"D","display":"Deletes the OBX record","designation":[{"language":"de","value":"Gemeldete Ergebnisse löschen"},{"language":"nl","value":"Verwijdert het OBX record"}]},{"code":"F","display":"Final results","designation":[{"language":"de","value":"Endergebnis"},{"language":"nl","value":"Definitieve resultaten"}]},{"code":"I","display":"Specimen in lab; results pending","designation":[{"language":"de","value":"Probe im Labor - Ergebnisse stehen an"},{"language":"nl","value":"Monster in lab; resultaten volgen"}]},{"code":"N","display":"Not asked; used to affirmatively document that the observation identified in the OBX was not sought when the universal service ID in OBR-4 implies that it would be sought.","designation":[{"language":"de","value":"ungefragte Übertragung"},{"language":"nl","value":"Niet gevraagd; gebruikt om op schrift te stellen dat de observatie geïdentificeerd in de OBX niet werd gevraagd toen de universal section ID in OBR-4 implicileerde dat deze wel werd gezocht."}]},{"code":"O","display":"Order detail description only (no result)","designation":[{"language":"de","value":"Anforderungsbeschreibung (ohne Ergebnisse)"},{"language":"nl","value":"Alleen aanvraag detail (geen resultaat)"}]},{"code":"P","display":"Preliminary results","designation":[{"language":"de","value":"Vorläufige Ergebnisse"},{"language":"nl","value":"Voorlopige resultaten"}]},{"code":"R","display":"Results entered -- not verified","designation":[{"language":"de","value":"Nicht validierte Ergebnisse"},{"language":"nl","value":"Resultaten ingevoerd -- niet geverifieerd"}]},{"extension":[{"url":"http://hl7.org/fhir/StructureDefinition/codesystem-comments","valueString":"Deprecated."}],"code":"S","display":"Partial results.   Deprecated. Retained only for backward compatibility as of V2.6.","designation":[{"language":"de","value":"Teilergebnisse"},{"language":"nl","value":"Gedeeltelijke resultaten. Vervallen. Alleen voor backward compatibiliteit sinds V2.6"}]},{"code":"U","display":"Results status change to final without retransmitting results already sent as 'preliminary.'  E.g. radiology changes status from preliminary to final","designation":[{"language":"de","value":"Vorläufiges Ergebnis wird Endergebnis, da keine Änderung"},{"language":"nl","value":"Result statuswijziging naar Definitief zonder de voorlopige resultaten opnieuw te sturen. Bijv. radiologie wijzigt status van voorlopig naar definitief"}]},{"code":"V","display":"Verified - Final results reviewed and confirmed to be correct, no change to result value, normal range or abnormal flag","designation":[{"language":"nl","value":"Geverifieerd - Definitieve resultaten gereviewd en correct bevonden, geen wijziging aan resultaatwaarde, normaalwaarde of abnormaal indicatie"}]},{"code":"W","display":"Post original as wrong, e.g. transmitted for wrong patient","designation":[{"language":"de","value":"fehlerhafte Übertragung"},{"language":"nl","value":"Oorspronkelijke resultaten verkeerd verstuurd, bijv. voor verkeerde patiënt"}]},{"code":"X","display":"Results cannot be obtained for this observation","designation":[{"language":"de","value":"Untersuchung führt zu keinem Ergebnis"},{"language":"nl","value":"Resultaten kunnen niet worden opgehaald voor deze observatie"}]}]}