{"resourceType":"CodeSystem","id":"service-category","meta":{"lastUpdated":"2019-10-24T11:53:00+11:00","profile":["http://hl7.org/fhir/StructureDefinition/shareablecodesystem"]},"extension":[{"url":"http://hl7.org/fhir/StructureDefinition/structuredefinition-ballot-status","valueString":"Informative"},{"url":"http://hl7.org/fhir/StructureDefinition/structuredefinition-fmm","valueInteger":1},{"url":"http://hl7.org/fhir/StructureDefinition/structuredefinition-wg","valueCode":"pa"}],"url":"http://hl7.org/fhir/service-category","identifier":{"system":"urn:ietf:rfc:3986","value":"urn:oid:2.16.840.1.113883.4.642.1.511"},"version":"3.0.2","name":"ServiceCategory","status":"draft","experimental":true,"publisher":"FHIR Project team","contact":[{"telecom":[{"system":"url","value":"http://hl7.org/fhir"}]}],"description":"This value set defines an example set of codes that can be used to classify groupings of service-types/specialties.","caseSensitive":true,"valueSet":"http://hl7.org/fhir/ValueSet/service-category","content":"example","concept":[{"code":"1","display":"Adoption","definition":"Adoption"},{"code":"2","display":"Aged Care","definition":"Aged Care"},{"code":"34","display":"Allied Health","definition":"Allied Health"},{"code":"3","display":"Alternative/Complementary Therapies","definition":"Alternative & Complementary Therapies"},{"code":"4","display":"Child Care /Kindergarten","definition":"Child Care and/or Kindergarten"},{"code":"5","display":"Child Development","definition":"Child Development"},{"code":"6","display":"Child Protection & Family Services","definition":"Child Protection & Family Services"},{"code":"7","display":"Community Health Care","definition":"Community Health Care"},{"code":"8","display":"Counselling","definition":"Counselling"},{"code":"36","display":"Crisis Line (GPAH use only)","definition":"Crisis Line (GPAH use only)"},{"code":"9","display":"Death Services","definition":"Death Services"},{"code":"10","display":"Dental","definition":"Dental"},{"code":"11","display":"Disability Support","definition":"Disability Support"},{"code":"12","display":"Drug/Alcohol","definition":"Drug/Alcohol"},{"code":"13","display":"Education & Learning","definition":"Education & Learning"},{"code":"14","display":"Emergency Department","definition":"Emergency Department"},{"code":"15","display":"Employment","definition":"Employment"},{"code":"16","display":"Financial & Material Aid","definition":"Financial & Material aid"},{"code":"17","display":"General Practice","definition":"General Practice/GP (doctor)"},{"code":"35","display":"Hospital","definition":"Hospital"},{"code":"18","display":"Housing/Homelessness","definition":"Housing/Homelessness"},{"code":"19","display":"Interpreting","definition":"Interpreting"},{"code":"20","display":"Justice","definition":"Justice"},{"code":"21","display":"Legal","definition":"Legal"},{"code":"22","display":"Mental Health","definition":"Mental Health"},{"code":"38","display":"NDIA","definition":"NDIA"},{"code":"23","display":"Physical Activity & Recreation","definition":"Physical Activity & Recreation"},{"code":"24","display":"Regulation","definition":"Regulation"},{"code":"25","display":"Respite/Carer Support","definition":"Respite/Carer Support"},{"code":"26","display":"Specialist Clinical Pathology","definition":"Specialist Clinical Pathology - requires referral"},{"code":"27","display":"Specialist Medical","definition":"Specialist Medical - requires referral"},{"code":"28","display":"Specialist Obstetrics & Gynaecology","definition":"Specialist Obstetrics & Gynaecology - requires referral"},{"code":"29","display":"Specialist Paediatric","definition":"Specialist Paediatric - requires referral"},{"code":"30","display":"Specialist Radiology/Imaging","definition":"Specialist Radiology/Imaging - requires referral"},{"code":"31","display":"Specialist Surgical","definition":"Specialist Surgical - requires referral"},{"code":"32","display":"Support Group/s","definition":"Support group/s"},{"code":"37","display":"Test Message (HSD admin)","definition":"Test Message (HSD admin use only)"},{"code":"33","display":"Transport","definition":"Transport"}]}