{"resourceType":"CodeSystem","id":"message-significance-category","meta":{"lastUpdated":"2019-10-24T11:53:00+11:00"},"extension":[{"url":"http://hl7.org/fhir/StructureDefinition/structuredefinition-ballot-status","valueString":"Informative"},{"url":"http://hl7.org/fhir/StructureDefinition/structuredefinition-fmm","valueInteger":3},{"url":"http://hl7.org/fhir/StructureDefinition/structuredefinition-wg","valueCode":"inm"}],"url":"http://hl7.org/fhir/message-significance-category","identifier":{"system":"urn:ietf:rfc:3986","value":"urn:oid:2.16.840.1.113883.4.642.1.179"},"version":"3.0.2","name":"MessageSignificanceCategory","status":"draft","experimental":false,"date":"2019-10-24T11:53:00+11:00","publisher":"HL7 (FHIR Project)","contact":[{"telecom":[{"system":"url","value":"http://hl7.org/fhir"},{"system":"email","value":"fhir@lists.hl7.org"}]}],"description":"The impact of the content of a message.","caseSensitive":true,"valueSet":"http://hl7.org/fhir/ValueSet/message-significance-category","content":"complete","concept":[{"code":"Consequence","display":"Consequence","definition":"The message represents/requests a change that should not be processed more than once; e.g., making a booking for an appointment."},{"code":"Currency","display":"Currency","definition":"The message represents a response to query for current information. Retrospective processing is wrong and/or wasteful."},{"code":"Notification","display":"Notification","definition":"The content is not necessarily intended to be current, and it can be reprocessed, though there may be version issues created by processing old notifications."}]}