{"resourceType":"CodeSystem","id":"identifier-type","meta":{"lastUpdated":"2019-10-24T11:53:00+11:00","profile":["http://hl7.org/fhir/StructureDefinition/shareablecodesystem"]},"extension":[{"url":"http://hl7.org/fhir/StructureDefinition/structuredefinition-ballot-status","valueString":"Informative"},{"url":"http://hl7.org/fhir/StructureDefinition/structuredefinition-fmm","valueInteger":1},{"url":"http://hl7.org/fhir/StructureDefinition/structuredefinition-wg","valueCode":"fhir"}],"url":"http://hl7.org/fhir/identifier-type","identifier":{"system":"urn:ietf:rfc:3986","value":"urn:oid:2.16.840.1.113883.4.642.1.45"},"version":"3.0.2","name":"Identifier Type Codes","status":"draft","experimental":true,"publisher":"HL7 (FHIR Project)","contact":[{"telecom":[{"system":"url","value":"http://hl7.org/fhir"}]}],"description":"A coded type for an identifier that can be used to determine which identifier to use for a specific purpose.","caseSensitive":true,"valueSet":"http://hl7.org/fhir/ValueSet/identifier-type","content":"complete","concept":[{"code":"UDI","display":"Universal Device Identifier","definition":"A identifier assigned to a device using the Universal Device Identifier framework as defined by FDA (http://www.fda.gov/MedicalDevices/DeviceRegulationandGuidance/UniqueDeviceIdentification/)."},{"code":"SNO","display":"Serial Number","definition":"An identifier affixed to an item by the manufacturer when it is first made, where each item has a different identifier."},{"code":"SB","display":"Social Beneficiary Identifier","definition":"An identifier issued by a governmental organization to an individual for the purpose of the receipt of social services and benefits."},{"code":"PLAC","display":"Placer Identifier","definition":"The identifier associated with the person or service that requests or places an order."},{"code":"FILL","display":"Filler Identifier","definition":"The Identifier associated with the person, or service, who produces the observations or fulfills the order requested by the requestor."}]}