{"resourceType":"CodeSystem","id":"choice-list-orientation","meta":{"lastUpdated":"2019-10-24T11:53:00+11:00"},"extension":[{"url":"http://hl7.org/fhir/StructureDefinition/structuredefinition-ballot-status","valueString":"Informative"},{"url":"http://hl7.org/fhir/StructureDefinition/structuredefinition-fmm","valueInteger":0}],"url":"http://hl7.org/fhir/choice-list-orientation","identifier":{"system":"urn:ietf:rfc:3986","value":"urn:oid:2.16.840.1.113883.4.642.1.851"},"version":"3.0.2","name":"ChoiceListOrientation","status":"draft","experimental":false,"date":"2019-10-24T11:53:00+11:00","publisher":"HL7 (FHIR Project)","contact":[{"telecom":[{"system":"url","value":"http://hl7.org/fhir"},{"system":"email","value":"fhir@lists.hl7.org"}]}],"description":"Direction in which lists of question options should be displayed","caseSensitive":true,"valueSet":"http://hl7.org/fhir/ValueSet/choice-list-orientation","content":"complete","concept":[{"code":"horizontal","display":"Horizontal","definition":"List choices along the horizontal axis"},{"code":"vertical","display":"Vertical","definition":"List choices down the vertical axis"}]}