{"resourceType":"CodeSystem","id":"claim-careteamrole","meta":{"lastUpdated":"2019-10-24T11:53:00+11:00","profile":["http://hl7.org/fhir/StructureDefinition/shareablecodesystem"]},"extension":[{"url":"http://hl7.org/fhir/StructureDefinition/structuredefinition-ballot-status","valueString":"Informative"},{"url":"http://hl7.org/fhir/StructureDefinition/structuredefinition-fmm","valueInteger":1},{"url":"http://hl7.org/fhir/StructureDefinition/structuredefinition-wg","valueCode":"fm"}],"url":"http://hl7.org/fhir/claimcareteamrole","identifier":{"system":"urn:ietf:rfc:3986","value":"urn:oid:2.16.840.1.113883.4.642.1.579"},"version":"3.0.2","name":"Claim Care Team Role Codes","status":"draft","experimental":true,"publisher":"Financial Management","contact":[{"telecom":[{"system":"url","value":"http://hl7.org/fhir"}]}],"description":"This value set includes sample Claim Care Team Role codes.","copyright":"This is an example set.","caseSensitive":true,"valueSet":"http://hl7.org/fhir/ValueSet/claim-careteamrole","content":"complete","concept":[{"code":"primary","display":"Primary provider","definition":"The primary care provider."},{"code":"assist","display":"Assisting Provider","definition":"Assisting care provider."},{"code":"supervisor","display":"Supervising Provider","definition":"Supervising care provider."},{"code":"other","display":"Other","definition":"Other role on the care team."}]}