{"resourceType":"CodeSystem","id":"codesystem-content-mode","meta":{"lastUpdated":"2019-10-24T11:53:00+11:00"},"extension":[{"url":"http://hl7.org/fhir/StructureDefinition/structuredefinition-ballot-status","valueString":"Informative"},{"url":"http://hl7.org/fhir/StructureDefinition/structuredefinition-fmm","valueInteger":5},{"url":"http://hl7.org/fhir/StructureDefinition/structuredefinition-wg","valueCode":"vocab"}],"url":"http://hl7.org/fhir/codesystem-content-mode","identifier":{"system":"urn:ietf:rfc:3986","value":"urn:oid:2.16.840.1.113883.4.642.1.766"},"version":"3.0.2","name":"CodeSystemContentMode","status":"draft","experimental":false,"date":"2019-10-24T11:53:00+11:00","publisher":"HL7 (FHIR Project)","contact":[{"telecom":[{"system":"url","value":"http://hl7.org/fhir"},{"system":"email","value":"fhir@lists.hl7.org"}]}],"description":"How much of the content of the code system - the concepts and codes it defines - are represented in a code system resource","caseSensitive":true,"valueSet":"http://hl7.org/fhir/ValueSet/codesystem-content-mode","content":"complete","concept":[{"code":"not-present","display":"Not Present","definition":"None of the concepts defined by the code system are included in the code system resource"},{"code":"example","display":"Example","definition":"A few representative concepts are included in the code system resource"},{"code":"fragment","display":"Fragment","definition":"A subset of the code system concepts are included in the code system resource"},{"code":"complete","display":"Complete","definition":"All the concepts defined by the code system are included in the code system resource"}]}