{"resourceType":"CodeSystem","id":"issue-severity","meta":{"lastUpdated":"2019-10-24T11:53:00+11:00"},"extension":[{"url":"http://hl7.org/fhir/StructureDefinition/structuredefinition-ballot-status","valueString":"Informative"},{"url":"http://hl7.org/fhir/StructureDefinition/structuredefinition-fmm","valueInteger":5},{"url":"http://hl7.org/fhir/StructureDefinition/structuredefinition-wg","valueCode":"fhir"}],"url":"http://hl7.org/fhir/issue-severity","identifier":{"system":"urn:ietf:rfc:3986","value":"urn:oid:2.16.840.1.113883.4.642.1.398"},"version":"3.0.2","name":"IssueSeverity","status":"draft","experimental":false,"date":"2019-10-24T11:53:00+11:00","publisher":"HL7 (FHIR Project)","contact":[{"telecom":[{"system":"url","value":"http://hl7.org/fhir"},{"system":"email","value":"fhir@lists.hl7.org"}]}],"description":"How the issue affects the success of the action.","caseSensitive":true,"valueSet":"http://hl7.org/fhir/ValueSet/issue-severity","content":"complete","concept":[{"code":"fatal","display":"Fatal","definition":"The issue caused the action to fail, and no further checking could be performed."},{"code":"error","display":"Error","definition":"The issue is sufficiently important to cause the action to fail."},{"code":"warning","display":"Warning","definition":"The issue is not important enough to cause the action to fail, but may cause it to be performed suboptimally or in a way that is not as desired."},{"code":"information","display":"Information","definition":"The issue has no relation to the degree of success of the action."}]}