{"resourceType":"CodeSystem","id":"v2-0166","meta":{"profile":["http://hl7.org/fhir/StructureDefinition/shareablecodesystem"]},"extension":[{"url":"http://hl7.org/fhir/StructureDefinition/structuredefinition-ballot-status","valueString":"External"},{"url":"http://hl7.org/fhir/StructureDefinition/structuredefinition-fmm","valueInteger":0}],"url":"http://hl7.org/fhir/v2/0166","identifier":{"system":"urn:ietf:rfc:3986","value":"urn:oid:2.16.840.1.113883.18.84"},"version":"2.8.2","name":"v2 RX Component Type","status":"active","experimental":false,"publisher":"HL7, Inc","contact":[{"telecom":[{"system":"url","value":"http://hl7.org"}]}],"description":"FHIR Value set/code system definition for HL7 v2 table 0166 ( RX Component Type)","caseSensitive":false,"valueSet":"http://hl7.org/fhir/ValueSet/v2-0166","content":"complete","concept":[{"code":"A","display":"Additive","designation":[{"language":"de","value":"Additiv"},{"language":"nl","value":"Additief"}]},{"code":"B","display":"Base","designation":[{"language":"de","value":"Basissubstanz"},{"language":"nl","value":"Basis"}]}]}