{"resourceType":"CodeSystem","id":"metric-operational-status","meta":{"lastUpdated":"2019-10-24T11:53:00+11:00"},"extension":[{"url":"http://hl7.org/fhir/StructureDefinition/structuredefinition-ballot-status","valueString":"Informative"},{"url":"http://hl7.org/fhir/StructureDefinition/structuredefinition-fmm","valueInteger":1},{"url":"http://hl7.org/fhir/StructureDefinition/structuredefinition-wg","valueCode":"dev"}],"url":"http://hl7.org/fhir/metric-operational-status","identifier":{"system":"urn:ietf:rfc:3986","value":"urn:oid:2.16.840.1.113883.4.642.1.631"},"version":"3.0.2","name":"DeviceMetricOperationalStatus","status":"draft","experimental":false,"date":"2019-10-24T11:53:00+11:00","publisher":"HL7 (FHIR Project)","contact":[{"telecom":[{"system":"url","value":"http://hl7.org/fhir"},{"system":"email","value":"fhir@lists.hl7.org"}]}],"description":"Describes the operational status of the DeviceMetric.","caseSensitive":true,"valueSet":"http://hl7.org/fhir/ValueSet/metric-operational-status","content":"complete","concept":[{"code":"on","display":"On","definition":"The DeviceMetric is operating and will generate DeviceObservations."},{"code":"off","display":"Off","definition":"The DeviceMetric is not operating."},{"code":"standby","display":"Standby","definition":"The DeviceMetric is operating, but will not generate any DeviceObservations."},{"code":"entered-in-error","display":"Entered In Error","definition":"The DeviceMetric was entered in error."}]}