{"resourceType":"CodeSystem","id":"fundsreserve","meta":{"lastUpdated":"2019-10-24T11:53:00+11:00","profile":["http://hl7.org/fhir/StructureDefinition/shareablecodesystem"]},"extension":[{"url":"http://hl7.org/fhir/StructureDefinition/structuredefinition-ballot-status","valueString":"Informative"},{"url":"http://hl7.org/fhir/StructureDefinition/structuredefinition-fmm","valueInteger":1},{"url":"http://hl7.org/fhir/StructureDefinition/structuredefinition-wg","valueCode":"fm"}],"url":"http://hl7.org/fhir/fundsreserve","identifier":{"system":"urn:ietf:rfc:3986","value":"urn:oid:2.16.840.1.113883.4.642.1.33"},"version":"3.0.2","name":"Funds Reservation Codes","status":"draft","experimental":true,"publisher":"Financial Management","contact":[{"telecom":[{"system":"url","value":"http://hl7.org/fhir"}]}],"description":"This value set includes sample funds reservation type codes.","copyright":"This is an example set.","caseSensitive":true,"valueSet":"http://hl7.org/fhir/ValueSet/fundsreserve","content":"complete","concept":[{"code":"patient","display":"Patient","definition":"The payor is requested to reserve funds for the provision of the named services by any provider for settlement of future claims related to this request."},{"code":"provider","display":"Provider","definition":"The payor is requested to reserve funds solely for the named provider for settlement of future claims related to this request."},{"code":"none","display":"None","definition":"The payor is not being requested to reserve any funds for the settlement of future claims."}]}