{"resourceType":"CodeSystem","id":"care-team-category","meta":{"lastUpdated":"2019-10-24T11:53:00+11:00"},"extension":[{"url":"http://hl7.org/fhir/StructureDefinition/structuredefinition-ballot-status","valueString":"Informative"},{"url":"http://hl7.org/fhir/StructureDefinition/structuredefinition-fmm","valueInteger":1},{"url":"http://hl7.org/fhir/StructureDefinition/structuredefinition-wg","valueCode":"pc"}],"url":"http://hl7.org/fhir/care-team-category","identifier":{"system":"urn:ietf:rfc:3986","value":"urn:oid:2.16.840.1.113883.4.642.1.147"},"version":"3.0.2","name":"CareTeamCategory","status":"draft","experimental":false,"date":"2019-10-24T11:53:00+11:00","publisher":"HL7 (FHIR Project)","contact":[{"telecom":[{"system":"url","value":"http://hl7.org/fhir"},{"system":"email","value":"fhir@lists.hl7.org"}]}],"description":"Indicates the type of care team.","caseSensitive":true,"valueSet":"http://hl7.org/fhir/ValueSet/care-team-category","content":"complete","concept":[{"code":"event","display":"Event","definition":"This type of team focuses on one specific type of incident, which is non-patient specific. The incident is determined by the context of use.  For example, code team (code red, code blue, medical emergency treatment) or the PICC line team."},{"code":"encounter","display":"Encounter","definition":"This type of team focuses on one specific encounter. The encounter is determined by the context of use.  For example, during an inpatient encounter, the nutrition support care team"},{"code":"episode","display":"Episode","definition":"This type of team focuses on one specific episode of care with a defined time period or self-limiting process (e.g. 10 visits). The episode of care is determined by the context of use.  For example, a maternity care team over 9 months."},{"code":"longitudinal","display":"Longitudinal Care Coordination","definition":"This type of team focuses on overall care coordination managing one or more conditions across the continuum of care ensuring there are smooth transitions of care. The members of the team are determined or selected by an individual or organization. When determined by an organization, the team may be assigned or based on the person's enrollment in a particular program. For example, disease management team or patient centered medical home team."},{"code":"condition","display":"Condition","definition":"This type of team focuses on one specific condition. The condition is determined by the context of use.  For example, a disease management team focused on one condition (e.g. diabetes)."},{"code":"clinical-research","display":"Clinical Research","definition":"This type of team is responsible for establishing, conducting, coordinating and monitoring the outcomes of clinical trials. The team focuses on research, clinical care and education."}]}