{"resourceType":"CodeSystem","id":"device-action","meta":{"lastUpdated":"2019-10-24T11:53:00+11:00","profile":["http://hl7.org/fhir/StructureDefinition/shareablecodesystem"]},"extension":[{"url":"http://hl7.org/fhir/StructureDefinition/structuredefinition-ballot-status","valueString":"Informative"},{"url":"http://hl7.org/fhir/StructureDefinition/structuredefinition-fmm","valueInteger":3},{"url":"http://hl7.org/fhir/StructureDefinition/structuredefinition-wg","valueCode":"pc"}],"url":"http://hl7.org/fhir/device-action","identifier":{"system":"urn:ietf:rfc:3986","value":"urn:oid:2.16.840.1.113883.4.642.1.417"},"version":"3.0.2","name":"Procedure Device Action Codes","status":"draft","experimental":true,"publisher":"HL7 International - Patient Care WG","contact":[{"telecom":[{"system":"url","value":"http://www.hl7.org/Special/committees/patientcare/"}]}],"description":"Example codes indicating the change that happened to the device during the procedure.  Note that these are in no way complete and may not even be appropriate for some uses.","copyright":"This value set includes content from SNOMED CT, which is copyright © 2002+ International Health Terminology Standards Development Organisation (IHTSDO), and distributed by agreement between IHTSDO and HL7. Implementer use of SNOMED CT is not covered by this agreement.","caseSensitive":true,"valueSet":"http://hl7.org/fhir/ValueSet/device-action","content":"complete","concept":[{"code":"implanted","display":"Implanted","definition":"The device was implanted in the patient during the procedure."},{"code":"explanted","display":"Explanted","definition":"The device was explanted from the patient during the procedure."},{"code":"manipulated","display":"Manipulated","definition":"The device remains in that patient, but its location, settings, or functionality was changed."}]}