{"resourceType":"CodeSystem","id":"specimen-status","meta":{"lastUpdated":"2019-10-24T11:53:00+11:00"},"extension":[{"url":"http://hl7.org/fhir/StructureDefinition/structuredefinition-ballot-status","valueString":"Informative"},{"url":"http://hl7.org/fhir/StructureDefinition/structuredefinition-fmm","valueInteger":2},{"url":"http://hl7.org/fhir/StructureDefinition/structuredefinition-wg","valueCode":"oo"}],"url":"http://hl7.org/fhir/specimen-status","identifier":{"system":"urn:ietf:rfc:3986","value":"urn:oid:2.16.840.1.113883.4.642.1.465"},"version":"3.0.2","name":"SpecimenStatus","status":"draft","experimental":false,"date":"2019-10-24T11:53:00+11:00","publisher":"HL7 (FHIR Project)","contact":[{"telecom":[{"system":"url","value":"http://hl7.org/fhir"},{"system":"email","value":"fhir@lists.hl7.org"}]}],"description":"Codes providing the status/availability of a specimen.","caseSensitive":true,"valueSet":"http://hl7.org/fhir/ValueSet/specimen-status","content":"complete","concept":[{"code":"available","display":"Available","definition":"The physical specimen is present and in good condition."},{"code":"unavailable","display":"Unavailable","definition":"There is no physical specimen because it is either lost, destroyed or consumed."},{"code":"unsatisfactory","display":"Unsatisfactory","definition":"The specimen cannot be used because of a quality issue such as a broken container, contamination, or too old."},{"code":"entered-in-error","display":"Entered-in-error","definition":"The specimen was entered in error and therefore nullified."}]}