{"resourceType":"CodeSystem","id":"v2-0202","meta":{"profile":["http://hl7.org/fhir/StructureDefinition/shareablecodesystem"]},"extension":[{"url":"http://hl7.org/fhir/StructureDefinition/structuredefinition-ballot-status","valueString":"External"},{"url":"http://hl7.org/fhir/StructureDefinition/structuredefinition-fmm","valueInteger":0}],"url":"http://hl7.org/fhir/v2/0202","identifier":{"system":"urn:ietf:rfc:3986","value":"urn:oid:2.16.840.1.113883.18.107"},"version":"2.8.2","name":"v2 Telecommunication Equipment Type","status":"active","experimental":false,"publisher":"HL7, Inc","contact":[{"telecom":[{"system":"url","value":"http://hl7.org"}]}],"description":"FHIR Value set/code system definition for HL7 v2 table 0202 ( Telecommunication Equipment Type)","caseSensitive":false,"valueSet":"http://hl7.org/fhir/ValueSet/v2-0202","content":"complete","concept":[{"code":"BP","display":"Beeper","designation":[{"language":"de","value":"Beeper/Pager"},{"language":"nl","value":"Beeper"}]},{"code":"CP","display":"Cellular or Mobile Phone","designation":[{"language":"de","value":"Mobiltelephon"},{"language":"nl","value":"Mobiel"}]},{"code":"FX","display":"Fax","designation":[{"language":"de","value":"Fax"},{"language":"nl","value":"Fax"}]},{"code":"Internet","display":"Internet Address","designation":[{"language":"de","value":"Internet"},{"language":"nl","value":"Internetadres"}]},{"code":"MD","display":"Modem","designation":[{"language":"de","value":"Modem"},{"language":"nl","value":"Modem"}]},{"code":"PH","display":"Telephone","designation":[{"language":"de","value":"Telephon"},{"language":"nl","value":"Telefoon"}]},{"code":"SAT","display":"Satellite Phone","designation":[{"language":"nl","value":"Satelliettelefoon"}]},{"code":"TDD","display":"Telecommunications Device for the Deaf","designation":[{"language":"nl","value":"Telecommunicatie-apparaat voor doven"}]},{"code":"TTY","display":"Teletypewriter","designation":[{"language":"nl","value":"Teletypewriter"}]},{"code":"X.400","display":"X.400 email address","designation":[{"language":"de","value":"X.400-Nummer"},{"language":"nl","value":"X.400 e-mailadres"}]}]}