{"resourceType":"CodeSystem","id":"device-status","meta":{"lastUpdated":"2019-10-24T11:53:00+11:00"},"extension":[{"url":"http://hl7.org/fhir/StructureDefinition/structuredefinition-ballot-status","valueString":"Informative"},{"url":"http://hl7.org/fhir/StructureDefinition/structuredefinition-fmm","valueInteger":2},{"url":"http://hl7.org/fhir/StructureDefinition/structuredefinition-wg","valueCode":"oo"}],"url":"http://hl7.org/fhir/device-status","identifier":{"system":"urn:ietf:rfc:3986","value":"urn:oid:2.16.840.1.113883.4.642.1.200"},"version":"3.0.2","name":"FHIRDeviceStatus","status":"draft","experimental":false,"date":"2019-10-24T11:53:00+11:00","publisher":"HL7 (FHIR Project)","contact":[{"telecom":[{"system":"url","value":"http://hl7.org/fhir"},{"system":"email","value":"fhir@lists.hl7.org"}]}],"description":"The availability status of the device.","caseSensitive":true,"valueSet":"http://hl7.org/fhir/ValueSet/device-status","content":"complete","concept":[{"code":"active","display":"Active","definition":"The Device is available for use.  Note: This means for *implanted devices*  the device is implanted in the patient."},{"code":"inactive","display":"Inactive","definition":"The Device is no longer available for use (e.g. lost, expired, damaged).  Note: This means for *implanted devices*  the device has been removed from the patient."},{"code":"entered-in-error","display":"Entered in Error","definition":"The Device was entered in error and voided."},{"code":"unknown","display":"Unknown","definition":"The status of the device has not been determined."}]}