{"resourceType":"CodeSystem","id":"resource-aggregation-mode","meta":{"lastUpdated":"2019-10-24T11:53:00+11:00"},"extension":[{"url":"http://hl7.org/fhir/StructureDefinition/structuredefinition-ballot-status","valueString":"Informative"},{"url":"http://hl7.org/fhir/StructureDefinition/structuredefinition-fmm","valueInteger":0},{"url":"http://hl7.org/fhir/StructureDefinition/structuredefinition-wg","valueCode":"fhir"}],"url":"http://hl7.org/fhir/resource-aggregation-mode","identifier":{"system":"urn:ietf:rfc:3986","value":"urn:oid:2.16.840.1.113883.4.642.1.79"},"version":"3.0.2","name":"AggregationMode","status":"draft","experimental":false,"date":"2019-10-24T11:53:00+11:00","publisher":"HL7 (FHIR Project)","contact":[{"telecom":[{"system":"url","value":"http://hl7.org/fhir"},{"system":"email","value":"fhir@lists.hl7.org"}]}],"description":"How resource references can be aggregated.","caseSensitive":true,"valueSet":"http://hl7.org/fhir/ValueSet/resource-aggregation-mode","content":"complete","concept":[{"code":"contained","display":"Contained","definition":"The reference is a local reference to a contained resource."},{"code":"referenced","display":"Referenced","definition":"The reference to a resource that has to be resolved externally to the resource that includes the reference.","concept":[{"code":"bundled","display":"Bundled","definition":"The resource the reference points to will be found in the same bundle as the resource that includes the reference."}]}]}