{"resourceType":"CodeSystem","id":"consent-data-meaning","meta":{"lastUpdated":"2019-10-24T11:53:00+11:00"},"extension":[{"url":"http://hl7.org/fhir/StructureDefinition/structuredefinition-ballot-status","valueString":"Informative"},{"url":"http://hl7.org/fhir/StructureDefinition/structuredefinition-fmm","valueInteger":1},{"url":"http://hl7.org/fhir/StructureDefinition/structuredefinition-wg","valueCode":"cbcc"}],"url":"http://hl7.org/fhir/consent-data-meaning","identifier":{"system":"urn:ietf:rfc:3986","value":"urn:oid:2.16.840.1.113883.4.642.1.744"},"version":"3.0.2","name":"ConsentDataMeaning","status":"draft","experimental":false,"date":"2019-10-24T11:53:00+11:00","publisher":"HL7 (FHIR Project)","contact":[{"telecom":[{"system":"url","value":"http://hl7.org/fhir"},{"system":"email","value":"fhir@lists.hl7.org"}]}],"description":"How a resource reference is interpreted when testing consent restrictions","caseSensitive":true,"valueSet":"http://hl7.org/fhir/ValueSet/consent-data-meaning","content":"complete","concept":[{"code":"instance","display":"Instance","definition":"The consent applies directly to the instance of the resource"},{"code":"related","display":"Related","definition":"The consent applies directly to the instance of the resource and instances it refers to"},{"code":"dependents","display":"Dependents","definition":"The consent applies directly to the instance of the resource and instances that refer to it"},{"code":"authoredby","display":"AuthoredBy","definition":"The consent applies to instances of resources that are authored by"}]}