{"resourceType":"CodeSystem","id":"request-intent","meta":{"lastUpdated":"2019-10-24T11:53:00+11:00"},"extension":[{"url":"http://hl7.org/fhir/StructureDefinition/structuredefinition-ballot-status","valueString":"Informative"},{"url":"http://hl7.org/fhir/StructureDefinition/structuredefinition-fmm","valueInteger":3},{"url":"http://hl7.org/fhir/StructureDefinition/structuredefinition-wg","valueCode":"oo"}],"url":"http://hl7.org/fhir/request-intent","identifier":{"system":"urn:ietf:rfc:3986","value":"urn:oid:2.16.840.1.113883.4.642.1.105"},"version":"3.0.2","name":"RequestIntent","status":"draft","experimental":false,"date":"2019-10-24T11:53:00+11:00","publisher":"HL7 (FHIR Project)","contact":[{"telecom":[{"system":"url","value":"http://hl7.org/fhir"},{"system":"email","value":"fhir@lists.hl7.org"}]}],"description":"Codes indicating the degree of authority/intentionality associated with a request","caseSensitive":true,"valueSet":"http://hl7.org/fhir/ValueSet/request-intent","content":"complete","concept":[{"code":"proposal","display":"Proposal","definition":"The request is a suggestion made by someone/something that doesn't have an intention to ensure it occurs and without providing an authorization to act"},{"code":"plan","display":"Plan","definition":"The request represents an intension to ensure something occurs without providing an authorization for others to act"},{"code":"order","display":"Order","definition":"The request represents a request/demand and authorization for action","concept":[{"code":"original-order","display":"Original Order","definition":"The request represents an original authorization for action"},{"code":"reflex-order","display":"Reflex Order","definition":"The request represents an automatically generated supplemental authorization for action based on a parent authorization together with initial results of the action taken against that parent authorization"},{"code":"filler-order","display":"Filler Order","definition":"The request represents the view of an authorization instantiated by a fulfilling system representing the details of the fulfiller's intention to act upon a submitted order","concept":[{"code":"instance-order","display":"Instance Order","definition":"An order created in fulfillment of a broader order that represents the authorization for a single activity occurrence.  E.g. The administration of a single dose of a drug."}]}]},{"code":"option","display":"Option","definition":"The request represents a component or option for a RequestGroup that establishes timing, conditionality and/or other constraints among a set of requests.\n\nRefer to [[[RequestGroup]]] for additional information on how this status is used"}]}