{"resourceType":"CodeSystem","id":"question-max-occurs","meta":{"lastUpdated":"2019-10-24T11:53:00+11:00"},"extension":[{"url":"http://hl7.org/fhir/StructureDefinition/structuredefinition-ballot-status","valueString":"Informative"},{"url":"http://hl7.org/fhir/StructureDefinition/structuredefinition-fmm","valueInteger":0}],"url":"http://hl7.org/fhir/question-max-occurs","identifier":{"system":"urn:ietf:rfc:3986","value":"urn:oid:2.16.840.1.113883.4.642.1.847"},"version":"3.0.2","name":"MaxOccurs","status":"draft","experimental":false,"date":"2019-10-24T11:53:00+11:00","publisher":"HL7 (FHIR Project)","contact":[{"telecom":[{"system":"url","value":"http://hl7.org/fhir"},{"system":"email","value":"fhir@lists.hl7.org"}]}],"description":"Flags an element as having unlimited repetitions","caseSensitive":true,"valueSet":"http://hl7.org/fhir/ValueSet/question-max-occurs","content":"complete","concept":[{"code":"*","display":"Repeating","definition":"Element can repeat an unlimited number of times"}]}