{"resourceType":"CodeSystem","id":"service-provision-conditions","meta":{"lastUpdated":"2019-10-24T11:53:00+11:00"},"extension":[{"url":"http://hl7.org/fhir/StructureDefinition/structuredefinition-ballot-status","valueString":"Informative"},{"url":"http://hl7.org/fhir/StructureDefinition/structuredefinition-fmm","valueInteger":1},{"url":"http://hl7.org/fhir/StructureDefinition/structuredefinition-wg","valueCode":"pa"}],"url":"http://hl7.org/fhir/service-provision-conditions","identifier":{"system":"urn:ietf:rfc:3986","value":"urn:oid:2.16.840.1.113883.4.642.1.509"},"version":"3.0.2","name":"ServiceProvisionConditions","status":"draft","experimental":false,"date":"2019-10-24T11:53:00+11:00","publisher":"HL7 (FHIR Project)","contact":[{"telecom":[{"system":"url","value":"http://hl7.org/fhir"},{"system":"email","value":"fhir@lists.hl7.org"}]}],"description":"The code(s) that detail the conditions under which the healthcare service is available/offered.","caseSensitive":true,"valueSet":"http://hl7.org/fhir/ValueSet/service-provision-conditions","content":"complete","concept":[{"code":"free","display":"Free","definition":"This service is available for no patient cost."},{"code":"disc","display":"Discounts Available","definition":"There are discounts available on this service for qualifying patients."},{"code":"cost","display":"Fees apply","definition":"Fees apply for this service."}]}