{"resourceType":"CodeSystem","id":"v2-0177","meta":{"profile":["http://hl7.org/fhir/StructureDefinition/shareablecodesystem"]},"extension":[{"url":"http://hl7.org/fhir/StructureDefinition/structuredefinition-ballot-status","valueString":"External"},{"url":"http://hl7.org/fhir/StructureDefinition/structuredefinition-fmm","valueInteger":0}],"url":"http://hl7.org/fhir/v2/0177","identifier":{"system":"urn:ietf:rfc:3986","value":"urn:oid:2.16.840.1.113883.18.92"},"version":"2.8.2","name":"v2 Confidentiality Code","status":"active","experimental":false,"publisher":"HL7, Inc","contact":[{"telecom":[{"system":"url","value":"http://hl7.org"}]}],"description":"FHIR Value set/code system definition for HL7 v2 table 0177 ( Confidentiality Code)","caseSensitive":false,"valueSet":"http://hl7.org/fhir/ValueSet/v2-0177","content":"complete","concept":[{"code":"AID","display":"AIDS patient","designation":[{"language":"de","value":"AIDS-Patient"},{"language":"nl","value":"AIDS-patiënt"}]},{"code":"EMP","display":"Employee","designation":[{"language":"de","value":"Mitarbeiter"},{"language":"nl","value":"Werknemer"}]},{"code":"ETH","display":"Alcohol/drug treatment patient","designation":[{"language":"de","value":"Alkohol-/medikamentenabhängiger Patient"},{"language":"nl","value":"Alcohol-/drugstherapie patiënt"}]},{"code":"HIV","display":"HIV(+) patient","designation":[{"language":"de","value":"HIV-positiver Patient"},{"language":"nl","value":"HIV(+)-patiënt"}]},{"code":"PSY","display":"Psychiatric patient","designation":[{"language":"de","value":"Psychatriepatient"},{"language":"nl","value":"Psychiatrisch patiënt"}]},{"code":"R","display":"Restricted","designation":[{"language":"de","value":"vertraulich"},{"language":"nl","value":"Beperkt"}]},{"code":"U","display":"Usual control","designation":[{"language":"de","value":"normaler Zugriff"},{"language":"nl","value":"Gebruikelijke waarde"}]},{"code":"UWM","display":"Unwed mother","designation":[{"language":"de","value":"unverheiratete Mutter"},{"language":"nl","value":"Ongehuwde moeder"}]},{"code":"V","display":"Very restricted","designation":[{"language":"de","value":"streng vertraulich"},{"language":"nl","value":"Zeer beperkt"}]},{"code":"VIP","display":"Very important person or celebrity","designation":[{"language":"de","value":"VIP"},{"language":"nl","value":"Belangrijk persoon of beroemdheid"}]}]}