{"resourceType":"CodeSystem","id":"v2-0091","meta":{"profile":["http://hl7.org/fhir/StructureDefinition/shareablecodesystem"]},"extension":[{"url":"http://hl7.org/fhir/StructureDefinition/structuredefinition-ballot-status","valueString":"External"},{"url":"http://hl7.org/fhir/StructureDefinition/structuredefinition-fmm","valueInteger":0}],"url":"http://hl7.org/fhir/v2/0091","identifier":{"system":"urn:ietf:rfc:3986","value":"urn:oid:2.16.840.1.113883.18.35"},"version":"2.8.2","name":"v2 Query Priority","status":"active","experimental":false,"publisher":"HL7, Inc","contact":[{"telecom":[{"system":"url","value":"http://hl7.org"}]}],"description":"FHIR Value set/code system definition for HL7 v2 table 0091 ( Query Priority)","caseSensitive":false,"valueSet":"http://hl7.org/fhir/ValueSet/v2-0091","content":"complete","concept":[{"code":"D","display":"Deferred","designation":[{"language":"de","value":"Zeitverzögert"},{"language":"nl","value":"Uitgesteld"}]},{"code":"I","display":"Immediate","designation":[{"language":"de","value":"Sofort"},{"language":"nl","value":"Onmiddellijk"}]}]}