{"resourceType":"CodeSystem","id":"ex-diagnosisrelatedgroup","meta":{"lastUpdated":"2019-10-24T11:53:00+11:00","profile":["http://hl7.org/fhir/StructureDefinition/shareablecodesystem"]},"extension":[{"url":"http://hl7.org/fhir/StructureDefinition/structuredefinition-ballot-status","valueString":"Informative"},{"url":"http://hl7.org/fhir/StructureDefinition/structuredefinition-fmm","valueInteger":1},{"url":"http://hl7.org/fhir/StructureDefinition/structuredefinition-wg","valueCode":"fm"}],"url":"http://hl7.org/fhir/ex-diagnosisrelatedgroup","identifier":{"system":"urn:ietf:rfc:3986","value":"urn:oid:2.16.840.1.113883.4.642.1.581"},"version":"3.0.2","name":"Example Diagnosis Related Group Codes","status":"draft","experimental":true,"publisher":"Financial Management","contact":[{"telecom":[{"system":"url","value":"http://hl7.org/fhir"}]}],"description":"This value set includes example Diagnosis Related Group codes.","copyright":"This is an example set.","caseSensitive":true,"valueSet":"http://hl7.org/fhir/ValueSet/ex-diagnosisrelatedgroup","content":"complete","concept":[{"code":"100","display":"Normal Vaginal Delivery","definition":"Normal Vaginal Delivery."},{"code":"101","display":"Appendectomy - uncomplicated","definition":"Appendectomy without rupture or other complications."},{"code":"300","display":"Tooth abcess","definition":"Emergency department treatment of a tooth abcess."},{"code":"400","display":"Head trauma - concussion","definition":"Head trauma - concussion."}]}