{"resourceType":"CodeSystem","id":"research-study-status","meta":{"lastUpdated":"2019-10-24T11:53:00+11:00"},"extension":[{"url":"http://hl7.org/fhir/StructureDefinition/structuredefinition-ballot-status","valueString":"Informative"},{"url":"http://hl7.org/fhir/StructureDefinition/structuredefinition-fmm","valueInteger":0},{"url":"http://hl7.org/fhir/StructureDefinition/structuredefinition-wg","valueCode":"rcrim"}],"url":"http://hl7.org/fhir/research-study-status","identifier":{"system":"urn:ietf:rfc:3986","value":"urn:oid:2.16.840.1.113883.4.642.1.803"},"version":"3.0.2","name":"ResearchStudyStatus","status":"draft","experimental":false,"date":"2019-10-24T11:53:00+11:00","publisher":"HL7 (FHIR Project)","contact":[{"telecom":[{"system":"url","value":"http://hl7.org/fhir"},{"system":"email","value":"fhir@lists.hl7.org"}]}],"description":"Codes that convey the current status of the research study","caseSensitive":true,"valueSet":"http://hl7.org/fhir/ValueSet/research-study-status","content":"complete","concept":[{"code":"draft","display":"Draft","definition":"The study is undergoing design but the process of selecting study subjects and capturing data has not yet begun."},{"code":"in-progress","display":"In-progress","definition":"The study is currently being executed"},{"code":"suspended","display":"Suspended","definition":"Execution of the study has been temporarily paused"},{"code":"stopped","display":"Stopped","definition":"The study was terminated prior to the final determination of results"},{"code":"completed","display":"Completed","definition":"The information sought by the study has been gathered and compiled and no further work is being performed"},{"code":"entered-in-error","display":"Entered in error","definition":"This study never actually existed.  The record is retained for tracking purposes in the event decisions may have been made based on this erroneous information."}]}