{"resourceType":"CodeSystem","id":"v2-0130","meta":{"profile":["http://hl7.org/fhir/StructureDefinition/shareablecodesystem"]},"extension":[{"url":"http://hl7.org/fhir/StructureDefinition/structuredefinition-ballot-status","valueString":"External"},{"url":"http://hl7.org/fhir/StructureDefinition/structuredefinition-fmm","valueInteger":0}],"url":"http://hl7.org/fhir/v2/0130","identifier":{"system":"urn:ietf:rfc:3986","value":"urn:oid:2.16.840.1.113883.18.56"},"version":"2.8.2","name":"v2 Visit User Code","status":"active","experimental":false,"publisher":"HL7, Inc","contact":[{"telecom":[{"system":"url","value":"http://hl7.org"}]}],"description":"FHIR Value set/code system definition for HL7 v2 table 0130 ( Visit User Code)","caseSensitive":false,"valueSet":"http://hl7.org/fhir/ValueSet/v2-0130","content":"complete","concept":[{"code":"HO","display":"Home","designation":[{"language":"nl","value":"Thuis"}]},{"code":"MO","display":"Mobile Unit","designation":[{"language":"nl","value":"Mobiele eenheid"}]},{"code":"PH","display":"Phone","designation":[{"language":"nl","value":"Telefoon"}]},{"code":"TE","display":"Teaching","designation":[{"language":"nl","value":"Geeft onderwijs"}]}]}