{"resourceType":"CodeSystem","id":"quality-type","meta":{"lastUpdated":"2019-10-24T11:53:00+11:00"},"extension":[{"url":"http://hl7.org/fhir/StructureDefinition/structuredefinition-ballot-status","valueString":"Informative"},{"url":"http://hl7.org/fhir/StructureDefinition/structuredefinition-fmm","valueInteger":1},{"url":"http://hl7.org/fhir/StructureDefinition/structuredefinition-wg","valueCode":"cg"}],"url":"http://hl7.org/fhir/quality-type","identifier":{"system":"urn:ietf:rfc:3986","value":"urn:oid:2.16.840.1.113883.4.642.1.224"},"version":"3.0.2","name":"qualityType","status":"draft","experimental":false,"date":"2019-10-24T11:53:00+11:00","publisher":"HL7 (FHIR Project)","contact":[{"telecom":[{"system":"url","value":"http://hl7.org/fhir"},{"system":"email","value":"fhir@lists.hl7.org"}]}],"description":"Type for quality report","caseSensitive":true,"valueSet":"http://hl7.org/fhir/ValueSet/quality-type","content":"complete","concept":[{"code":"indel","display":"INDEL Comparison","definition":"INDEL Comparison"},{"code":"snp","display":"SNP Comparison","definition":"SNP Comparison"},{"code":"unknown","display":"UNKNOWN Comparison","definition":"UNKNOWN Comparison"}]}