{"resourceType":"CodeSystem","id":"v2-0163","meta":{"profile":["http://hl7.org/fhir/StructureDefinition/shareablecodesystem"]},"extension":[{"url":"http://hl7.org/fhir/StructureDefinition/structuredefinition-ballot-status","valueString":"External"},{"url":"http://hl7.org/fhir/StructureDefinition/structuredefinition-fmm","valueInteger":0}],"url":"http://hl7.org/fhir/v2/0163","identifier":{"system":"urn:ietf:rfc:3986","value":"urn:oid:2.16.840.1.113883.18.81"},"version":"2.8.2","name":"v2 Body Site","status":"active","experimental":false,"publisher":"HL7, Inc","contact":[{"telecom":[{"system":"url","value":"http://hl7.org"}]}],"description":"FHIR Value set/code system definition for HL7 v2 table 0163 ( Body Site)","caseSensitive":false,"valueSet":"http://hl7.org/fhir/ValueSet/v2-0163","content":"complete","property":[{"code":"deprecated","uri":"http://hl7.org/fhir/concept-properties#deprecated","description":"The date at which a concept was deprecated. Concepts that are deprecated but not inactive can still be used, but their use is discouraged","type":"dateTime"}],"concept":[{"code":"BE","display":"Bilateral Ears","designation":[{"language":"de","value":"Beide Ohren"},{"language":"nl","value":"Beide oren"}]},{"code":"BN","display":"Bilateral Nares","designation":[{"language":"de","value":"Beide Nasenlöcher"},{"language":"nl","value":"Beide neusgaten"}]},{"code":"BU","display":"Buttock","designation":[{"language":"de","value":"Gesäß"},{"language":"nl","value":"Bil"}]},{"code":"CT","display":"Chest Tube","designation":[{"language":"de","value":"Tubus"},{"language":"nl","value":"Borst slang"}]},{"code":"LA","display":"Left Arm","designation":[{"language":"de","value":"linker Arm"},{"language":"nl","value":"Linker arm"}]},{"code":"LAC","display":"Left Anterior Chest","designation":[{"language":"de","value":"Linker vorderer Thorax"},{"language":"nl","value":"Linker anterior borst"}]},{"code":"LACF","display":"Left Antecubital Fossa","designation":[{"language":"de","value":"Linke Fossa antecubitalis"},{"language":"nl","value":"Linker antecubitale fossa"}]},{"code":"LD","display":"Left Deltoid","designation":[{"language":"de","value":"Linker Deltoideus"},{"language":"nl","value":"Linker deltoideus"}]},{"code":"LE","display":"Left Ear","designation":[{"language":"de","value":"linkes Ohr"},{"language":"nl","value":"Linker oor"}]},{"code":"LEJ","display":"Left External Jugular","designation":[{"language":"de","value":"Linke Vena jugularis externa"},{"language":"nl","value":"Linker uitwendige jugularis"}]},{"code":"LF","display":"Left Foot","designation":[{"language":"de","value":"linker Fuß"},{"language":"nl","value":"Linker voet"}]},{"code":"LG","display":"Left Gluteus Medius","designation":[{"language":"de","value":"Linker Glutäus maximus"},{"language":"nl","value":"Linker glutaeus medius"}]},{"code":"LH","display":"Left Hand","designation":[{"language":"de","value":"linke Hand"},{"language":"nl","value":"Linker hand"}]},{"code":"LIJ","display":"Left Internal Jugular","designation":[{"language":"de","value":"Linke Vena jugularis interna"},{"language":"nl","value":"Linker inwendige jugularis"}]},{"code":"LLAQ","display":"Left Lower Abd Quadrant","designation":[{"language":"de","value":"Linker unterer Quadrant Abdomen"},{"language":"nl","value":"Linker onderste abdomen quadrant"}]},{"code":"LLFA","display":"Left Lower Forearm","designation":[{"language":"de","value":"Linker Unterarm (unten)"},{"language":"nl","value":"Linker onderste onderarm"}]},{"code":"LMFA","display":"Left Mid Forearm","designation":[{"language":"de","value":"Linker Unterarm (Mitte)"},{"language":"nl","value":"Linker mid onderarm"}]},{"code":"LN","display":"Left Naris","designation":[{"language":"de","value":"Linkes Nasenloch"},{"language":"nl","value":"Linker neusgat"}]},{"code":"LNB","display":"Nebulized","designation":[{"language":"nl","value":"Verneveld"}],"property":[{"code":"deprecated","valueDateTime":"1997-03"}]},{"code":"LPC","display":"Left Posterior Chest","designation":[{"language":"de","value":"Linker hinterer Thorax"},{"language":"nl","value":"Linker posterior borst"}]},{"code":"LSC","display":"Left Subclavian","designation":[{"language":"de","value":"Linke Subclavia"},{"language":"nl","value":"Linker subclavia"}]},{"code":"LT","display":"Left Thigh","designation":[{"language":"de","value":"Linker Oberschenkel"},{"language":"nl","value":"Linker dij"}]},{"code":"LUA","display":"Left Upper Arm","designation":[{"language":"de","value":"Linker Oberarm"},{"language":"nl","value":"Linker bovenarm"}]},{"code":"LUAQ","display":"Left Upper Abd Quadrant","designation":[{"language":"de","value":"Linker oberer Quadrant Abdomen"},{"language":"nl","value":"Linker bovenste abdomen quadrant"}]},{"code":"LUFA","display":"Left Upper Forearm","designation":[{"language":"de","value":"Linker Unterarm (oben)"},{"language":"nl","value":"Linker bovenste onderarm"}]},{"code":"LV","display":"Left Vastus Lateralis","designation":[{"language":"nl","value":"Linker vastus lateralis"}],"property":[{"code":"deprecated","valueDateTime":"1997-03"}]},{"code":"LVG","display":"Left Ventragluteal","designation":[{"language":"de","value":"Linke Bauch- / Glutealgegend"},{"language":"nl","value":"Linker ventragluteaal"}]},{"code":"LVL","display":"Left Vastus Lateralis","designation":[{"language":"de","value":"Linker Musculus vastus lateralis (Offiziersstreifen)"},{"language":"nl","value":"Linker vastus lateralis"}]},{"code":"NB","display":"Nebulized","designation":[{"language":"de","value":"Vernebelt"},{"language":"nl","value":"Verneveld"}]},{"code":"OD","display":"Right Eye","designation":[{"language":"de","value":"rechtes Auge"},{"language":"nl","value":"Rechter oog"}]},{"code":"OS","display":"Left Eye","designation":[{"language":"de","value":"linkes Auge"},{"language":"nl","value":"Linker oog"}]},{"code":"OU","display":"Bilateral Eyes","designation":[{"language":"de","value":"Beide Augen"},{"language":"nl","value":"Beide ogen"}]},{"code":"PA","display":"Perianal","designation":[{"language":"de","value":"Perianal"},{"language":"nl","value":"Perianaal"}]},{"code":"PERIN","display":"Perineal","designation":[{"language":"de","value":"Perineum / Dammbereich"},{"language":"nl","value":"Perineaal"}]},{"code":"RA","display":"Right Arm","designation":[{"language":"de","value":"Rechter Arm"},{"language":"nl","value":"Rechter arm"}]},{"code":"RAC","display":"Right Anterior Chest","designation":[{"language":"de","value":"Rechter vorderer Thorax"},{"language":"nl","value":"Rechter anterior borst"}]},{"code":"RACF","display":"Right Antecubital Fossa","designation":[{"language":"de","value":"Rechte Fossa antecubitalis"},{"language":"nl","value":"Rechter antecubitale fossa"}]},{"code":"RD","display":"Right Deltoid","designation":[{"language":"de","value":"Rechter Deltoideus"},{"language":"nl","value":"Rechter deltoideus"}]},{"code":"RE","display":"Right Ear","designation":[{"language":"de","value":"Rechtes Ohr"},{"language":"nl","value":"Rechter oor"}]},{"code":"REJ","display":"Right External Jugular","designation":[{"language":"de","value":"Rechte Vena jugularis externa"},{"language":"nl","value":"Rechter uitwendige jugularis"}]},{"code":"RF","display":"Right Foot","designation":[{"language":"de","value":"Rechter Fuß"},{"language":"nl","value":"Rechter voet"}]},{"code":"RG","display":"Right Gluteus Medius","designation":[{"language":"de","value":"Rechter Glutäus maximus"},{"language":"nl","value":"Rechter gluteus medius"}]},{"code":"RH","display":"Right Hand","designation":[{"language":"de","value":"Rechte Hand"},{"language":"nl","value":"Rechter hand"}]},{"code":"RIJ","display":"Right Internal Jugular","designation":[{"language":"de","value":"Rechte Vena jugularis interna"},{"language":"nl","value":"Rechter inwendige jugularis"}]},{"code":"RLAQ","display":"Rt Lower Abd Quadrant","designation":[{"language":"de","value":"Rechter unterer Quadrant Abdomen"},{"language":"nl","value":"Rechter onderste abdomen quadrant"}]},{"code":"RLFA","display":"Right Lower Forearm","designation":[{"language":"de","value":"Rechter Unterarm (unten)"},{"language":"nl","value":"Rechter onderste onderarm"}]},{"code":"RMFA","display":"Right Mid Forearm","designation":[{"language":"de","value":"Rechter Unterarm (Mitte)"},{"language":"nl","value":"Rechter mid onderarm"}]},{"code":"RN","display":"Right Naris","designation":[{"language":"de","value":"Rechtes Nasenloch"},{"language":"nl","value":"Rechter neusgat"}]},{"code":"RPC","display":"Right Posterior Chest","designation":[{"language":"de","value":"Rechter hinterer Thorax"},{"language":"nl","value":"Rechter posterior borst"}]},{"code":"RSC","display":"Right Subclavian","designation":[{"language":"de","value":"Rechte Subclavia"},{"language":"nl","value":"Rechter subclavia"}]},{"code":"RT","display":"Right Thigh","designation":[{"language":"de","value":"Rechter Oberschenkel"},{"language":"nl","value":"Rechter dij"}]},{"code":"RUA","display":"Right Upper Arm","designation":[{"language":"de","value":"Rechter Oberarm"},{"language":"nl","value":"Rechter bovenarm"}]},{"code":"RUAQ","display":"Right Upper Abd Quadrant","designation":[{"language":"de","value":"Rechter oberer Quadrant Abdomen"},{"language":"nl","value":"Rechter bovenste abdomen quadrant"}]},{"code":"RUFA","display":"Right Upper Forearm","designation":[{"language":"de","value":"Rechter Unterarm (oben)"},{"language":"nl","value":"Rechter bovenste onderarm"}]},{"code":"RVG","display":"Right Ventragluteal","designation":[{"language":"de","value":"Rechte Bauch- / Glutealgegend"},{"language":"nl","value":"Rechter ventragluteaal"}]},{"code":"RVL","display":"Right Vastus Lateralis","designation":[{"language":"de","value":"Rechter Musculus vastus lateralis (Offiziersstreifen)"},{"language":"nl","value":"Rechter vastus lateralis"}]}]}