{"resourceType":"CodeSystem","id":"summary","meta":{"lastUpdated":"2019-10-24T11:53:00+11:00"},"url":"http://hl7.org/fhir/CodeSystem/summary","name":"Code system summary example for ACME body sites","status":"draft","experimental":true,"publisher":"HL7 International","contact":[{"name":"FHIR project team","telecom":[{"system":"url","value":"http://hl7.org/fhir"}]}],"description":"This is an example code system summary for the ACME codes for body site.","useContext":[{"code":{"system":"http://example.org/CodeSystem/contexttype","code":"species"},"valueCodeableConcept":{"coding":[{"system":"http://snomed.info/sct","code":"337915000","display":"Homo sapiens (organism)"}]}}],"jurisdiction":[{"coding":[{"system":"urn:iso:std:iso:3166","code":"CA"}]}],"caseSensitive":true,"content":"not-present","count":92}