{"resourceType":"CodeSystem","id":"v2-0066","meta":{"profile":["http://hl7.org/fhir/StructureDefinition/shareablecodesystem"]},"extension":[{"url":"http://hl7.org/fhir/StructureDefinition/structuredefinition-ballot-status","valueString":"External"},{"url":"http://hl7.org/fhir/StructureDefinition/structuredefinition-fmm","valueInteger":0}],"url":"http://hl7.org/fhir/v2/0066","identifier":{"system":"urn:ietf:rfc:3986","value":"urn:oid:2.16.840.1.113883.18.26"},"version":"2.8.2","name":"v2 Employment Status","status":"active","experimental":false,"publisher":"HL7, Inc","contact":[{"telecom":[{"system":"url","value":"http://hl7.org"}]}],"description":"FHIR Value set/code system definition for HL7 v2 table 0066 ( Employment Status)","caseSensitive":false,"valueSet":"http://hl7.org/fhir/ValueSet/v2-0066","content":"complete","property":[{"code":"deprecated","uri":"http://hl7.org/fhir/concept-properties#deprecated","description":"The date at which a concept was deprecated. Concepts that are deprecated but not inactive can still be used, but their use is discouraged","type":"dateTime"}],"concept":[{"code":"...","display":"see chapter 6","designation":[{"language":"nl","value":"zie hoofdstuk 6"}],"property":[{"code":"deprecated","valueDateTime":"2007-10"}]},{"code":"1","display":"Full time employed","designation":[{"language":"nl","value":"Voltijd baan"}]},{"code":"2","display":"Part time employed","designation":[{"language":"nl","value":"Parttime baan"}]},{"code":"3","display":"Unemployed","designation":[{"language":"nl","value":"Werkloos"}]},{"code":"4","display":"Self-employed,","designation":[{"language":"nl","value":"Zelfstandige"}]},{"code":"5","display":"Retired","designation":[{"language":"nl","value":"Gepensioneerd"}]},{"code":"6","display":"On active military duty","designation":[{"language":"nl","value":"In actieve militaire dienst"}]},{"code":"9","display":"Unknown","designation":[{"language":"de","value":"unbekannt"},{"language":"nl","value":"Onbekend"}]},{"code":"C","display":"Contract, per diem","designation":[{"language":"nl","value":"Contract, per diem"}]},{"code":"D","display":"Per Diem","designation":[{"language":"nl","value":"Per diem"}],"property":[{"code":"deprecated","valueDateTime":"2000-11"}]},{"code":"F","display":"Full Time","designation":[{"language":"nl","value":"Voltijd"}],"property":[{"code":"deprecated","valueDateTime":"2000-11"}]},{"code":"L","display":"Leave of absence (e.g. family leave, sabbatical, etc.)","designation":[{"language":"nl","value":"Verlof (bijv. familieomstandigheden, sabbatical, etc.)"}]},{"code":"O","display":"Other","designation":[{"language":"nl","value":"Anders"}]},{"code":"P","display":"Part Time","designation":[{"language":"nl","value":"Parttime"}],"property":[{"code":"deprecated","valueDateTime":"2000-11"}]},{"code":"T","display":"Temporarily unemployed","designation":[{"language":"nl","value":"Tijdelijk werkloos"}]}]}