{"resourceType":"CodeSystem","id":"task-status","meta":{"lastUpdated":"2019-10-24T11:53:00+11:00"},"extension":[{"url":"http://hl7.org/fhir/StructureDefinition/structuredefinition-ballot-status","valueString":"Informative"},{"url":"http://hl7.org/fhir/StructureDefinition/structuredefinition-fmm","valueInteger":2},{"url":"http://hl7.org/fhir/StructureDefinition/structuredefinition-wg","valueCode":"oo"}],"url":"http://hl7.org/fhir/task-status","identifier":{"system":"urn:ietf:rfc:3986","value":"urn:oid:2.16.840.1.113883.4.642.1.774"},"version":"3.0.2","name":"TaskStatus","status":"draft","experimental":false,"date":"2019-10-24T11:53:00+11:00","publisher":"HL7 (FHIR Project)","contact":[{"telecom":[{"system":"url","value":"http://hl7.org/fhir"},{"system":"email","value":"fhir@lists.hl7.org"}]}],"description":"The current status of the task.","caseSensitive":true,"valueSet":"http://hl7.org/fhir/ValueSet/task-status","content":"complete","concept":[{"code":"draft","display":"Draft","definition":"The task is not yet ready to be acted upon."},{"code":"requested","display":"Requested","definition":"The task is ready to be acted upon and action is sought."},{"code":"received","display":"Received","definition":"A potential performer has claimed ownership of the task and is evaluating whether to perform it."},{"code":"accepted","display":"Accepted","definition":"The potential performer has agreed to execute the task but has not yet started work."},{"code":"rejected","display":"Rejected","definition":"The potential performer who claimed ownership of the task has decided not to execute it prior to performing any action."},{"code":"ready","display":"Ready","definition":"Task is ready to be performed, but no action has yet been taken.  Used in place of requested/received/accepted/rejected when request assignment and acceptance is a given."},{"code":"cancelled","display":"Cancelled","definition":"The task was not completed."},{"code":"in-progress","display":"In Progress","definition":"Task has been started but is not yet complete."},{"code":"on-hold","display":"On Hold","definition":"Task has been started but work has been paused."},{"code":"failed","display":"Failed","definition":"The task was attempted but could not be completed due to some error."},{"code":"completed","display":"Completed","definition":"The task has been completed."},{"code":"entered-in-error","display":"Entered in Error","definition":"The task should never have existed and is retained only because of the possibility it may have used."}]}