{"resourceType":"CodeSystem","id":"request-priority","meta":{"lastUpdated":"2019-10-24T11:53:00+11:00"},"extension":[{"url":"http://hl7.org/fhir/StructureDefinition/structuredefinition-ballot-status","valueString":"Informative"},{"url":"http://hl7.org/fhir/StructureDefinition/structuredefinition-fmm","valueInteger":0}],"url":"http://hl7.org/fhir/request-priority","identifier":{"system":"urn:ietf:rfc:3986","value":"urn:oid:2.16.840.1.113883.4.642.1.107"},"version":"3.0.2","name":"RequestPriority","status":"draft","experimental":false,"date":"2019-10-24T11:53:00+11:00","publisher":"HL7 (FHIR Project)","contact":[{"telecom":[{"system":"url","value":"http://hl7.org/fhir"},{"system":"email","value":"fhir@lists.hl7.org"}]}],"description":"Identifies the level of importance to be assigned to actioning the request","caseSensitive":true,"valueSet":"http://hl7.org/fhir/ValueSet/request-priority","content":"complete","concept":[{"code":"routine","display":"Routine","definition":"The request has normal priority"},{"code":"urgent","display":"Urgent","definition":"The request should be actioned promptly - higher priority than routine"},{"code":"asap","display":"ASAP","definition":"The request should be actioned as soon as possible - higher priority than urgent"},{"code":"stat","display":"STAT","definition":"The request should be actioned immediately - highest possible priority.  E.g. an emergency"}]}