{"resourceType":"CodeSystem","id":"location-status","meta":{"lastUpdated":"2019-10-24T11:53:00+11:00"},"extension":[{"url":"http://hl7.org/fhir/StructureDefinition/structuredefinition-ballot-status","valueString":"Informative"},{"url":"http://hl7.org/fhir/StructureDefinition/structuredefinition-fmm","valueInteger":3},{"url":"http://hl7.org/fhir/StructureDefinition/structuredefinition-wg","valueCode":"pa"}],"url":"http://hl7.org/fhir/location-status","identifier":{"system":"urn:ietf:rfc:3986","value":"urn:oid:2.16.840.1.113883.4.642.1.324"},"version":"3.0.2","name":"LocationStatus","status":"draft","experimental":false,"date":"2019-10-24T11:53:00+11:00","publisher":"HL7 (FHIR Project)","contact":[{"telecom":[{"system":"url","value":"http://hl7.org/fhir"},{"system":"email","value":"fhir@lists.hl7.org"}]}],"description":"Indicates whether the location is still in use.","caseSensitive":true,"valueSet":"http://hl7.org/fhir/ValueSet/location-status","content":"complete","concept":[{"code":"active","display":"Active","definition":"The location is operational."},{"code":"suspended","display":"Suspended","definition":"The location is temporarily closed."},{"code":"inactive","display":"Inactive","definition":"The location is no longer used."}]}