{"resourceType":"CodeSystem","id":"property-representation","meta":{"lastUpdated":"2019-10-24T11:53:00+11:00"},"extension":[{"url":"http://hl7.org/fhir/StructureDefinition/structuredefinition-ballot-status","valueString":"Informative"},{"url":"http://hl7.org/fhir/StructureDefinition/structuredefinition-fmm","valueInteger":0},{"url":"http://hl7.org/fhir/StructureDefinition/structuredefinition-wg","valueCode":"fhir"}],"url":"http://hl7.org/fhir/property-representation","identifier":{"system":"urn:ietf:rfc:3986","value":"urn:oid:2.16.840.1.113883.4.642.1.81"},"version":"3.0.2","name":"PropertyRepresentation","status":"draft","experimental":false,"date":"2019-10-24T11:53:00+11:00","publisher":"HL7 (FHIR Project)","contact":[{"telecom":[{"system":"url","value":"http://hl7.org/fhir"},{"system":"email","value":"fhir@lists.hl7.org"}]}],"description":"How a property is represented when serialized.","caseSensitive":true,"valueSet":"http://hl7.org/fhir/ValueSet/property-representation","content":"complete","concept":[{"code":"xmlAttr","display":"XML Attribute","definition":"In XML, this property is represented as an attribute not an element."},{"code":"xmlText","display":"XML Text","definition":"This element is represented using the XML text attribute (primitives only)"},{"code":"typeAttr","display":"Type Attribute","definition":"The type of this element is indicated using xsi:type"},{"code":"cdaText","display":"CDA Text Format","definition":"Use CDA narrative instead of XHTML"},{"code":"xhtml","display":"XHTML","definition":"The property is represented using XHTML"}]}