{"resourceType":"CodeSystem","id":"v2-0070","meta":{"profile":["http://hl7.org/fhir/StructureDefinition/shareablecodesystem"]},"extension":[{"url":"http://hl7.org/fhir/StructureDefinition/structuredefinition-ballot-status","valueString":"External"},{"url":"http://hl7.org/fhir/StructureDefinition/structuredefinition-fmm","valueInteger":0}],"url":"http://hl7.org/fhir/v2/0070","identifier":{"system":"urn:ietf:rfc:3986","value":"urn:oid:2.16.840.1.113883.18.28"},"version":"2.8.2","name":"v2 Specimen Source Codes","status":"active","experimental":false,"publisher":"HL7, Inc","contact":[{"telecom":[{"system":"url","value":"http://hl7.org"}]}],"description":"FHIR Value set/code system definition for HL7 v2 table 0070 ( Specimen Source Codes)","caseSensitive":false,"valueSet":"http://hl7.org/fhir/ValueSet/v2-0070","content":"complete","property":[{"code":"deprecated","uri":"http://hl7.org/fhir/concept-properties#deprecated","description":"The date at which a concept was deprecated. Concepts that are deprecated but not inactive can still be used, but their use is discouraged","type":"dateTime"}],"concept":[{"code":"ABLD","display":"Arterial blood","designation":[{"language":"de","value":"Arterielles Blut"},{"language":"nl","value":"Arterieel bloed"}],"property":[{"code":"deprecated","valueDateTime":"1994-12"}]},{"code":"ABS","display":"Abscess","designation":[{"language":"de","value":"Abszeß"},{"language":"nl","value":"Abces"}],"property":[{"code":"deprecated","valueDateTime":"2007-10"}]},{"code":"AMN","display":"Amniotic fluid","designation":[{"language":"de","value":"Fruchtwasser"},{"language":"nl","value":"Amniotisch vocht"}],"property":[{"code":"deprecated","valueDateTime":"2007-10"}]},{"code":"ASP","display":"Aspirate","designation":[{"language":"de","value":"Aspirationssubstrat"},{"language":"nl","value":"Aspiraat"}],"property":[{"code":"deprecated","valueDateTime":"2007-10"}]},{"code":"BBL","display":"Blood bag","designation":[{"language":"de","value":"Blutkonserve"},{"language":"nl","value":"Bloedzak"}],"property":[{"code":"deprecated","valueDateTime":"2007-10"}]},{"code":"BDY","display":"Whole body","designation":[{"language":"de","value":"Gesamter Körper"},{"language":"nl","value":"Geheel lichaam"}],"property":[{"code":"deprecated","valueDateTime":"2007-10"}]},{"code":"BIFL","display":"Bile fluid","designation":[{"language":"nl","value":"Galvocht"}],"property":[{"code":"deprecated","valueDateTime":"2007-10"}]},{"code":"BLD","display":"Whole blood","designation":[{"language":"de","value":"Gesamtes Blut"},{"language":"nl","value":"Geheel bloed"}],"property":[{"code":"deprecated","valueDateTime":"2007-10"}]},{"code":"BLDA","display":"Blood  arterial","designation":[{"language":"nl","value":"Arterieel bloed"}],"property":[{"code":"deprecated","valueDateTime":"2007-10"}]},{"code":"BLDC","display":"Blood  capillary","designation":[{"language":"nl","value":"Capillair bloed"}],"property":[{"code":"deprecated","valueDateTime":"2007-10"}]},{"code":"BLDCO","display":"Cord blood","designation":[{"language":"nl","value":"Streng bloed"}],"property":[{"code":"deprecated","valueDateTime":"2007-10"}]},{"code":"BLDV","display":"Blood  venous","designation":[{"language":"nl","value":"Veneus bloed"}],"property":[{"code":"deprecated","valueDateTime":"2007-10"}]},{"code":"BON","display":"Bone","designation":[{"language":"de","value":"Knochen"},{"language":"nl","value":"Bot"}],"property":[{"code":"deprecated","valueDateTime":"2007-10"}]},{"code":"BPH","display":"Basophils","designation":[{"language":"de","value":"Basophile"},{"language":"nl","value":"Basofiel"}],"property":[{"code":"deprecated","valueDateTime":"2007-10"}]},{"code":"BPU","display":"Blood product unit","designation":[{"language":"nl","value":"Bloedproduct eenheid"}],"property":[{"code":"deprecated","valueDateTime":"2007-10"}]},{"code":"BRN","display":"Burn","designation":[{"language":"de","value":"Brandwunde"},{"language":"nl","value":"Brandwond"}],"property":[{"code":"deprecated","valueDateTime":"2007-10"}]},{"code":"BRO","display":"Bronchial","designation":[{"language":"de","value":"Bronchialwege"},{"language":"nl","value":"Bronchiaal"}],"property":[{"code":"deprecated","valueDateTime":"2007-10"}]},{"code":"BRTH","display":"Breath (use EXHLD)","designation":[{"language":"de","value":"Atemluft"},{"language":"nl","value":"Adem (gebruik EXHLD)"}],"property":[{"code":"deprecated","valueDateTime":"2007-10"}]},{"code":"CALC","display":"Calculus (=Stone)","designation":[{"language":"de","value":"Steinchen, Konkrement"},{"language":"nl","value":"Calculus (=Steen)"}],"property":[{"code":"deprecated","valueDateTime":"2007-10"}]},{"code":"CBLD","display":"Cord blood","designation":[{"language":"de","value":"Nabelschnurblut"},{"language":"nl","value":"Streng bloed"}],"property":[{"code":"deprecated","valueDateTime":"2000-11"}]},{"code":"CDM","display":"Cardiac muscle","designation":[{"language":"de","value":"Herzmuskel"},{"language":"nl","value":"Hartspier"}],"property":[{"code":"deprecated","valueDateTime":"2007-10"}]},{"code":"CNJT","display":"Conjunctiva","designation":[{"language":"de","value":"Konjunktiven"},{"language":"nl","value":"Conjunctiva"}],"property":[{"code":"deprecated","valueDateTime":"2007-10"}]},{"code":"CNL","display":"Cannula","designation":[{"language":"de","value":"Kanüle"},{"language":"nl","value":"Cannula"}],"property":[{"code":"deprecated","valueDateTime":"2007-10"}]},{"code":"COL","display":"Colostrum","designation":[{"language":"de","value":"Kolostrum, Vormilch"},{"language":"nl","value":"Colostrum"}],"property":[{"code":"deprecated","valueDateTime":"2007-10"}]},{"code":"CSF","display":"Cerebral spinal fluid","designation":[{"language":"de","value":"Cerebralflüssigkeit"},{"language":"nl","value":"Hersenvocht"}],"property":[{"code":"deprecated","valueDateTime":"2007-10"}]},{"code":"CTP","display":"Catheter tip","designation":[{"language":"de","value":"Katheterspitze"},{"language":"nl","value":"Catether tip"}],"property":[{"code":"deprecated","valueDateTime":"2007-10"}]},{"code":"CUR","display":"Curettage","designation":[{"language":"de","value":"Curettagematerial"},{"language":"nl","value":"Curettage"}],"property":[{"code":"deprecated","valueDateTime":"2007-10"}]},{"code":"CVM","display":"Cervical mucus","designation":[{"language":"de","value":"Cervicalschleim"},{"language":"nl","value":"Cervicale mucus"}],"property":[{"code":"deprecated","valueDateTime":"2007-10"}]},{"code":"CVX","display":"Cervix","designation":[{"language":"de","value":"Zervix"},{"language":"nl","value":"Cervix"}],"property":[{"code":"deprecated","valueDateTime":"2007-10"}]},{"code":"CYST","display":"Cyst","designation":[{"language":"de","value":"Zyste"},{"language":"nl","value":"Cyste"}],"property":[{"code":"deprecated","valueDateTime":"2007-10"}]},{"code":"DIAF","display":"Dialysis fluid","designation":[{"language":"nl","value":"Dialyse vocht"}],"property":[{"code":"deprecated","valueDateTime":"2007-10"}]},{"code":"DOSE","display":"Dose med or substance","designation":[{"language":"nl","value":"Medicatie of substantie"}],"property":[{"code":"deprecated","valueDateTime":"2007-10"}]},{"code":"DRN","display":"Drain","designation":[{"language":"de","value":"Drainage"},{"language":"nl","value":"Stoma"}],"property":[{"code":"deprecated","valueDateTime":"2007-10"}]},{"code":"DUFL","display":"Duodenal fluid","designation":[{"language":"nl","value":"Duodenaal vocht"}],"property":[{"code":"deprecated","valueDateTime":"2007-10"}]},{"code":"EAR","display":"Ear","designation":[{"language":"de","value":"Ohr"},{"language":"nl","value":"Oor"}],"property":[{"code":"deprecated","valueDateTime":"2007-10"}]},{"code":"EARW","display":"Ear wax (cerumen)","designation":[{"language":"nl","value":"Oorsmeer (cerumen)"}],"property":[{"code":"deprecated","valueDateTime":"2007-10"}]},{"code":"ELT","display":"Electrode","designation":[{"language":"de","value":"Elektrode"},{"language":"nl","value":"Electrode"}],"property":[{"code":"deprecated","valueDateTime":"2007-10"}]},{"code":"ENDC","display":"Endocardium","designation":[{"language":"de","value":"Endocard"},{"language":"nl","value":"Endocardium"}],"property":[{"code":"deprecated","valueDateTime":"2007-10"}]},{"code":"ENDM","display":"Endometrium","designation":[{"language":"de","value":"Endometrium"},{"language":"nl","value":"Endometrium"}],"property":[{"code":"deprecated","valueDateTime":"2007-10"}]},{"code":"EOS","display":"Eosinophils","designation":[{"language":"de","value":"Eosinophile"},{"language":"nl","value":"Eosinofiel"}],"property":[{"code":"deprecated","valueDateTime":"2007-10"}]},{"code":"EXG","display":"Exhaled gas (=breath)","designation":[{"language":"nl","value":"Uitgeademde lucht (=adem)"}],"property":[{"code":"deprecated","valueDateTime":"2007-10"}]},{"code":"EXHLD","display":"Exhaled gas (=breath)","designation":[{"language":"nl","value":"Uitgeademde lucht (=adem)"}],"property":[{"code":"deprecated","valueDateTime":"2000-11"}]},{"code":"EYE","display":"Eye","designation":[{"language":"nl","value":"Oog"}],"property":[{"code":"deprecated","valueDateTime":"2007-10"}]},{"code":"FIB","display":"Fibroblasts","designation":[{"language":"de","value":"Fibroblasten"},{"language":"nl","value":"Fibroblasts"}],"property":[{"code":"deprecated","valueDateTime":"2007-10"}]},{"code":"FIST","display":"Fistula","designation":[{"language":"de","value":"Fistel"},{"language":"nl","value":"Fistel"}],"property":[{"code":"deprecated","valueDateTime":"2007-10"}]},{"code":"FLT","display":"Filter","designation":[{"language":"de","value":"Filter"},{"language":"nl","value":"Filter"}],"property":[{"code":"deprecated","valueDateTime":"2007-10"}]},{"code":"FLU","display":"Body fluid, unsp","designation":[{"language":"de","value":"Körperflüssigkeit (unspezifiziert)"},{"language":"nl","value":"Lichaamsvocht, niet-gesp"}],"property":[{"code":"deprecated","valueDateTime":"2007-10"}]},{"code":"GAS","display":"Gas","designation":[{"language":"nl","value":"Lucht"}],"property":[{"code":"deprecated","valueDateTime":"2007-10"}]},{"code":"GAST","display":"Gastric fluid/contents","designation":[{"language":"de","value":"Magenflüssigkeit"},{"language":"nl","value":"Maagvocht/inhoud"}],"property":[{"code":"deprecated","valueDateTime":"2007-10"}]},{"code":"GEN","display":"Genital","designation":[{"language":"de","value":"Genitale"},{"language":"nl","value":"Genitaal"}],"property":[{"code":"deprecated","valueDateTime":"2007-10"}]},{"code":"GENC","display":"Genital cervix","designation":[{"language":"de","value":"Genitale - Cervix"},{"language":"nl","value":"Genitaal cervix"}],"property":[{"code":"deprecated","valueDateTime":"2007-10"}]},{"code":"GENL","display":"Genital lochia","designation":[{"language":"de","value":"Wochenfluß / Lochien"},{"language":"nl","value":"Genitaal lochia"}],"property":[{"code":"deprecated","valueDateTime":"2007-10"}]},{"code":"GENV","display":"Genital vaginal","designation":[{"language":"de","value":"Genitale - Vagina"},{"language":"nl","value":"Genitaal vaginaal"}],"property":[{"code":"deprecated","valueDateTime":"2007-10"}]},{"code":"HAR","display":"Hair","designation":[{"language":"de","value":"Haare"},{"language":"nl","value":"Haar"}],"property":[{"code":"deprecated","valueDateTime":"2007-10"}]},{"code":"IHG","display":"Inhaled Gas","designation":[{"language":"nl","value":"Geïnhaleerde lucht"}],"property":[{"code":"deprecated","valueDateTime":"2007-10"}]},{"code":"ISLT","display":"Isolate","designation":[{"language":"nl","value":"Isolaat"}],"property":[{"code":"deprecated","valueDateTime":"2007-10"}]},{"code":"IT","display":"Intubation tube","designation":[{"language":"de","value":"Tubus"},{"language":"nl","value":"Intubatieslang"}],"property":[{"code":"deprecated","valueDateTime":"2007-10"}]},{"code":"LAM","display":"Lamella","designation":[{"language":"de","value":"Lamellen"},{"language":"nl","value":"Lamella"}],"property":[{"code":"deprecated","valueDateTime":"2007-10"}]},{"code":"LIQ","display":"Liquid NOS","designation":[{"language":"nl","value":"Vloeistof, niet anders gespecificeerd"}],"property":[{"code":"deprecated","valueDateTime":"2007-10"}]},{"code":"LN","display":"Line","designation":[{"language":"de","value":"Zugang"},{"language":"nl","value":"Lijn"}],"property":[{"code":"deprecated","valueDateTime":"2007-10"}]},{"code":"LNA","display":"Line arterial","designation":[{"language":"de","value":"Arterieller Zugang"},{"language":"nl","value":"Arteriële lijn"}],"property":[{"code":"deprecated","valueDateTime":"2007-10"}]},{"code":"LNV","display":"Line venous","designation":[{"language":"de","value":"Venöser Zugang"},{"language":"nl","value":"Veneuze lijn"}],"property":[{"code":"deprecated","valueDateTime":"2007-10"}]},{"code":"LYM","display":"Lymphocytes","designation":[{"language":"de","value":"Lymphozyten"},{"language":"nl","value":"Lymfocyten"}],"property":[{"code":"deprecated","valueDateTime":"2007-10"}]},{"code":"MAC","display":"Macrophages","designation":[{"language":"de","value":"Makrophagen"},{"language":"nl","value":"Macrofagen"}],"property":[{"code":"deprecated","valueDateTime":"2007-10"}]},{"code":"MAR","display":"Marrow","designation":[{"language":"de","value":"Knochenmark"},{"language":"nl","value":"Merg"}],"property":[{"code":"deprecated","valueDateTime":"2007-10"}]},{"code":"MBLD","display":"Menstrual blood","designation":[{"language":"de","value":"Menstruationsblut"},{"language":"nl","value":"Menstruatiebloed"}],"property":[{"code":"deprecated","valueDateTime":"2007-10"}]},{"code":"MEC","display":"Meconium","designation":[{"language":"de","value":"Meconium"},{"language":"nl","value":"Meconium"}],"property":[{"code":"deprecated","valueDateTime":"2007-10"}]},{"code":"MILK","display":"Breast milk","designation":[{"language":"de","value":"Brustmilch"},{"language":"nl","value":"Borstmelk"}],"property":[{"code":"deprecated","valueDateTime":"2007-10"}]},{"code":"MLK","display":"Milk","designation":[{"language":"de","value":"Milch"},{"language":"nl","value":"Melk"}],"property":[{"code":"deprecated","valueDateTime":"2007-10"}]},{"code":"MN","display":"Amniotic Fluid","designation":[{"language":"de","value":"Fruchtwasser"},{"language":"nl","value":"Amniotisch vocht"}],"property":[{"code":"deprecated","valueDateTime":"1990-01"}]},{"code":"NAIL","display":"Nail","designation":[{"language":"de","value":"Nagel"},{"language":"nl","value":"Nagel"}],"property":[{"code":"deprecated","valueDateTime":"2007-10"}]},{"code":"NOS","display":"Nose (nasal passage)","designation":[{"language":"de","value":"Nase (Nasenwege)"},{"language":"nl","value":"Neus (nasale doorgang)"}],"property":[{"code":"deprecated","valueDateTime":"2007-10"}]},{"code":"ORH","display":"Other","designation":[{"language":"de","value":"Andere"},{"language":"nl","value":"Anders"}],"property":[{"code":"deprecated","valueDateTime":"2007-10"}]},{"code":"OTH","display":"Other","designation":[{"language":"de","value":"Diverse"},{"language":"nl","value":"Anders"}],"property":[{"code":"deprecated","valueDateTime":"1990-01"}]},{"code":"PAFL","display":"Pancreatic fluid","designation":[{"language":"nl","value":"Pancreas vocht"}],"property":[{"code":"deprecated","valueDateTime":"2007-10"}]},{"code":"PAT","display":"Patient","designation":[{"language":"nl","value":"Patiënt"}],"property":[{"code":"deprecated","valueDateTime":"2007-10"}]},{"code":"PER","display":"Peritoneum","designation":[{"language":"de","value":"Peritoneum"},{"language":"nl","value":"Peritoneum"}],"property":[{"code":"deprecated","valueDateTime":"1994-12"}]},{"code":"PLAS","display":"Plasma","designation":[{"language":"de","value":"Plasma"},{"language":"nl","value":"Plasma"}],"property":[{"code":"deprecated","valueDateTime":"2007-10"}]},{"code":"PLB","display":"Plasma bag","designation":[{"language":"de","value":"Plasmabeutel"},{"language":"nl","value":"Plasmazak"}],"property":[{"code":"deprecated","valueDateTime":"2007-10"}]},{"code":"PLC","display":"Placenta","designation":[{"language":"de","value":"Placenta"},{"language":"nl","value":"Placenta"}],"property":[{"code":"deprecated","valueDateTime":"2007-10"}]},{"code":"PLR","display":"Pleural fluid (thoracentesis fld)","designation":[{"language":"de","value":"Pleuraflüssigkeit (nach Thoracocentese)"},{"language":"nl","value":"Pleuraal vocht (thoracentesis vocht)"}],"property":[{"code":"deprecated","valueDateTime":"2007-10"}]},{"code":"PMN","display":"Polymorphonuclear neutrophils","designation":[{"language":"de","value":"Polymorphkernige Neutrophile"},{"language":"nl","value":"Polymorfonucleaire neutrofielen"}],"property":[{"code":"deprecated","valueDateTime":"2007-10"}]},{"code":"PPP","display":"Platelet poor plasma","designation":[{"language":"nl","value":"Patelet-arm plasma"}],"property":[{"code":"deprecated","valueDateTime":"2007-10"}]},{"code":"PRP","display":"Platelet rich plasma","designation":[{"language":"nl","value":"Patelet-rijk plasma"}],"property":[{"code":"deprecated","valueDateTime":"2007-10"}]},{"code":"PRT","display":"Peritoneal fluid /ascites","designation":[{"language":"de","value":"Peritonealflüssigkeit / Ascites"},{"language":"nl","value":"Peritoneaal vocht / ascites"}],"property":[{"code":"deprecated","valueDateTime":"2007-10"}]},{"code":"PUS","display":"Pus","designation":[{"language":"de","value":"Eiter"},{"language":"nl","value":"Pus"}],"property":[{"code":"deprecated","valueDateTime":"2007-10"}]},{"code":"RBC","display":"Erythrocytes","designation":[{"language":"de","value":"Erythrozyten"},{"language":"nl","value":"Erythrocyten"}],"property":[{"code":"deprecated","valueDateTime":"2007-10"}]},{"code":"RT","display":"Route of medicine","designation":[{"language":"nl","value":"Route van zorg"}],"property":[{"code":"deprecated","valueDateTime":"2007-10"}]},{"code":"SAL","display":"Saliva","designation":[{"language":"de","value":"Speichel"},{"language":"nl","value":"Speeksel"}],"property":[{"code":"deprecated","valueDateTime":"2007-10"}]},{"code":"SEM","display":"Seminal fluid","designation":[{"language":"de","value":"Sperma"},{"language":"nl","value":"Seminaal vocht"}],"property":[{"code":"deprecated","valueDateTime":"2000-11"}]},{"code":"SER","display":"Serum","designation":[{"language":"de","value":"Serum"},{"language":"nl","value":"Serum"}],"property":[{"code":"deprecated","valueDateTime":"2007-10"}]},{"code":"SKM","display":"Skeletal muscle","designation":[{"language":"de","value":"Skelettmuskel"},{"language":"nl","value":"Skeletspier"}],"property":[{"code":"deprecated","valueDateTime":"2007-10"}]},{"code":"SKN","display":"Skin","designation":[{"language":"de","value":"Haut"},{"language":"nl","value":"Huid"}],"property":[{"code":"deprecated","valueDateTime":"2007-10"}]},{"code":"SMN","display":"Seminal fluid","designation":[{"language":"nl","value":"Seminaal vocht"}],"property":[{"code":"deprecated","valueDateTime":"2007-10"}]},{"code":"SNV","display":"Synovial fluid (Joint fluid)","designation":[{"language":"de","value":"Synovialflüssigkeit"},{"language":"nl","value":"Synoviaal vocht (gewrichtvocht)"}],"property":[{"code":"deprecated","valueDateTime":"2007-10"}]},{"code":"SPRM","display":"Spermatozoa","designation":[{"language":"de","value":"Spermien"},{"language":"nl","value":"Spermatozoïden"}],"property":[{"code":"deprecated","valueDateTime":"2007-10"}]},{"code":"SPT","display":"Sputum","designation":[{"language":"de","value":"Sputum"},{"language":"nl","value":"Sputum"}],"property":[{"code":"deprecated","valueDateTime":"2007-10"}]},{"code":"SPTC","display":"Sputum - coughed","designation":[{"language":"de","value":"Sputum - Hustenauswurf"},{"language":"nl","value":"Sputum - gehoest"}],"property":[{"code":"deprecated","valueDateTime":"2007-10"}]},{"code":"SPTT","display":"Sputum - tracheal aspirate","designation":[{"language":"de","value":"Sputum - tracheal aspiriert"},{"language":"nl","value":"Sputum - tracheaal aspiraat"}],"property":[{"code":"deprecated","valueDateTime":"2007-10"}]},{"code":"STL","display":"Stool = Fecal","designation":[{"language":"de","value":"Stuhl"},{"language":"nl","value":"Ontlasting = Feces"}],"property":[{"code":"deprecated","valueDateTime":"2007-10"}]},{"code":"STON","display":"Stone (use CALC)","designation":[{"language":"de","value":"Steine"},{"language":"nl","value":"Steen (gebruik CALC)"}],"property":[{"code":"deprecated","valueDateTime":"2007-10"}]},{"code":"SWT","display":"Sweat","designation":[{"language":"de","value":"Schweiß"},{"language":"nl","value":"Zweet"}],"property":[{"code":"deprecated","valueDateTime":"2007-10"}]},{"code":"TEAR","display":"Tears","designation":[{"language":"de","value":"Tränen"},{"language":"nl","value":"Tranen"}],"property":[{"code":"deprecated","valueDateTime":"2007-10"}]},{"code":"THRB","display":"Thrombocyte (platelet)","designation":[{"language":"de","value":"Thrombozyten"},{"language":"nl","value":"Trombocyt (platelet)"}],"property":[{"code":"deprecated","valueDateTime":"2007-10"}]},{"code":"THRT","display":"Throat","designation":[{"language":"de","value":"Rachanbstrich"},{"language":"nl","value":"Keel"}],"property":[{"code":"deprecated","valueDateTime":"2007-10"}]},{"code":"TIS","display":"Tissue","designation":[{"language":"de","value":"Gewebe"},{"language":"nl","value":"Weefsel"}],"property":[{"code":"deprecated","valueDateTime":"1990-01"}]},{"code":"TISB","display":"Tissue bone marrow","designation":[{"language":"de","value":"Knochenmarksgewebe"},{"language":"nl","value":"Weefsel beenmerg"}],"property":[{"code":"deprecated","valueDateTime":"1994-12"}]},{"code":"TISC","display":"Tissue curettage","designation":[{"language":"de","value":"Kürettagegewebe"},{"language":"nl","value":"Weefsel curettage"}],"property":[{"code":"deprecated","valueDateTime":"1994-12"}]},{"code":"TISG","display":"Tissue gall bladder","designation":[{"language":"de","value":"Gallenblasengewebe"},{"language":"nl","value":"Weefsel galblaas"}],"property":[{"code":"deprecated","valueDateTime":"2007-10"}]},{"code":"TISL","display":"Tissue lung","designation":[{"language":"de","value":"Lungengewebe"},{"language":"nl","value":"Weefsel long"}],"property":[{"code":"deprecated","valueDateTime":"1994-12"}]},{"code":"TISP","display":"Tissue peritoneum","designation":[{"language":"de","value":"Peritonealgewebe"},{"language":"nl","value":"Weefsel peritoneum"}],"property":[{"code":"deprecated","valueDateTime":"1994-12"}]},{"code":"TISPL","display":"Tissue placenta","designation":[{"language":"de","value":"Placentagewebe"},{"language":"nl","value":"Weefsel placenta"}],"property":[{"code":"deprecated","valueDateTime":"2007-10"}]},{"code":"TISS","display":"Tissue","designation":[{"language":"de","value":"Gewebe"},{"language":"nl","value":"Weefsel"}],"property":[{"code":"deprecated","valueDateTime":"2007-10"}]},{"code":"TISU","display":"Tissue ulcer","designation":[{"language":"de","value":"Ulcusgewebe"},{"language":"nl","value":"Weefsel maagzweer"}],"property":[{"code":"deprecated","valueDateTime":"2007-10"}]},{"code":"TLGI","display":"Tissue large intestine","designation":[{"language":"nl","value":"Weefsel groot intestinaal"}],"property":[{"code":"deprecated","valueDateTime":"2007-10"}]},{"code":"TLNG","display":"Tissue lung","designation":[{"language":"nl","value":"Weefsel long"}],"property":[{"code":"deprecated","valueDateTime":"2007-10"}]},{"code":"TSMI","display":"Tissue small intestine","designation":[{"language":"nl","value":"Weefsel klein intestinaal"}],"property":[{"code":"deprecated","valueDateTime":"2007-10"}]},{"code":"TUB","display":"Tube NOS","designation":[{"language":"nl","value":"Slang, niet anders gespecificeerd"}],"property":[{"code":"deprecated","valueDateTime":"2007-10"}]},{"code":"ULC","display":"Ulcer","designation":[{"language":"de","value":"Geschwür"},{"language":"nl","value":"Maagzweer"}],"property":[{"code":"deprecated","valueDateTime":"2007-10"}]},{"code":"UMB","display":"Umbilical blood","designation":[{"language":"de","value":"Nabelblut"},{"language":"nl","value":"Navelstreng bloed"}],"property":[{"code":"deprecated","valueDateTime":"2007-10"}]},{"code":"UMED","display":"Unknown medicine","designation":[{"language":"nl","value":"Onbekende medicatie"}],"property":[{"code":"deprecated","valueDateTime":"2007-10"}]},{"code":"UR","display":"Urine","designation":[{"language":"de","value":"Urin"},{"language":"nl","value":"Urine"}],"property":[{"code":"deprecated","valueDateTime":"2007-10"}]},{"code":"URC","display":"Urine clean catch","designation":[{"language":"de","value":"Mittelstrahlurin"},{"language":"nl","value":"Urine midstream"}],"property":[{"code":"deprecated","valueDateTime":"2007-10"}]},{"code":"URNS","display":"Urine sediment","designation":[{"language":"nl","value":"Urine sediment"}],"property":[{"code":"deprecated","valueDateTime":"2007-10"}]},{"code":"URT","display":"Urine catheter","designation":[{"language":"de","value":"Katheterurin"},{"language":"nl","value":"Urine catether"}],"property":[{"code":"deprecated","valueDateTime":"2007-10"}]},{"code":"URTH","display":"Urethra","designation":[{"language":"de","value":"Urethra"},{"language":"nl","value":"Urinebuis"}],"property":[{"code":"deprecated","valueDateTime":"2007-10"}]},{"code":"USUB","display":"Unknown substance","designation":[{"language":"nl","value":"Onbekende substantie"}],"property":[{"code":"deprecated","valueDateTime":"2007-10"}]},{"code":"VITF","display":"Vitreous Fluid","designation":[{"language":"nl","value":"Glasvocht"}],"property":[{"code":"deprecated","valueDateTime":"2007-10"}]},{"code":"VOM","display":"Vomitus","designation":[{"language":"de","value":"Erbrochenes"},{"language":"nl","value":"Vomitus"}],"property":[{"code":"deprecated","valueDateTime":"2007-10"}]},{"code":"WAT","display":"Water","designation":[{"language":"nl","value":"Water"}],"property":[{"code":"deprecated","valueDateTime":"2007-10"}]},{"code":"WBC","display":"Leukocytes","designation":[{"language":"de","value":"Leukozyten"},{"language":"nl","value":"Leukocyten"}],"property":[{"code":"deprecated","valueDateTime":"2007-10"}]},{"code":"WICK","display":"Wick","designation":[{"language":"de","value":"Zwischengefäß bei Infusoren (?)"},{"language":"nl","value":"Lont"}],"property":[{"code":"deprecated","valueDateTime":"2007-10"}]},{"code":"WND","display":"Wound","designation":[{"language":"de","value":"Wundabstrich"},{"language":"nl","value":"Wond"}],"property":[{"code":"deprecated","valueDateTime":"2007-10"}]},{"code":"WNDA","display":"Wound abscess","designation":[{"language":"de","value":"Wundabszeß"},{"language":"nl","value":"Wondabces"}],"property":[{"code":"deprecated","valueDateTime":"2007-10"}]},{"code":"WNDD","display":"Wound drainage","designation":[{"language":"de","value":"Wunddrainage"},{"language":"nl","value":"Wond drainage"}],"property":[{"code":"deprecated","valueDateTime":"2007-10"}]},{"code":"WNDE","display":"Wound exudate","designation":[{"language":"de","value":"Wundexsudat"},{"language":"nl","value":"Wond exsudaat"}],"property":[{"code":"deprecated","valueDateTime":"2007-10"}]},{"code":"XXX","display":"To be specified in another part of the message","designation":[{"language":"nl","value":"Wordt gespecificeerd in een ander deel van het bericht"}],"property":[{"code":"deprecated","valueDateTime":"2007-10"}]}]}