{"resourceType":"CodeSystem","id":"testscript-operation-codes","meta":{"lastUpdated":"2019-10-24T11:53:00+11:00","profile":["http://hl7.org/fhir/StructureDefinition/shareablecodesystem"]},"extension":[{"url":"http://hl7.org/fhir/StructureDefinition/structuredefinition-ballot-status","valueString":"Informative"},{"url":"http://hl7.org/fhir/StructureDefinition/structuredefinition-fmm","valueInteger":2},{"url":"http://hl7.org/fhir/StructureDefinition/structuredefinition-wg","valueCode":"fhir"}],"url":"http://hl7.org/fhir/testscript-operation-codes","identifier":{"system":"urn:ietf:rfc:3986","value":"urn:oid:2.16.840.1.113883.4.642.1.691"},"version":"3.0.2","name":"TestScriptOperationCode","status":"draft","experimental":true,"publisher":"FHIR Project team","contact":[{"telecom":[{"system":"url","value":"http://hl7.org/fhir"}]}],"description":"This value set defines a set of codes that are used to indicate the supported operations of a testing engine or tool.","caseSensitive":true,"valueSet":"http://hl7.org/fhir/ValueSet/testscript-operation-codes","content":"complete","concept":[{"code":"read","display":"Read","definition":"Read the current state of the resource."},{"code":"vread","display":"Version Read","definition":"Read the state of a specific version of the resource."},{"code":"update","display":"Update","definition":"Update an existing resource by its id."},{"code":"updateCreate","display":"Create using Update","definition":"Update an existing resource by its id (or create it if it is new)."},{"code":"delete","display":"Delete","definition":"Delete a resource."},{"code":"deleteCondSingle","display":"Conditional Delete Single","definition":"Conditionally delete a single resource based on search parameters."},{"code":"deleteCondMultiple","display":"Conditional Delete Multiple","definition":"Conditionally delete one or more resources based on search parameters."},{"code":"history","display":"History","definition":"Retrieve the change history for a particular resource or resource type."},{"code":"create","display":"Create","definition":"Create a new resource with a server assigned id."},{"code":"search","display":"Search","definition":"Search based on some filter criteria."},{"code":"batch","display":"Batch","definition":"Update, create or delete a set of resources as independent actions."},{"code":"transaction","display":"Transaction","definition":"Update, create or delete a set of resources as a single transaction."},{"code":"capabilities","display":"Capabilities","definition":"Get a capability statement for the system."},{"code":"apply","display":"$apply","definition":"Realize a definition in a specific context"},{"code":"cancel","display":"$cancel","definition":"Cancel Task"},{"code":"closure","display":"$closure","definition":"Closure Table Maintenance"},{"code":"compose","display":"$compose","definition":"Code Composition based on supplied properties"},{"code":"conforms","display":"$conforms","definition":"Test if a server implements a client's required operations"},{"code":"data-requirements","display":"$data-requirements","definition":"Aggregates and return the parameters and data requirements as a single module definition library"},{"code":"document","display":"$document","definition":"Generate a Document"},{"code":"evaluate","display":"$evaluate","definition":"Evaluate DecisionSupportRule / DecisionSupportServiceModule"},{"code":"evaluate-measure","display":"$evaluate-measure","definition":"Evaluate Measure"},{"code":"everything","display":"$everything","definition":"Fetch Encounter/Patient Record"},{"code":"expand","display":"$expand","definition":"Value Set Expansion"},{"code":"fail","display":"$fail","definition":"Fail Task"},{"code":"find","display":"$find","definition":"Find a functional list"},{"code":"finish","display":"$finish","definition":"Finish Task"},{"code":"implements","display":"$implements","definition":"Test if a server implements a client's required operations"},{"code":"lookup","display":"$lookup","definition":"Concept Look Up"},{"code":"match","display":"$match","definition":"Find patient matches using MPI based logic"},{"code":"meta","display":"$meta","definition":"Access a list of profiles, tags, and security labels"},{"code":"meta-add","display":"$meta-add","definition":"Add profiles, tags, and security labels to a resource"},{"code":"meta-delete","display":"$meta-delete","definition":"Delete profiles, tags, and security labels for a resource"},{"code":"populate","display":"$populate","definition":"Populate Questionnaire"},{"code":"populatehtml","display":"$populatehtml","definition":"Generate HTML for Questionnaire"},{"code":"populatelink","display":"$populatelink","definition":"Generate a link to a Questionnaire completion webpage"},{"code":"process-message","display":"$process-message","definition":"Process Message"},{"code":"questionnaire","display":"$questionnaire","definition":"Build Questionnaire"},{"code":"release","display":"$release","definition":"Release Task"},{"code":"reserve","display":"$reserve","definition":"Reserve Task"},{"code":"resume","display":"$resume","definition":"Resume Task"},{"code":"set-input","display":"$set-input","definition":"Set Task Input"},{"code":"set-output","display":"$set-output","definition":"Set Task Output"},{"code":"start","display":"$start","definition":"Start Task"},{"code":"stats","display":"$stats","definition":"Observation Statistics"},{"code":"stop","display":"$stop","definition":"Stop Task"},{"code":"subset","display":"$subset","definition":"Fetch a subset of the CapabilityStatement resource"},{"code":"subsumes","display":"$subsumes","definition":"Determine if code A is subsumed by code B"},{"code":"suspend","display":"$suspend","definition":"Suspend Task"},{"code":"transform","display":"$transform","definition":"Model Instance Transformation"},{"code":"translate","display":"$translate","definition":"Concept Translation"},{"code":"validate","display":"$validate","definition":"Validate a resource"},{"code":"validate-code","display":"$validate-code","definition":"Value Set based Validation"}]}