{"resourceType":"CodeSystem","id":"v2-0135","meta":{"profile":["http://hl7.org/fhir/StructureDefinition/shareablecodesystem"]},"extension":[{"url":"http://hl7.org/fhir/StructureDefinition/structuredefinition-ballot-status","valueString":"External"},{"url":"http://hl7.org/fhir/StructureDefinition/structuredefinition-fmm","valueInteger":0}],"url":"http://hl7.org/fhir/v2/0135","identifier":{"system":"urn:ietf:rfc:3986","value":"urn:oid:2.16.840.1.113883.18.60"},"version":"2.8.2","name":"v2 Assignment of Benefits","status":"active","experimental":false,"publisher":"HL7, Inc","contact":[{"telecom":[{"system":"url","value":"http://hl7.org"}]}],"description":"FHIR Value set/code system definition for HL7 v2 table 0135 ( Assignment of Benefits)","caseSensitive":false,"valueSet":"http://hl7.org/fhir/ValueSet/v2-0135","content":"complete","concept":[{"code":"M","display":"Modified assignment","designation":[{"language":"de","value":"Sonderabmachung"},{"language":"nl","value":"Aangepaste toekenning"}]},{"code":"N","display":"No","designation":[{"language":"de","value":"Nein"},{"language":"nl","value":"Nee"}]},{"code":"Y","display":"Yes","designation":[{"language":"de","value":"Ja"},{"language":"nl","value":"Ja"}]}]}