{"resourceType":"CodeSystem","id":"v2-0038","meta":{"profile":["http://hl7.org/fhir/StructureDefinition/shareablecodesystem"]},"extension":[{"url":"http://hl7.org/fhir/StructureDefinition/structuredefinition-ballot-status","valueString":"External"},{"url":"http://hl7.org/fhir/StructureDefinition/structuredefinition-fmm","valueInteger":0}],"url":"http://hl7.org/fhir/v2/0038","identifier":{"system":"urn:ietf:rfc:3986","value":"urn:oid:2.16.840.1.113883.18.18"},"version":"2.8.2","name":"v2 Order status","status":"active","experimental":false,"publisher":"HL7, Inc","contact":[{"telecom":[{"system":"url","value":"http://hl7.org"}]}],"description":"FHIR Value set/code system definition for HL7 v2 table 0038 ( Order status)","caseSensitive":false,"valueSet":"http://hl7.org/fhir/ValueSet/v2-0038","content":"complete","concept":[{"code":"A","display":"Some, but not all, results available","designation":[{"language":"de","value":"einige, aber nicht alle, Resultate verfügbar"},{"language":"nl","value":"Sommige maar niet alle resultaten beschikbaar"}]},{"code":"CA","display":"Order was canceled","designation":[{"language":"de","value":"Auftrag storniert"},{"language":"nl","value":"Aanvraag is geannuleerd"}]},{"code":"CM","display":"Order is completed","designation":[{"language":"de","value":"Auftrag ausgeführt"},{"language":"nl","value":"Aanvraag is afgerond"}]},{"code":"DC","display":"Order was discontinued","designation":[{"language":"de","value":"Ausführung des Auftrags abgebrochen"},{"language":"nl","value":"Aanvraag is afgebroken"}]},{"code":"ER","display":"Error, order not found","designation":[{"language":"de","value":"Auftrag nicht gefunden"},{"language":"nl","value":"Fout, aanvraag niet gevonden"}]},{"code":"HD","display":"Order is on hold","designation":[{"language":"de","value":"Auftragsbearbeitung ausgesetzt"},{"language":"nl","value":"Aanvraag is aangehouden"}]},{"code":"IP","display":"In process, unspecified","designation":[{"language":"de","value":"Auftrag in Bearbeitung"},{"language":"nl","value":"Aanvraag loopt, niet-specificeerd"}]},{"code":"RP","display":"Order has been replaced","designation":[{"language":"de","value":"Auftrag ist ersetzt worden"},{"language":"nl","value":"Aanvraag is vervangen"}]},{"code":"SC","display":"In process, scheduled","designation":[{"language":"de","value":"Auftrag hat Termin oder ist in Ausführung"},{"language":"nl","value":"Aanvraag loopt, is gepland"}]}]}