{"resourceType":"CodeSystem","id":"animal-genderstatus","meta":{"lastUpdated":"2019-10-24T11:53:00+11:00","profile":["http://hl7.org/fhir/StructureDefinition/shareablecodesystem"]},"extension":[{"url":"http://hl7.org/fhir/StructureDefinition/structuredefinition-ballot-status","valueString":"Informative"},{"url":"http://hl7.org/fhir/StructureDefinition/structuredefinition-fmm","valueInteger":1},{"url":"http://hl7.org/fhir/StructureDefinition/structuredefinition-wg","valueCode":"pa"}],"url":"http://hl7.org/fhir/animal-genderstatus","identifier":{"system":"urn:ietf:rfc:3986","value":"urn:oid:2.16.840.1.113883.4.642.1.408"},"version":"3.0.2","name":"GenderStatus","status":"draft","experimental":true,"publisher":"FHIR Project team","contact":[{"telecom":[{"system":"url","value":"http://hl7.org/fhir"}]}],"description":"This example value set defines a set of codes that can be used to indicate the current state of the animal's reproductive organs.","caseSensitive":true,"valueSet":"http://hl7.org/fhir/ValueSet/animal-genderstatus","content":"complete","concept":[{"code":"neutered","display":"Neutered","definition":"The animal has been sterilized, castrated or otherwise made infertile.","designation":[{"language":"nl","value":"gesteriliseerd"}]},{"code":"intact","display":"Intact","definition":"The animal's reproductive organs are intact.","designation":[{"language":"nl","value":"intact"}]},{"code":"unknown","display":"Unknown","definition":"Unable to determine whether the animal has been neutered.","designation":[{"language":"nl","value":"onbekend"}]}]}