{"resourceType":"CodeSystem","id":"v2-0127","meta":{"profile":["http://hl7.org/fhir/StructureDefinition/shareablecodesystem"]},"extension":[{"url":"http://hl7.org/fhir/StructureDefinition/structuredefinition-ballot-status","valueString":"External"},{"url":"http://hl7.org/fhir/StructureDefinition/structuredefinition-fmm","valueInteger":0}],"url":"http://hl7.org/fhir/v2/0127","identifier":{"system":"urn:ietf:rfc:3986","value":"urn:oid:2.16.840.1.113883.18.54"},"version":"2.8.2","name":"v2 Allergen Type","status":"active","experimental":false,"publisher":"HL7, Inc","contact":[{"telecom":[{"system":"url","value":"http://hl7.org"}]}],"description":"FHIR Value set/code system definition for HL7 v2 table 0127 ( Allergen Type)","caseSensitive":false,"valueSet":"http://hl7.org/fhir/ValueSet/v2-0127","content":"complete","concept":[{"code":"AA","display":"Animal Allergy","designation":[{"language":"nl","value":"Dierenallergie"}]},{"code":"DA","display":"Drug allergy","designation":[{"language":"de","value":"Medikamentenallergie"},{"language":"nl","value":"Medicatieallergie"}]},{"code":"EA","display":"Environmental Allergy","designation":[{"language":"nl","value":"Omgevingsallergie"}]},{"code":"FA","display":"Food allergy","designation":[{"language":"de","value":"Nahrungsmittelallergie"},{"language":"nl","value":"Voedselallergie"}]},{"code":"LA","display":"Pollen Allergy","designation":[{"language":"nl","value":"Pollenallergie"}]},{"code":"MA","display":"Miscellaneous allergy","designation":[{"language":"de","value":"Sonstige Allergie"},{"language":"nl","value":"Overige allergie"}]},{"code":"MC","display":"Miscellaneous contraindication","designation":[{"language":"de","value":"Sonstige Kontraindikation"},{"language":"nl","value":"Overige contraindicatie"}]},{"code":"PA","display":"Plant Allergy","designation":[{"language":"nl","value":"Plantallergie"}]}]}