{"resourceType":"CodeSystem","id":"explanationofbenefit-status","meta":{"lastUpdated":"2019-10-24T11:53:00+11:00"},"extension":[{"url":"http://hl7.org/fhir/StructureDefinition/structuredefinition-ballot-status","valueString":"Informative"},{"url":"http://hl7.org/fhir/StructureDefinition/structuredefinition-fmm","valueInteger":2},{"url":"http://hl7.org/fhir/StructureDefinition/structuredefinition-wg","valueCode":"fm"}],"url":"http://hl7.org/fhir/explanationofbenefit-status","identifier":{"system":"urn:ietf:rfc:3986","value":"urn:oid:2.16.840.1.113883.4.642.1.611"},"version":"3.0.2","name":"ExplanationOfBenefitStatus","status":"draft","experimental":false,"date":"2019-10-24T11:53:00+11:00","publisher":"HL7 (FHIR Project)","contact":[{"telecom":[{"system":"url","value":"http://hl7.org/fhir"},{"system":"email","value":"fhir@lists.hl7.org"}]}],"description":"A code specifying the state of the resource instance.","caseSensitive":true,"valueSet":"http://hl7.org/fhir/ValueSet/explanationofbenefit-status","content":"complete","concept":[{"code":"active","display":"Active","definition":"The resource instance is currently in-force."},{"code":"cancelled","display":"Cancelled","definition":"The resource instance is withdrawn, rescinded or reversed."},{"code":"draft","display":"Draft","definition":"A new resource instance the contents of which is not complete."},{"code":"entered-in-error","display":"Entered In Error","definition":"The resource instance was entered in error."}]}