{"resourceType":"CodeSystem","id":"ex-revenue-center","meta":{"lastUpdated":"2019-10-24T11:53:00+11:00","profile":["http://hl7.org/fhir/StructureDefinition/shareablecodesystem"]},"extension":[{"url":"http://hl7.org/fhir/StructureDefinition/structuredefinition-ballot-status","valueString":"Informative"},{"url":"http://hl7.org/fhir/StructureDefinition/structuredefinition-fmm","valueInteger":1},{"url":"http://hl7.org/fhir/StructureDefinition/structuredefinition-wg","valueCode":"fm"}],"url":"http://hl7.org/fhir/ex-revenue-center","identifier":{"system":"urn:ietf:rfc:3986","value":"urn:oid:2.16.840.1.113883.4.642.1.587"},"version":"3.0.2","name":"Example Revenue Center Codes","status":"draft","experimental":true,"publisher":"Financial Management","contact":[{"telecom":[{"system":"url","value":"http://hl7.org/fhir"}]}],"description":"This value set includes sample Revenue Center codes.","copyright":"This is an example set.","caseSensitive":true,"valueSet":"http://hl7.org/fhir/ValueSet/ex-revenue-center","content":"complete","concept":[{"code":"0370","display":"Anaesthesia","definition":"Anaesthesia."},{"code":"0420","display":"Physical Therapy","definition":"Physical Therapy."},{"code":"0421","display":"Physical Therapy - ","definition":"Physical Therapy - visit charge."},{"code":"0440","display":"Speech-Language Pathology","definition":"Speech-Language Pathology."},{"code":"0441","display":"Speech-Language Pathology - Visit","definition":"Speech-Language Pathology- visit charge"},{"code":"0450","display":"Emergency Room","definition":"Emergency Room"},{"code":"0451","display":"Emergency Room - EM/EMTALA","definition":"Emergency Room - EM/EMTALA"},{"code":"0452","display":"Emergency Room - beyond EMTALA","definition":"Emergency Room - beyond EMTALA"},{"code":"0010","display":"Vision Clinic","definition":"Vision Clinic"}]}