{"resourceType":"CodeSystem","id":"goal-relationship-type","meta":{"lastUpdated":"2019-10-24T11:53:00+11:00"},"extension":[{"url":"http://hl7.org/fhir/StructureDefinition/structuredefinition-ballot-status","valueString":"Informative"},{"url":"http://hl7.org/fhir/StructureDefinition/structuredefinition-fmm","valueInteger":0}],"url":"http://hl7.org/fhir/goal-relationship-type","identifier":{"system":"urn:ietf:rfc:3986","value":"urn:oid:2.16.840.1.113883.4.642.1.835"},"version":"3.0.2","name":"GoalRelationshipType","status":"draft","experimental":false,"date":"2019-10-24T11:53:00+11:00","publisher":"HL7 (FHIR Project)","contact":[{"telecom":[{"system":"url","value":"http://hl7.org/fhir"},{"system":"email","value":"fhir@lists.hl7.org"}]}],"description":"Types of relationships between two goals","caseSensitive":true,"valueSet":"http://hl7.org/fhir/ValueSet/goal-relationship-type","content":"complete","concept":[{"code":"predecessor","display":"Predecessor","definition":"Indicates that the target goal is one which must be met before striving for the current goal"},{"code":"successor","display":"Successor","definition":"Indicates that the target goal is a desired objective once the current goal is met"},{"code":"replacement","display":"Replacement","definition":"Indicates that this goal has been replaced by the target goal"},{"code":"milestone","display":"Milestone","definition":"Indicates that the target goal is considered to be a \"piece\" of attaining this goal."},{"code":"other","display":"Other","definition":"Indicates that the relationship is not covered by one of the pre-defined codes.  (An extension may convey more information about the meaning of the relationship.)"}]}