{"resourceType":"CodeSystem","id":"v2-0145","meta":{"profile":["http://hl7.org/fhir/StructureDefinition/shareablecodesystem"]},"extension":[{"url":"http://hl7.org/fhir/StructureDefinition/structuredefinition-ballot-status","valueString":"External"},{"url":"http://hl7.org/fhir/StructureDefinition/structuredefinition-fmm","valueInteger":0}],"url":"http://hl7.org/fhir/v2/0145","identifier":{"system":"urn:ietf:rfc:3986","value":"urn:oid:2.16.840.1.113883.18.66"},"version":"2.8.2","name":"v2 Room Type","status":"active","experimental":false,"publisher":"HL7, Inc","contact":[{"telecom":[{"system":"url","value":"http://hl7.org"}]}],"description":"FHIR Value set/code system definition for HL7 v2 table 0145 ( Room Type)","caseSensitive":false,"valueSet":"http://hl7.org/fhir/ValueSet/v2-0145","content":"complete","concept":[{"code":"2ICU","display":"Second intensive care unit","designation":[{"language":"de","value":"nicht verwendet"},{"language":"nl","value":"Tweede intensive care unit"}]},{"code":"2PRI","display":"Second private room","designation":[{"language":"de","value":"nicht verwendet"},{"language":"nl","value":"Tweede eigen kamer"}]},{"code":"2SPR","display":"Second semi-private room","designation":[{"language":"de","value":"nicht verwendet"},{"language":"nl","value":"Tweede semi-eigen kamer"}]},{"code":"ICU","display":"Intensive care unit","designation":[{"language":"de","value":"Intensivstation"},{"language":"nl","value":"Intensive care unit"}]},{"code":"PRI","display":"Private room","designation":[{"language":"de","value":"Einbettzimmer"},{"language":"nl","value":"Eigen kamer"}]},{"code":"SPR","display":"Semi-private room","designation":[{"language":"de","value":"Zweibettzimmer"},{"language":"nl","value":"Semi-eigen kamer"}]}]}