{"resourceType":"CodeSystem","id":"immunization-recommendation-status","meta":{"lastUpdated":"2019-10-24T11:53:00+11:00","profile":["http://hl7.org/fhir/StructureDefinition/shareablecodesystem"]},"extension":[{"url":"http://hl7.org/fhir/StructureDefinition/structuredefinition-ballot-status","valueString":"Informative"},{"url":"http://hl7.org/fhir/StructureDefinition/structuredefinition-fmm","valueInteger":1},{"url":"http://hl7.org/fhir/StructureDefinition/structuredefinition-wg","valueCode":"pher"}],"url":"http://hl7.org/fhir/immunization-recommendation-status","identifier":{"system":"urn:ietf:rfc:3986","value":"urn:oid:2.16.840.1.113883.4.642.1.297"},"version":"3.0.2","name":"Immunization Recommendation Status Codes","status":"draft","experimental":true,"publisher":"FHIR Project team","contact":[{"telecom":[{"system":"url","value":"http://hl7.org/fhir"}]}],"description":"The value set to instantiate this attribute should be drawn from a terminologically robust code system that consists of or contains concepts to support describing the status of the patient towards perceived immunity against a vaccine preventable disease. This value set is provided as a suggestive example.","caseSensitive":true,"valueSet":"http://hl7.org/fhir/ValueSet/immunization-recommendation-status","content":"complete","concept":[{"code":"due","display":"Due","definition":"The patient is due for their next vaccination."},{"code":"overdue","display":"Overdue","definition":"The patient is considered overdue for their next vaccination."}]}