{"resourceType":"CodeSystem","id":"medication-status","meta":{"lastUpdated":"2019-10-24T11:53:00+11:00"},"extension":[{"url":"http://hl7.org/fhir/StructureDefinition/structuredefinition-ballot-status","valueString":"Informative"},{"url":"http://hl7.org/fhir/StructureDefinition/structuredefinition-fmm","valueInteger":3},{"url":"http://hl7.org/fhir/StructureDefinition/structuredefinition-wg","valueCode":"phx"}],"url":"http://hl7.org/fhir/medication-status","identifier":{"system":"urn:ietf:rfc:3986","value":"urn:oid:2.16.840.1.113883.4.642.1.364"},"version":"3.0.2","name":"MedicationStatus","status":"draft","experimental":false,"date":"2019-10-24T11:53:00+11:00","publisher":"HL7 (FHIR Project)","contact":[{"telecom":[{"system":"url","value":"http://hl7.org/fhir"},{"system":"email","value":"fhir@lists.hl7.org"}]}],"description":"A coded concept defining if the medication is in active use","caseSensitive":true,"valueSet":"http://hl7.org/fhir/ValueSet/medication-status","content":"complete","concept":[{"code":"active","display":"Active","definition":"The medication is available for use"},{"code":"inactive","display":"Inactive","definition":"The medication is not available for use"},{"code":"entered-in-error","display":"Entered in Error","definition":"The medication was entered in error"}]}