{"resourceType":"CodeSystem","id":"digital-media-type","meta":{"lastUpdated":"2019-10-24T11:53:00+11:00"},"extension":[{"url":"http://hl7.org/fhir/StructureDefinition/structuredefinition-ballot-status","valueString":"Informative"},{"url":"http://hl7.org/fhir/StructureDefinition/structuredefinition-fmm","valueInteger":1},{"url":"http://hl7.org/fhir/StructureDefinition/structuredefinition-wg","valueCode":"fhir"}],"url":"http://hl7.org/fhir/digital-media-type","identifier":{"system":"urn:ietf:rfc:3986","value":"urn:oid:2.16.840.1.113883.4.642.1.326"},"version":"3.0.2","name":"DigitalMediaType","status":"draft","experimental":false,"date":"2019-10-24T11:53:00+11:00","publisher":"HL7 (FHIR Project)","contact":[{"telecom":[{"system":"url","value":"http://hl7.org/fhir"},{"system":"email","value":"fhir@lists.hl7.org"}]}],"description":"Whether the media is a photo, video, or audio","caseSensitive":true,"valueSet":"http://hl7.org/fhir/ValueSet/digital-media-type","content":"complete","concept":[{"code":"photo","display":"Photo","definition":"The media consists of one or more unmoving images, including photographs, computer-generated graphs and charts, and scanned documents"},{"code":"video","display":"Video","definition":"The media consists of a series of frames that capture a moving image"},{"code":"audio","display":"Audio","definition":"The media consists of a sound recording"}]}