{"resourceType":"CodeSystem","id":"group-type","meta":{"lastUpdated":"2019-10-24T11:53:00+11:00"},"extension":[{"url":"http://hl7.org/fhir/StructureDefinition/structuredefinition-ballot-status","valueString":"Informative"},{"url":"http://hl7.org/fhir/StructureDefinition/structuredefinition-fmm","valueInteger":1},{"url":"http://hl7.org/fhir/StructureDefinition/structuredefinition-wg","valueCode":"fhir"}],"url":"http://hl7.org/fhir/group-type","identifier":{"system":"urn:ietf:rfc:3986","value":"urn:oid:2.16.840.1.113883.4.642.1.278"},"version":"3.0.2","name":"GroupType","status":"draft","experimental":false,"date":"2019-10-24T11:53:00+11:00","publisher":"HL7 (FHIR Project)","contact":[{"telecom":[{"system":"url","value":"http://hl7.org/fhir"},{"system":"email","value":"fhir@lists.hl7.org"}]}],"description":"Types of resources that are part of group","caseSensitive":true,"valueSet":"http://hl7.org/fhir/ValueSet/group-type","content":"complete","concept":[{"code":"person","display":"Person","definition":"Group contains \"person\" Patient resources"},{"code":"animal","display":"Animal","definition":"Group contains \"animal\" Patient resources"},{"code":"practitioner","display":"Practitioner","definition":"Group contains healthcare practitioner resources"},{"code":"device","display":"Device","definition":"Group contains Device resources"},{"code":"medication","display":"Medication","definition":"Group contains Medication resources"},{"code":"substance","display":"Substance","definition":"Group contains Substance resources"}]}