{"resourceType":"CodeSystem","id":"reason-medication-given-codes","meta":{"lastUpdated":"2019-10-24T11:53:00+11:00","profile":["http://hl7.org/fhir/StructureDefinition/shareablecodesystem"]},"extension":[{"url":"http://hl7.org/fhir/StructureDefinition/structuredefinition-ballot-status","valueString":"Informative"},{"url":"http://hl7.org/fhir/StructureDefinition/structuredefinition-fmm","valueInteger":1},{"url":"http://hl7.org/fhir/StructureDefinition/structuredefinition-wg","valueCode":"phx"}],"url":"http://hl7.org/fhir/reason-medication-given","identifier":{"system":"urn:ietf:rfc:3986","value":"urn:oid:2.16.840.1.113883.4.642.1.335"},"version":"3.0.2","name":"Reason Medication Given Codes","status":"draft","experimental":true,"publisher":"FHIR Project team","contact":[{"telecom":[{"system":"url","value":"http://hl7.org/fhir"}]}],"description":"This value set is provided as an example. The value set to instantiate this attribute should be drawn from a robust terminology code system that consists of or contains concepts to support the medication process.","caseSensitive":true,"valueSet":"http://hl7.org/fhir/ValueSet/reason-medication-given-codes","content":"complete","concept":[{"code":"a","display":"None","definition":"No reason known."},{"code":"b","display":"Given as Ordered","definition":"The administration was following an ordered protocol."},{"code":"c","display":"Emergency","definition":"The administration was needed to treat an emergency."}]}