{"resourceType":"CodeSystem","id":"audit-entity-type","meta":{"lastUpdated":"2019-10-24T11:53:00+11:00","profile":["http://hl7.org/fhir/StructureDefinition/shareablecodesystem"]},"extension":[{"url":"http://hl7.org/fhir/StructureDefinition/structuredefinition-ballot-status","valueString":"Informative"},{"url":"http://hl7.org/fhir/StructureDefinition/structuredefinition-fmm","valueInteger":3},{"url":"http://hl7.org/fhir/StructureDefinition/structuredefinition-wg","valueCode":"sec"}],"url":"http://hl7.org/fhir/audit-entity-type","identifier":{"system":"urn:ietf:rfc:3986","value":"urn:oid:2.16.840.1.113883.4.642.1.903"},"version":"3.0.2","name":"AuditEventEntityType","status":"draft","experimental":true,"date":"2017-03-10T09:44:54+11:00","publisher":"HL7 (FHIR Project)","contact":[{"telecom":[{"system":"url","value":"http://hl7.org/fhir"},{"system":"email","value":"fhir@lists.hl7.org"}]},{"telecom":[{"system":"url","value":"http://hl7.org/fhir"},{"system":"email","value":"fhir@lists.hl7.org"}]}],"description":"Code for the entity type involved in the audit event.","caseSensitive":true,"valueSet":"http://hl7.org/fhir/ValueSet/audit-entity-type","content":"complete","concept":[{"code":"1","display":"Person","definition":"Person"},{"code":"2","display":"System Object","definition":"System Object"},{"code":"3","display":"Organization","definition":"Organization"},{"code":"4","display":"Other","definition":"Other"}]}