{"resourceType":"CodeSystem","id":"v2-0017","meta":{"profile":["http://hl7.org/fhir/StructureDefinition/shareablecodesystem"]},"extension":[{"url":"http://hl7.org/fhir/StructureDefinition/structuredefinition-ballot-status","valueString":"External"},{"url":"http://hl7.org/fhir/StructureDefinition/structuredefinition-fmm","valueInteger":0}],"url":"http://hl7.org/fhir/v2/0017","identifier":{"system":"urn:ietf:rfc:3986","value":"urn:oid:2.16.840.1.113883.18.13"},"version":"2.8.2","name":"v2 Transaction Type","status":"active","experimental":false,"publisher":"HL7, Inc","contact":[{"telecom":[{"system":"url","value":"http://hl7.org"}]}],"description":"FHIR Value set/code system definition for HL7 v2 table 0017 ( Transaction Type)","caseSensitive":false,"valueSet":"http://hl7.org/fhir/ValueSet/v2-0017","content":"complete","concept":[{"code":"AJ","display":"Adjustment","designation":[{"language":"de","value":"nicht verwendet"},{"language":"nl","value":"Aanpassing"}]},{"code":"CD","display":"Credit","designation":[{"language":"de","value":"nicht verwendet"},{"language":"nl","value":"Krediet"}]},{"code":"CG","display":"Charge","designation":[{"language":"de","value":"nicht verwendet"},{"language":"nl","value":"Belast"}]},{"code":"CO","display":"Co-payment","designation":[{"language":"de","value":"nicht verwendet"},{"language":"nl","value":"Gedeelde betaling"}]},{"code":"PY","display":"Payment","designation":[{"language":"de","value":"nicht verwendet"},{"language":"nl","value":"Betaling"}]}]}