{"resourceType":"CodeSystem","id":"days-of-week","meta":{"lastUpdated":"2019-10-24T11:53:00+11:00"},"extension":[{"url":"http://hl7.org/fhir/StructureDefinition/structuredefinition-ballot-status","valueString":"Informative"},{"url":"http://hl7.org/fhir/StructureDefinition/structuredefinition-fmm","valueInteger":2},{"url":"http://hl7.org/fhir/StructureDefinition/structuredefinition-wg","valueCode":"pa"}],"url":"http://hl7.org/fhir/days-of-week","identifier":{"system":"urn:ietf:rfc:3986","value":"urn:oid:2.16.840.1.113883.4.642.1.507"},"version":"3.0.2","name":"DaysOfWeek","status":"draft","experimental":false,"date":"2019-10-24T11:53:00+11:00","publisher":"HL7 (FHIR Project)","contact":[{"telecom":[{"system":"url","value":"http://hl7.org/fhir"},{"system":"email","value":"fhir@lists.hl7.org"}]}],"description":"The days of the week.","caseSensitive":true,"valueSet":"http://hl7.org/fhir/ValueSet/days-of-week","content":"complete","concept":[{"code":"mon","display":"Monday","definition":"Monday"},{"code":"tue","display":"Tuesday","definition":"Tuesday"},{"code":"wed","display":"Wednesday","definition":"Wednesday"},{"code":"thu","display":"Thursday","definition":"Thursday"},{"code":"fri","display":"Friday","definition":"Friday"},{"code":"sat","display":"Saturday","definition":"Saturday"},{"code":"sun","display":"Sunday","definition":"Sunday"}]}