{"resourceType":"CodeSystem","id":"map-input-mode","meta":{"lastUpdated":"2019-10-24T11:53:00+11:00"},"extension":[{"url":"http://hl7.org/fhir/StructureDefinition/structuredefinition-ballot-status","valueString":"Informative"},{"url":"http://hl7.org/fhir/StructureDefinition/structuredefinition-fmm","valueInteger":2},{"url":"http://hl7.org/fhir/StructureDefinition/structuredefinition-wg","valueCode":"fhir"}],"url":"http://hl7.org/fhir/map-input-mode","identifier":{"system":"urn:ietf:rfc:3986","value":"urn:oid:2.16.840.1.113883.4.642.1.664"},"version":"3.0.2","name":"StructureMapInputMode","status":"draft","experimental":false,"date":"2019-10-24T11:53:00+11:00","publisher":"HL7 (FHIR Project)","contact":[{"telecom":[{"system":"url","value":"http://hl7.org/fhir"},{"system":"email","value":"fhir@lists.hl7.org"}]}],"description":"Mode for this instance of data","caseSensitive":true,"valueSet":"http://hl7.org/fhir/ValueSet/map-input-mode","content":"complete","concept":[{"code":"source","display":"Source Instance","definition":"Names an input instance used a source for mapping"},{"code":"target","display":"Target Instance","definition":"Names an instance that is being populated"}]}