{"resourceType":"CodeSystem","id":"v2-0181","meta":{"profile":["http://hl7.org/fhir/StructureDefinition/shareablecodesystem"]},"extension":[{"url":"http://hl7.org/fhir/StructureDefinition/structuredefinition-ballot-status","valueString":"External"},{"url":"http://hl7.org/fhir/StructureDefinition/structuredefinition-fmm","valueInteger":0}],"url":"http://hl7.org/fhir/v2/0181","identifier":{"system":"urn:ietf:rfc:3986","value":"urn:oid:2.16.840.1.113883.18.96"},"version":"2.8.2","name":"v2 MFN Record-level Error Return","status":"active","experimental":false,"publisher":"HL7, Inc","contact":[{"telecom":[{"system":"url","value":"http://hl7.org"}]}],"description":"FHIR Value set/code system definition for HL7 v2 table 0181 ( MFN Record-level Error Return)","caseSensitive":false,"valueSet":"http://hl7.org/fhir/ValueSet/v2-0181","content":"complete","concept":[{"code":"S","display":"Successful posting of the record defined by the MFE segment","designation":[{"language":"de","value":"Erfolgreiche Übernahme des Datensatzes"},{"language":"nl","value":"Succesvolle verzending van het gedefinieerde record in het MFE-segment"}]},{"code":"U","display":"Unsuccessful posting of the record defined by the MFE segment","designation":[{"language":"de","value":"Übernahme des Datensatzes nicht erfolgreich"},{"language":"nl","value":"Niet-succesvolle verzending van het gedefinieerde record in het MFE-segment"}]}]}