{"resourceType":"CodeSystem","id":"v2-0170","meta":{"profile":["http://hl7.org/fhir/StructureDefinition/shareablecodesystem"]},"extension":[{"url":"http://hl7.org/fhir/StructureDefinition/structuredefinition-ballot-status","valueString":"External"},{"url":"http://hl7.org/fhir/StructureDefinition/structuredefinition-fmm","valueInteger":0}],"url":"http://hl7.org/fhir/v2/0170","identifier":{"system":"urn:ietf:rfc:3986","value":"urn:oid:2.16.840.1.113883.18.88"},"version":"2.8.2","name":"v2 Derived Specimen","status":"active","experimental":false,"publisher":"HL7, Inc","contact":[{"telecom":[{"system":"url","value":"http://hl7.org"}]}],"description":"FHIR Value set/code system definition for HL7 v2 table 0170 ( Derived Specimen)","caseSensitive":false,"valueSet":"http://hl7.org/fhir/ValueSet/v2-0170","content":"complete","concept":[{"code":"C","display":"Child Observation","designation":[{"language":"de","value":"Untersuchung an sekundärem Probenmaterial"},{"language":"nl","value":"Onderliggende/deel observatie"}]},{"code":"N","display":"Not Applicable","designation":[{"language":"de","value":"Nicht Anwendbar"},{"language":"nl","value":"Niet van toepassing"}]},{"code":"P","display":"Parent Observation","designation":[{"language":"de","value":"Untersuchung an primärem Probenmaterial"},{"language":"nl","value":"Bovenliggende observatie"}]}]}