{"resourceType":"CodeSystem","id":"v2-0023","meta":{"profile":["http://hl7.org/fhir/StructureDefinition/shareablecodesystem"]},"extension":[{"url":"http://hl7.org/fhir/StructureDefinition/structuredefinition-ballot-status","valueString":"External"},{"url":"http://hl7.org/fhir/StructureDefinition/structuredefinition-fmm","valueInteger":0}],"url":"http://hl7.org/fhir/v2/0023","identifier":{"system":"urn:ietf:rfc:3986","value":"urn:oid:2.16.840.1.113883.18.14"},"version":"2.8.2","name":"v2 Admit Source","status":"active","experimental":false,"publisher":"HL7, Inc","contact":[{"telecom":[{"system":"url","value":"http://hl7.org"}]}],"description":"FHIR Value set/code system definition for HL7 v2 table 0023 ( Admit Source)","caseSensitive":false,"valueSet":"http://hl7.org/fhir/ValueSet/v2-0023","content":"complete","property":[{"code":"deprecated","uri":"http://hl7.org/fhir/concept-properties#deprecated","description":"The date at which a concept was deprecated. Concepts that are deprecated but not inactive can still be used, but their use is discouraged","type":"dateTime"}],"concept":[{"code":"...","display":"No suggested values defined","designation":[{"language":"nl","value":"geen voorgestelde waarden"}]},{"code":"1","display":"Physician referral","designation":[{"language":"de","value":"Überweisung durch Arzt"},{"language":"nl","value":"Verwijzing arts"}],"property":[{"code":"deprecated","valueDateTime":"2007-10"}]},{"code":"2","display":"Clinic referral","designation":[{"language":"de","value":"Überweisung durch Klinik"},{"language":"nl","value":"Kliniek verwijzing"}],"property":[{"code":"deprecated","valueDateTime":"2007-10"}]},{"code":"3","display":"HMO referral","designation":[{"language":"de","value":"nicht verwendet"},{"language":"nl","value":"HMO verwijzing"}],"property":[{"code":"deprecated","valueDateTime":"2007-10"}]},{"code":"4","display":"Transfer from a hospital","designation":[{"language":"de","value":"Verlegung aus Krankenhaus"},{"language":"nl","value":"Overplaatsing vanuit een ziekenhuis"}],"property":[{"code":"deprecated","valueDateTime":"2007-10"}]},{"code":"5","display":"Transfer from a skilled nursing facility","designation":[{"language":"de","value":"Verlegung aus Pflegeeinrichtung"},{"language":"nl","value":"Overplaatsing vanuit opgeleide verpleegkundige organisatie"}],"property":[{"code":"deprecated","valueDateTime":"2007-10"}]},{"code":"6","display":"Transfer from another health care facility","designation":[{"language":"de","value":"Verlegung aus sonstiger Gesundheitseinrichtung"},{"language":"nl","value":"Overplaatsing vanuit andere zorginstelling"}],"property":[{"code":"deprecated","valueDateTime":"2007-10"}]},{"code":"7","display":"Emergency room","designation":[{"language":"de","value":"Notfallambulanz"},{"language":"nl","value":"Spoedkamer"}],"property":[{"code":"deprecated","valueDateTime":"2007-10"}]},{"code":"8","display":"Court/law enforcement","designation":[{"language":"de","value":"Zwangseinweisung"},{"language":"nl","value":"Gerechterlijke/juridische dwang"}],"property":[{"code":"deprecated","valueDateTime":"2007-10"}]},{"code":"9","display":"Information not available","designation":[{"language":"de","value":"keine Information verfügbar"},{"language":"nl","value":"Informatie niet beschikbaar"}],"property":[{"code":"deprecated","valueDateTime":"2007-10"}]}]}