{"resourceType":"CodeSystem","id":"dicom-audit-lifecycle","meta":{"lastUpdated":"2019-10-24T11:53:00+11:00"},"extension":[{"url":"http://hl7.org/fhir/StructureDefinition/structuredefinition-ballot-status","valueString":"Informative"},{"url":"http://hl7.org/fhir/StructureDefinition/structuredefinition-fmm","valueInteger":0}],"url":"http://hl7.org/fhir/dicom-audit-lifecycle","version":"20100826","name":"DICOM Audit Message Record Lifecycle Events","status":"active","experimental":false,"description":"Attached is vocabulary for the record lifecycle events, as per DICOM Audit Message, ","copyright":"These codes are excerpted from Digital Imaging and Communications in Medicine (DICOM) Standard, Part 16: Content Mapping Resource, Copyright © 2011 by the National Electrical Manufacturers Association.","caseSensitive":true,"content":"complete","concept":[{"code":"1","display":"Origination / Creation"},{"code":"2","display":"Import / Copy"},{"code":"3","display":"Amendment"},{"code":"4","display":"Verification"},{"code":"5","display":"Translation"},{"code":"6","display":"Access / Use"},{"code":"7","display":"De-identification"},{"code":"8","display":"Aggregation / summarization / derivation"},{"code":"9","display":"Report"},{"code":"10","display":"Export"},{"code":"11","display":"Disclosure"},{"code":"12","display":"Receipt of disclosure"},{"code":"13","display":"Archiving"},{"code":"14","display":"Logical deletion"},{"code":"15","display":"Permanent erasure / Physical destruction"}]}