{"resourceType":"CodeSystem","id":"condition-ver-status","meta":{"lastUpdated":"2019-10-24T11:53:00+11:00"},"extension":[{"url":"http://hl7.org/fhir/StructureDefinition/structuredefinition-ballot-status","valueString":"Informative"},{"url":"http://hl7.org/fhir/StructureDefinition/structuredefinition-fmm","valueInteger":3},{"url":"http://hl7.org/fhir/StructureDefinition/structuredefinition-wg","valueCode":"pc"}],"url":"http://hl7.org/fhir/condition-ver-status","identifier":{"system":"urn:ietf:rfc:3986","value":"urn:oid:2.16.840.1.113883.4.642.1.158"},"version":"3.0.2","name":"ConditionVerificationStatus","status":"draft","experimental":false,"date":"2019-10-24T11:53:00+11:00","publisher":"HL7 (FHIR Project)","contact":[{"telecom":[{"system":"url","value":"http://hl7.org/fhir"},{"system":"email","value":"fhir@lists.hl7.org"}]}],"description":"The verification status to support or decline the clinical status of the condition or diagnosis.","caseSensitive":true,"valueSet":"http://hl7.org/fhir/ValueSet/condition-ver-status","content":"complete","concept":[{"code":"provisional","display":"Provisional","definition":"This is a tentative diagnosis - still a candidate that is under consideration."},{"code":"differential","display":"Differential","definition":"One of a set of potential (and typically mutually exclusive) diagnoses asserted to further guide the diagnostic process and preliminary treatment."},{"code":"confirmed","display":"Confirmed","definition":"There is sufficient diagnostic and/or clinical evidence to treat this as a confirmed condition."},{"code":"refuted","display":"Refuted","definition":"This condition has been ruled out by diagnostic and clinical evidence."},{"code":"entered-in-error","display":"Entered In Error","definition":"The statement was entered in error and is not valid."},{"code":"unknown","display":"Unknown","definition":"The condition status is unknown.  Note that \"unknown\" is a value of last resort and every attempt should be made to provide a meaningful value other than \"unknown\"."}]}