{"resourceType":"CodeSystem","id":"medication-request-intent","meta":{"lastUpdated":"2019-10-24T11:53:00+11:00"},"extension":[{"url":"http://hl7.org/fhir/StructureDefinition/structuredefinition-ballot-status","valueString":"Informative"},{"url":"http://hl7.org/fhir/StructureDefinition/structuredefinition-fmm","valueInteger":3},{"url":"http://hl7.org/fhir/StructureDefinition/structuredefinition-wg","valueCode":"phx"}],"url":"http://hl7.org/fhir/medication-request-intent","identifier":{"system":"urn:ietf:rfc:3986","value":"urn:oid:2.16.840.1.113883.4.642.1.346"},"version":"3.0.2","name":"MedicationRequestIntent","status":"draft","experimental":false,"date":"2019-10-24T11:53:00+11:00","publisher":"HL7 (FHIR Project)","contact":[{"telecom":[{"system":"url","value":"http://hl7.org/fhir"},{"system":"email","value":"fhir@lists.hl7.org"}]}],"description":"The kind of medication order","caseSensitive":true,"valueSet":"http://hl7.org/fhir/ValueSet/medication-request-intent","content":"complete","concept":[{"code":"proposal","display":"Proposal","definition":"The request is a suggestion made by someone/something that doesn't have an intention to ensure it occurs and without providing an authorization to act"},{"code":"plan","display":"Plan","definition":"The request represents an intension to ensure something occurs without providing an authorization for others to act"},{"code":"order","display":"Order","definition":"The request represents a request/demand and authorization for action"},{"code":"instance-order","display":"Instance Order","definition":"The request represents an instance for the particular order, for example a medication administration record."}]}