{"resourceType":"CodeSystem","id":"v2-0146","meta":{"profile":["http://hl7.org/fhir/StructureDefinition/shareablecodesystem"]},"extension":[{"url":"http://hl7.org/fhir/StructureDefinition/structuredefinition-ballot-status","valueString":"External"},{"url":"http://hl7.org/fhir/StructureDefinition/structuredefinition-fmm","valueInteger":0}],"url":"http://hl7.org/fhir/v2/0146","identifier":{"system":"urn:ietf:rfc:3986","value":"urn:oid:2.16.840.1.113883.18.67"},"version":"2.8.2","name":"v2 Amount Type","status":"active","experimental":false,"publisher":"HL7, Inc","contact":[{"telecom":[{"system":"url","value":"http://hl7.org"}]}],"description":"FHIR Value set/code system definition for HL7 v2 table 0146 ( Amount Type)","caseSensitive":false,"valueSet":"http://hl7.org/fhir/ValueSet/v2-0146","content":"complete","concept":[{"code":"DF","display":"Differential","designation":[{"language":"de","value":"Differenzbetrag"},{"language":"nl","value":"Differentieel"}]},{"code":"LM","display":"Limit","designation":[{"language":"de","value":"Höchstbetrag"},{"language":"nl","value":"Grens"}]},{"extension":[{"url":"http://hl7.org/fhir/StructureDefinition/codesystem-comments","valueString":"Retained for backward compatibility only as of v 2.5"}],"code":"PC","display":"Percentage","designation":[{"language":"de","value":"Prozentsatz"},{"language":"nl","value":"Percentage"}]},{"code":"RT","display":"Rate","designation":[{"language":"de","value":"Tagessatz"},{"language":"nl","value":"Kostprijs"}]},{"code":"UL","display":"Unlimited","designation":[{"language":"de","value":"unbegrenzt"},{"language":"nl","value":"Onbeperkt"}]}]}