{"resourceType":"CodeSystem","id":"conceptmap-unmapped-mode","meta":{"lastUpdated":"2019-10-24T11:53:00+11:00"},"extension":[{"url":"http://hl7.org/fhir/StructureDefinition/structuredefinition-ballot-status","valueString":"Informative"},{"url":"http://hl7.org/fhir/StructureDefinition/structuredefinition-fmm","valueInteger":3},{"url":"http://hl7.org/fhir/StructureDefinition/structuredefinition-wg","valueCode":"vocab"}],"url":"http://hl7.org/fhir/conceptmap-unmapped-mode","identifier":{"system":"urn:ietf:rfc:3986","value":"urn:oid:2.16.840.1.113883.4.642.1.474"},"version":"3.0.2","name":"ConceptMapGroupUnmappedMode","status":"draft","experimental":false,"date":"2019-10-24T11:53:00+11:00","publisher":"HL7 (FHIR Project)","contact":[{"telecom":[{"system":"url","value":"http://hl7.org/fhir"},{"system":"email","value":"fhir@lists.hl7.org"}]}],"description":"Defines which action to take if there is no match in the group.","caseSensitive":true,"valueSet":"http://hl7.org/fhir/ValueSet/conceptmap-unmapped-mode","content":"complete","concept":[{"code":"provided","display":"Provided Code","definition":"Use the code as provided in the $translate request"},{"code":"fixed","display":"Fixed Code","definition":"Use the code explicitly provided in the group.unmapped"},{"code":"other-map","display":"Other Map","definition":"Use the map identified by the canonical URL in URL"}]}