{"resourceType":"CodeSystem","id":"v2-0180","meta":{"profile":["http://hl7.org/fhir/StructureDefinition/shareablecodesystem"]},"extension":[{"url":"http://hl7.org/fhir/StructureDefinition/structuredefinition-ballot-status","valueString":"External"},{"url":"http://hl7.org/fhir/StructureDefinition/structuredefinition-fmm","valueInteger":0}],"url":"http://hl7.org/fhir/v2/0180","identifier":{"system":"urn:ietf:rfc:3986","value":"urn:oid:2.16.840.1.113883.18.95"},"version":"2.8.2","name":"v2 Record-level Event Code","status":"active","experimental":false,"publisher":"HL7, Inc","contact":[{"telecom":[{"system":"url","value":"http://hl7.org"}]}],"description":"FHIR Value set/code system definition for HL7 v2 table 0180 ( Record-level Event Code)","caseSensitive":false,"valueSet":"http://hl7.org/fhir/ValueSet/v2-0180","content":"complete","concept":[{"code":"MAC","display":"Reactivate deactivated record","designation":[{"language":"de","value":"Datensatz wieder aktivieren"},{"language":"nl","value":"Reactiveren van gedeactiveerd record"}]},{"code":"MAD","display":"Add record to master file","designation":[{"language":"de","value":"Datensatz hinzufügen"},{"language":"nl","value":"Toevoegen aan masterbestand"}]},{"code":"MDC","display":"Deactivate: discontinue using record in master file, but do not delete from database","designation":[{"language":"de","value":"Datensatz inaktivieren, aber nicht löschen"},{"language":"nl","value":"Deactiveren - stop gebruik van record in masterbestand, maar niet verwijderen uit database"}]},{"code":"MDL","display":"Delete record from master file","designation":[{"language":"de","value":"Datensatz löschen"},{"language":"nl","value":"Verwijderen uit masterbestand"}]},{"code":"MUP","display":"Update record for master file","designation":[{"language":"de","value":"Datensatz ändern"},{"language":"nl","value":"Updaten in masterbestand"}]}]}