{"resourceType":"CodeSystem","id":"organization-type","meta":{"lastUpdated":"2019-10-24T11:53:00+11:00","profile":["http://hl7.org/fhir/StructureDefinition/shareablecodesystem"]},"extension":[{"url":"http://hl7.org/fhir/StructureDefinition/structuredefinition-ballot-status","valueString":"Informative"},{"url":"http://hl7.org/fhir/StructureDefinition/structuredefinition-fmm","valueInteger":1},{"url":"http://hl7.org/fhir/StructureDefinition/structuredefinition-wg","valueCode":"pa"}],"url":"http://hl7.org/fhir/organization-type","identifier":{"system":"urn:ietf:rfc:3986","value":"urn:oid:2.16.840.1.113883.4.642.1.404"},"version":"3.0.2","name":"OrganizationType","status":"draft","experimental":true,"publisher":"FHIR Project team","contact":[{"telecom":[{"system":"url","value":"http://hl7.org/fhir"}]}],"description":"This example value set defines a set of codes that can be used to indicate a type of organization.","caseSensitive":true,"valueSet":"http://hl7.org/fhir/ValueSet/organization-type","content":"complete","concept":[{"code":"prov","display":"Healthcare Provider","definition":"An organization that provides healthcare services."},{"code":"dept","display":"Hospital Department","definition":"A department or ward within a hospital (Generally is not applicable to top level organizations)"},{"code":"team","display":"Organizational team","definition":"An organizational team is usually a grouping of practitioners that perform a specific function within an organization (which could be a top level organization, or a department)."},{"code":"govt","display":"Government","definition":"A political body, often used when including organization records for government bodies such as a Federal Government, State or Local Government."},{"code":"ins","display":"Insurance Company","definition":"A company that provides insurance to its subscribers that may include healthcare related policies."},{"code":"edu","display":"Educational Institute","definition":"An educational institution that provides education or research facilities."},{"code":"reli","display":"Religious Institution","definition":"An organization that is identified as a part of a religious institution."},{"code":"crs","display":"Clinical Research Sponsor","definition":"An organization that is identified as a Pharmaceutical/Clinical Research Sponsor."},{"code":"cg","display":"Community Group","definition":"An un-incorporated community group."},{"code":"bus","display":"Non-Healthcare Business or Corporation","definition":"An organization that is a registered business or corporation but not identified by other types."},{"code":"other","display":"Other","definition":"Other type of organization not already specified."}]}