{"resourceType":"CodeSystem","id":"medication-statement-category","meta":{"lastUpdated":"2019-10-24T11:53:00+11:00"},"extension":[{"url":"http://hl7.org/fhir/StructureDefinition/structuredefinition-ballot-status","valueString":"Informative"},{"url":"http://hl7.org/fhir/StructureDefinition/structuredefinition-fmm","valueInteger":3},{"url":"http://hl7.org/fhir/StructureDefinition/structuredefinition-wg","valueCode":"phx"}],"url":"http://hl7.org/fhir/medication-statement-category","identifier":{"system":"urn:ietf:rfc:3986","value":"urn:oid:2.16.840.1.113883.4.642.1.356"},"version":"3.0.2","name":"MedicationStatementCategory","status":"draft","experimental":false,"date":"2019-10-24T11:53:00+11:00","publisher":"HL7 (FHIR Project)","contact":[{"telecom":[{"system":"url","value":"http://hl7.org/fhir"},{"system":"email","value":"fhir@lists.hl7.org"}]}],"description":"A coded concept identifying where the medication included in the medicationstatement is expected to be consumed or administered","caseSensitive":true,"valueSet":"http://hl7.org/fhir/ValueSet/medication-statement-category","content":"complete","concept":[{"code":"inpatient","display":"Inpatient","definition":"Includes orders for medications to be administered or consumed in an inpatient or acute care setting"},{"code":"outpatient","display":"Outpatient","definition":"Includes orders for medications to be administered or consumed in an outpatient setting (for example, Emergency Department, Outpatient Clinic, Outpatient Surgery, Doctor's office)"},{"code":"community","display":"Community","definition":"Includes orders for medications to be administered or consumed by the patient in their home (this would include long term care or nursing homes, hospices, etc)"},{"code":"patientspecified","display":"Patient Specified","definition":"Includes statements about medication use, including over the counter medication, provided by the patient, agent or another provider"}]}