{"resourceType":"CodeSystem","id":"v2-0183","meta":{"profile":["http://hl7.org/fhir/StructureDefinition/shareablecodesystem"]},"extension":[{"url":"http://hl7.org/fhir/StructureDefinition/structuredefinition-ballot-status","valueString":"External"},{"url":"http://hl7.org/fhir/StructureDefinition/structuredefinition-fmm","valueInteger":0}],"url":"http://hl7.org/fhir/v2/0183","identifier":{"system":"urn:ietf:rfc:3986","value":"urn:oid:2.16.840.1.113883.18.97"},"version":"2.8.2","name":"v2 Active/Inactive","status":"active","experimental":false,"publisher":"HL7, Inc","contact":[{"telecom":[{"system":"url","value":"http://hl7.org"}]}],"description":"FHIR Value set/code system definition for HL7 v2 table 0183 ( Active/Inactive)","caseSensitive":false,"valueSet":"http://hl7.org/fhir/ValueSet/v2-0183","content":"complete","concept":[{"code":"A","display":"Active Staff","designation":[{"language":"de","value":"Aktiver Mitarbeiter"},{"language":"nl","value":"Actieve medewerker"}]},{"code":"I","display":"Inactive Staff","designation":[{"language":"de","value":"Inaktiver / beurlaubter Mitarbeiter"},{"language":"nl","value":"Inactieve medewerker"}]}]}