{"resourceType":"CodeSystem","id":"specification-type","meta":{"lastUpdated":"2019-10-24T11:53:00+11:00"},"extension":[{"url":"http://hl7.org/fhir/StructureDefinition/structuredefinition-ballot-status","valueString":"Informative"},{"url":"http://hl7.org/fhir/StructureDefinition/structuredefinition-fmm","valueInteger":1},{"url":"http://hl7.org/fhir/StructureDefinition/structuredefinition-wg","valueCode":"dev"}],"url":"http://hl7.org/fhir/specification-type","identifier":{"system":"urn:ietf:rfc:3986","value":"urn:oid:2.16.840.1.113883.4.642.1.898"},"version":"3.0.2","name":"DeviceSpecificationSpecType","status":"draft","experimental":false,"date":"2019-10-24T11:53:00+11:00","publisher":"HL7 (FHIR Project)","contact":[{"telecom":[{"system":"url","value":"http://hl7.org/fhir"},{"system":"email","value":"fhir@lists.hl7.org"}]}],"description":"Codes for device specification types such as serial number, part number, hardware revision, software revision, etc.","caseSensitive":true,"valueSet":"http://hl7.org/fhir/ValueSet/specification-type","content":"complete","concept":[{"code":"unspecified","display":"Unspecified Production Specification","definition":"Unspecified Production Specification - MDC_ID_PROD_SPEC_UNSPECIFIED"},{"code":"serial-number","display":"Serial Number","definition":"Serial Number - MDC_ID_PROD_SPEC_SERIAL"},{"code":"part-number","display":"Part Number","definition":"Part Number - MDC_ID_PROD_SPEC_PART"},{"code":"hardware-revision","display":"Hardware Revision","definition":"Hardware Revision - MDC_ID_PROD_SPEC_HW"},{"code":"software-revision","display":"Software Revision","definition":"Software Revision - MDC_ID_PROD_SPEC_SW"},{"code":"firmware-revision","display":"Firmware Revision","definition":"Firmware Revision - MDC_ID_PROD_SPEC_FW"},{"code":"protocol-revision","display":"Protocol Revision","definition":"Protocol Revision - MDC_ID_PROD_SPEC_PROTOCOL"},{"code":"gmdn","display":"GMDN","definition":"GMDN - MDC_ID_PROD_SPEC_GMDN"}]}