{"resourceType":"CodeSystem","id":"medication-request-status","meta":{"lastUpdated":"2019-10-24T11:53:00+11:00"},"extension":[{"url":"http://hl7.org/fhir/StructureDefinition/structuredefinition-ballot-status","valueString":"Informative"},{"url":"http://hl7.org/fhir/StructureDefinition/structuredefinition-fmm","valueInteger":3},{"url":"http://hl7.org/fhir/StructureDefinition/structuredefinition-wg","valueCode":"phx"}],"url":"http://hl7.org/fhir/medication-request-status","identifier":{"system":"urn:ietf:rfc:3986","value":"urn:oid:2.16.840.1.113883.4.642.1.344"},"version":"3.0.2","name":"MedicationRequestStatus","status":"draft","experimental":false,"date":"2019-10-24T11:53:00+11:00","publisher":"HL7 (FHIR Project)","contact":[{"telecom":[{"system":"url","value":"http://hl7.org/fhir"},{"system":"email","value":"fhir@lists.hl7.org"}]}],"description":"A coded concept specifying the state of the prescribing event. Describes the lifecycle of the prescription","caseSensitive":true,"valueSet":"http://hl7.org/fhir/ValueSet/medication-request-status","content":"complete","concept":[{"code":"active","display":"Active","definition":"The prescription is 'actionable', but not all actions that are implied by it have occurred yet."},{"code":"on-hold","display":"On Hold","definition":"Actions implied by the prescription are to be temporarily halted, but are expected to continue later.  May also be called \"suspended\"."},{"code":"cancelled","display":"Cancelled","definition":"The prescription has been withdrawn."},{"code":"completed","display":"Completed","definition":"All actions that are implied by the prescription have occurred."},{"code":"entered-in-error","display":"Entered In Error","definition":"The prescription was entered in error."},{"code":"stopped","display":"Stopped","definition":"Actions implied by the prescription are to be permanently halted, before all of them occurred."},{"code":"draft","display":"Draft","definition":"The prescription is not yet 'actionable', i.e. it is a work in progress, requires sign-off or verification, and needs to be run through decision support process."},{"code":"unknown","display":"Unknown","definition":"The authoring system does not know which of the status values currently applies for this request"}]}