{"resourceType":"CodeSystem","id":"consent-action","meta":{"lastUpdated":"2019-10-24T11:53:00+11:00","profile":["http://hl7.org/fhir/StructureDefinition/shareablecodesystem"]},"extension":[{"url":"http://hl7.org/fhir/StructureDefinition/structuredefinition-ballot-status","valueString":"Informative"},{"url":"http://hl7.org/fhir/StructureDefinition/structuredefinition-fmm","valueInteger":1},{"url":"http://hl7.org/fhir/StructureDefinition/structuredefinition-wg","valueCode":"cbcc"}],"url":"http://hl7.org/fhir/consentaction","identifier":{"system":"urn:ietf:rfc:3986","value":"urn:oid:2.16.840.1.113883.4.642.1.738"},"version":"3.0.2","name":"Consent Action Codes","status":"draft","experimental":true,"publisher":"CBCC","contact":[{"telecom":[{"system":"url","value":"http://hl7.org/fhir"}]}],"description":"This value set includes sample Consent Action codes.","copyright":"This is an example set.","caseSensitive":true,"valueSet":"http://hl7.org/fhir/ValueSet/consent-action","content":"complete","concept":[{"code":"collect","display":"Collect","definition":"Gather/acquire information by an entity to achieve a stated purpose"},{"code":"access","display":"Access","definition":"Provide an entity access to information to achieve a stated purpose"},{"code":"use","display":"Use","definition":"Use of stored information by an entity fo the stated purpose"},{"code":"disclose","display":"Disclose","definition":"Release / transfer of information to an entity "},{"code":"correct","display":"Access and Correct","definition":"Allowing an entity to correct a patient's information"}]}