{"resourceType":"CodeSystem","id":"action-relationship-type","meta":{"lastUpdated":"2019-10-24T11:53:00+11:00"},"extension":[{"url":"http://hl7.org/fhir/StructureDefinition/structuredefinition-ballot-status","valueString":"Informative"},{"url":"http://hl7.org/fhir/StructureDefinition/structuredefinition-fmm","valueInteger":2},{"url":"http://hl7.org/fhir/StructureDefinition/structuredefinition-wg","valueCode":"cds"}],"url":"http://hl7.org/fhir/action-relationship-type","identifier":{"system":"urn:ietf:rfc:3986","value":"urn:oid:2.16.840.1.113883.4.642.1.797"},"version":"3.0.2","name":"ActionRelationshipType","status":"draft","experimental":false,"date":"2019-10-24T11:53:00+11:00","publisher":"HL7 (FHIR Project)","contact":[{"telecom":[{"system":"url","value":"http://hl7.org/fhir"},{"system":"email","value":"fhir@lists.hl7.org"}]}],"description":"Defines the types of relationships between actions","caseSensitive":true,"valueSet":"http://hl7.org/fhir/ValueSet/action-relationship-type","content":"complete","concept":[{"code":"before-start","display":"Before Start","definition":"The action must be performed before the start of the related action"},{"code":"before","display":"Before","definition":"The action must be performed before the related action"},{"code":"before-end","display":"Before End","definition":"The action must be performed before the end of the related action"},{"code":"concurrent-with-start","display":"Concurrent With Start","definition":"The action must be performed concurrent with the start of the related action"},{"code":"concurrent","display":"Concurrent","definition":"The action must be performed concurrent with the related action"},{"code":"concurrent-with-end","display":"Concurrent With End","definition":"The action must be performed concurrent with the end of the related action"},{"code":"after-start","display":"After Start","definition":"The action must be performed after the start of the related action"},{"code":"after","display":"After","definition":"The action must be performed after the related action"},{"code":"after-end","display":"After End","definition":"The action must be performed after the end of the related action"}]}