{"resourceType":"CodeSystem","id":"measure-data-usage","meta":{"lastUpdated":"2019-10-24T11:53:00+11:00"},"extension":[{"url":"http://hl7.org/fhir/StructureDefinition/structuredefinition-ballot-status","valueString":"Informative"},{"url":"http://hl7.org/fhir/StructureDefinition/structuredefinition-fmm","valueInteger":2},{"url":"http://hl7.org/fhir/StructureDefinition/structuredefinition-wg","valueCode":"cqi"}],"url":"http://hl7.org/fhir/measure-data-usage","identifier":{"system":"urn:ietf:rfc:3986","value":"urn:oid:2.16.840.1.113883.4.642.1.756"},"version":"3.0.2","name":"MeasureDataUsage","status":"draft","experimental":false,"date":"2019-10-24T11:53:00+11:00","publisher":"HL7 (FHIR Project)","contact":[{"telecom":[{"system":"url","value":"http://hl7.org/fhir"},{"system":"email","value":"fhir@lists.hl7.org"}]}],"description":"The intended usage for supplemental data elements in the measure","caseSensitive":true,"valueSet":"http://hl7.org/fhir/ValueSet/measure-data-usage","content":"complete","concept":[{"code":"supplemental-data","display":"Supplemental Data","definition":"The data is intended to be provided as additional information alongside the measure results"},{"code":"risk-adjustment-factor","display":"Risk Adjustment Factor","definition":"The data is intended to be used to calculate and apply a risk adjustment model for the measure"}]}