{"resourceType":"CodeSystem","id":"v2-0008","meta":{"profile":["http://hl7.org/fhir/StructureDefinition/shareablecodesystem"]},"extension":[{"url":"http://hl7.org/fhir/StructureDefinition/structuredefinition-ballot-status","valueString":"External"},{"url":"http://hl7.org/fhir/StructureDefinition/structuredefinition-fmm","valueInteger":0}],"url":"http://hl7.org/fhir/v2/0008","identifier":{"system":"urn:ietf:rfc:3986","value":"urn:oid:2.16.840.1.113883.18.10"},"version":"2.8.2","name":"v2 Acknowledgment code","status":"active","experimental":false,"publisher":"HL7, Inc","contact":[{"telecom":[{"system":"url","value":"http://hl7.org"}]}],"description":"FHIR Value set/code system definition for HL7 v2 table 0008 ( Acknowledgment code)","caseSensitive":false,"valueSet":"http://hl7.org/fhir/ValueSet/v2-0008","content":"complete","concept":[{"code":"AA","display":"Original mode: Application Accept - Enhanced mode: Application acknowledgment: Accept","designation":[{"language":"de","value":"akzeptiert durch Anwendung"},{"language":"nl","value":"Original modus: Applicatiebevestiging - Enhanced modus: Applicatiebevestiging: accepteer"}]},{"code":"AE","display":"Original mode: Application Error - Enhanced mode: Application acknowledgment: Error","designation":[{"language":"de","value":"Fehler in Anwendung"},{"language":"nl","value":"Original modus: Applicatiefout - Enhanced modus: Applicatiebevestiging: fout"}]},{"code":"AR","display":"Original mode: Application Reject - Enhanced mode: Application acknowledgment: Reject","designation":[{"language":"de","value":"Abgelehnt durch Anwendung"},{"language":"nl","value":"Original modus: Applicatieweigering - Enhanced modus: Applicatiebevestiging: weiger"}]},{"code":"CA","display":"Enhanced mode: Accept acknowledgment: Commit Accept","designation":[{"language":"de","value":"Bei Eingangsprüfung akzeptiert (\"committed\")"},{"language":"nl","value":"Enhanced modus: Ontvangstbevestiging: accepteer ontvangst"}]},{"code":"CE","display":"Enhanced mode: Accept acknowledgment: Commit Error","designation":[{"language":"de","value":"Fehler bei Eingangsprüfung"},{"language":"nl","value":"Enhanced modus: Ontvangstbevestiging: fout in ontvangst"}]},{"code":"CR","display":"Enhanced mode: Accept acknowledgment: Commit Reject","designation":[{"language":"de","value":"Bei Eingangsprüfung abgelehnt"},{"language":"nl","value":"Enhanced modus: Ontvangstbevestiging: weigering te ontvangen"}]}]}