{"resourceType":"CodeSystem","id":"v2-0137","meta":{"profile":["http://hl7.org/fhir/StructureDefinition/shareablecodesystem"]},"extension":[{"url":"http://hl7.org/fhir/StructureDefinition/structuredefinition-ballot-status","valueString":"External"},{"url":"http://hl7.org/fhir/StructureDefinition/structuredefinition-fmm","valueInteger":0}],"url":"http://hl7.org/fhir/v2/0137","identifier":{"system":"urn:ietf:rfc:3986","value":"urn:oid:2.16.840.1.113883.18.61"},"version":"2.8.2","name":"v2 Mail Claim Party","status":"active","experimental":false,"publisher":"HL7, Inc","contact":[{"telecom":[{"system":"url","value":"http://hl7.org"}]}],"description":"FHIR Value set/code system definition for HL7 v2 table 0137 ( Mail Claim Party)","caseSensitive":false,"valueSet":"http://hl7.org/fhir/ValueSet/v2-0137","content":"complete","concept":[{"code":"E","display":"Employer","designation":[{"language":"de","value":"Arbeitgeber"},{"language":"nl","value":"Werkgever"}]},{"code":"G","display":"Guarantor","designation":[{"language":"de","value":"Zahlungspflichtiger"},{"language":"nl","value":"Garantstaande"}]},{"code":"I","display":"Insurance company","designation":[{"language":"de","value":"Versicherung / Krankenkasse"},{"language":"nl","value":"Verzekeraar"}]},{"code":"O","display":"Other","designation":[{"language":"de","value":"andere"},{"language":"nl","value":"Anders"}]},{"code":"P","display":"Patient","designation":[{"language":"de","value":"Patient / Selbstzahler"},{"language":"nl","value":"Patiënt"}]}]}