{"resourceType":"CodeSystem","id":"policyholder-relationship","meta":{"lastUpdated":"2019-10-24T11:53:00+11:00","profile":["http://hl7.org/fhir/StructureDefinition/shareablecodesystem"]},"extension":[{"url":"http://hl7.org/fhir/StructureDefinition/structuredefinition-ballot-status","valueString":"Informative"},{"url":"http://hl7.org/fhir/StructureDefinition/structuredefinition-fmm","valueInteger":1},{"url":"http://hl7.org/fhir/StructureDefinition/structuredefinition-wg","valueCode":"fm"}],"url":"http://hl7.org/fhir/policyholder-relationship","identifier":{"system":"urn:ietf:rfc:3986","value":"urn:oid:2.16.840.1.113883.4.642.1.516"},"version":"3.0.2","name":"Policyholder Relationship Codes","status":"draft","experimental":true,"publisher":"Financial Management","contact":[{"telecom":[{"system":"url","value":"http://hl7.org/fhir"}]},{"telecom":[{"system":"url","value":"http://hl7.org/fhir"}]}],"description":"This value set includes codes for the relationship between the Policyholder and the Beneficiary (insured/covered party/patient)..","copyright":"This is an example set.","caseSensitive":true,"valueSet":"http://hl7.org/fhir/ValueSet/policyholder-relationship","content":"complete","concept":[{"code":"child","display":"Child","definition":"The Beneficiary is a child of the Policyholder"},{"code":"parent","display":"Parent","definition":"The Beneficiary is a parent of the Policyholder"},{"code":"spouse","display":"Spouse","definition":"The Beneficiary is a spouse or equivalent of the Policyholder"},{"code":"common","display":"Common Law Spouse","definition":"The Beneficiary is a common law spouse or equivalent of the Policyholder"},{"code":"other","display":"Other","definition":"The Beneficiary has some other relationship the Policyholder"},{"code":"self","display":"Self","definition":"The Beneficiary is the Policyholder"}]}