{"resourceType":"CodeSystem","id":"participantrequired","meta":{"lastUpdated":"2019-10-24T11:53:00+11:00"},"extension":[{"url":"http://hl7.org/fhir/StructureDefinition/structuredefinition-ballot-status","valueString":"Informative"},{"url":"http://hl7.org/fhir/StructureDefinition/structuredefinition-fmm","valueInteger":3},{"url":"http://hl7.org/fhir/StructureDefinition/structuredefinition-wg","valueCode":"pa"}],"url":"http://hl7.org/fhir/participantrequired","identifier":{"system":"urn:ietf:rfc:3986","value":"urn:oid:2.16.840.1.113883.4.642.1.482"},"version":"3.0.2","name":"ParticipantRequired","status":"draft","experimental":false,"date":"2019-10-24T11:53:00+11:00","publisher":"HL7 (FHIR Project)","contact":[{"telecom":[{"system":"url","value":"http://hl7.org/fhir"},{"system":"email","value":"fhir@lists.hl7.org"}]}],"description":"Is the Participant required to attend the appointment.","caseSensitive":true,"valueSet":"http://hl7.org/fhir/ValueSet/participantrequired","content":"complete","concept":[{"code":"required","display":"Required","definition":"The participant is required to attend the appointment."},{"code":"optional","display":"Optional","definition":"The participant may optionally attend the appointment."},{"code":"information-only","display":"Information Only","definition":"The participant is excluded from the appointment, and may not be informed of the appointment taking place. (Appointment is about them, not for them - such as 2 doctors discussing results about a patient's test)."}]}