{"resourceType":"CodeSystem","id":"claim-use","meta":{"lastUpdated":"2019-10-24T11:53:00+11:00"},"extension":[{"url":"http://hl7.org/fhir/StructureDefinition/structuredefinition-ballot-status","valueString":"Informative"},{"url":"http://hl7.org/fhir/StructureDefinition/structuredefinition-fmm","valueInteger":2},{"url":"http://hl7.org/fhir/StructureDefinition/structuredefinition-wg","valueCode":"fm"}],"url":"http://hl7.org/fhir/claim-use","identifier":{"system":"urn:ietf:rfc:3986","value":"urn:oid:2.16.840.1.113883.4.642.1.537"},"version":"3.0.2","name":"Use","status":"draft","experimental":false,"date":"2019-10-24T11:53:00+11:00","publisher":"HL7 (FHIR Project)","contact":[{"telecom":[{"system":"url","value":"http://hl7.org/fhir"},{"system":"email","value":"fhir@lists.hl7.org"}]}],"description":"Complete, proposed, exploratory, other","caseSensitive":true,"valueSet":"http://hl7.org/fhir/ValueSet/claim-use","content":"complete","concept":[{"code":"complete","display":"Complete","definition":"The treatment is complete and this represents a Claim for the services."},{"code":"proposed","display":"Proposed","definition":"The treatment is proposed and this represents a Pre-authorization for the services."},{"code":"exploratory","display":"Exploratory","definition":"The treatment is proposed and this represents a Pre-determination for the services."},{"code":"other","display":"Other","definition":"A locally defined or otherwise resolved status."}]}