{"resourceType":"CodeSystem","id":"ex-program-code","meta":{"lastUpdated":"2019-10-24T11:53:00+11:00","profile":["http://hl7.org/fhir/StructureDefinition/shareablecodesystem"]},"extension":[{"url":"http://hl7.org/fhir/StructureDefinition/structuredefinition-wg","valueCode":"fm"},{"url":"http://hl7.org/fhir/StructureDefinition/structuredefinition-ballot-status","valueString":"Draft"},{"url":"http://hl7.org/fhir/StructureDefinition/structuredefinition-fmm","valueInteger":1}],"url":"http://hl7.org/fhir/ex-programcode","identifier":{"system":"urn:ietf:rfc:3986","value":"urn:oid:2.16.840.1.113883.4.642.1.569"},"version":"3.0.2","name":"Example Program Reason Codes","status":"draft","experimental":true,"publisher":"Financial Management","contact":[{"telecom":[{"system":"url","value":"http://hl7.org/fhir"}]}],"description":"This value set includes sample Program Reason Span codes.","copyright":"This is an example set.","caseSensitive":true,"valueSet":"http://hl7.org/fhir/ValueSet/ex-program-code","content":"complete","concept":[{"code":"as","display":"Child Asthma","definition":"Child Asthma Program"},{"code":"hd","display":"Heamodialisis","definition":"Heamodialisis Program."},{"code":"auscr","display":"Autism Screening","definition":"Autism Screening Program."},{"code":"none","display":"None","definition":"No program code applies."}]}