{"resourceType":"CodeSystem","id":"consent-state-codes","meta":{"lastUpdated":"2019-10-24T11:53:00+11:00"},"extension":[{"url":"http://hl7.org/fhir/StructureDefinition/structuredefinition-ballot-status","valueString":"Informative"},{"url":"http://hl7.org/fhir/StructureDefinition/structuredefinition-fmm","valueInteger":1},{"url":"http://hl7.org/fhir/StructureDefinition/structuredefinition-wg","valueCode":"cbcc"}],"url":"http://hl7.org/fhir/consent-state-codes","identifier":{"system":"urn:ietf:rfc:3986","value":"urn:oid:2.16.840.1.113883.4.642.1.740"},"version":"3.0.2","name":"ConsentState","status":"draft","experimental":false,"date":"2019-10-24T11:53:00+11:00","publisher":"HL7 (FHIR Project)","contact":[{"telecom":[{"system":"url","value":"http://hl7.org/fhir"},{"system":"email","value":"fhir@lists.hl7.org"}]}],"description":"Indicates the state of the consent","caseSensitive":true,"valueSet":"http://hl7.org/fhir/ValueSet/consent-state-codes","content":"complete","concept":[{"code":"draft","display":"Pending","definition":"The consent is in development or awaiting use but is not yet intended to be acted upon."},{"code":"proposed","display":"Proposed","definition":"The consent has been proposed but not yet agreed to by all parties. The negotiation stage."},{"code":"active","display":"Active","definition":"The consent is to be followed and enforced."},{"code":"rejected","display":"Rejected","definition":"The consent has been rejected by one or more of the parties."},{"code":"inactive","display":"Inactive","definition":"The consent is terminated or replaced."},{"code":"entered-in-error","display":"Entered in Error","definition":"The consent was created wrongly (e.g. wrong patient) and should be ignored"}]}