{"resourceType":"CodeSystem","id":"v2-0076","meta":{"profile":["http://hl7.org/fhir/StructureDefinition/shareablecodesystem"]},"extension":[{"url":"http://hl7.org/fhir/StructureDefinition/structuredefinition-ballot-status","valueString":"External"},{"url":"http://hl7.org/fhir/StructureDefinition/structuredefinition-fmm","valueInteger":0}],"url":"http://hl7.org/fhir/v2/0076","identifier":{"system":"urn:ietf:rfc:3986","value":"urn:oid:2.16.840.1.113883.18.30"},"version":"2.8.2","name":"v2 Message Type","status":"active","experimental":false,"publisher":"HL7, Inc","contact":[{"telecom":[{"system":"url","value":"http://hl7.org"}]}],"description":"FHIR Value set/code system definition for HL7 v2 table 0076 ( Message Type)","caseSensitive":false,"valueSet":"http://hl7.org/fhir/ValueSet/v2-0076","content":"complete","property":[{"code":"deprecated","uri":"http://hl7.org/fhir/concept-properties#deprecated","description":"The date at which a concept was deprecated. Concepts that are deprecated but not inactive can still be used, but their use is discouraged","type":"dateTime"}],"concept":[{"extension":[{"url":"http://hl7.org/fhir/StructureDefinition/codesystem-comments","valueString":"2"}],"code":"ACK","display":"General acknowledgment message","designation":[{"language":"de","value":"Empfangsbestätigung"},{"language":"nl","value":"Algemeen bevestigingsbericht"}]},{"extension":[{"url":"http://hl7.org/fhir/StructureDefinition/codesystem-comments","valueString":"3 - Deprecated"}],"code":"ADR","display":"ADT response","designation":[{"language":"de","value":"Antwort auf Anfrage bezüglich Aufnahme / Verlegung / Entlassung von Patienten"},{"language":"nl","value":"ADT antwoord"}]},{"extension":[{"url":"http://hl7.org/fhir/StructureDefinition/codesystem-comments","valueString":"3"}],"code":"ADT","display":"ADT message","designation":[{"language":"de","value":"Aufnahme / Entlassung / Verlegung"},{"language":"nl","value":"ADT-bericht"}]},{"code":"ARD","display":"Ancillary RPT (display) (for backward compatibility only)","designation":[{"language":"de","value":"Befundbericht"},{"language":"nl","value":"Aanvullend RPT (weergave) (alleen voor backward compatbiliteit)"}],"property":[{"code":"deprecated","valueDateTime":"1999-05"}]},{"extension":[{"url":"http://hl7.org/fhir/StructureDefinition/codesystem-comments","valueString":"6"}],"code":"BAR","display":"Add/change billing account","designation":[{"language":"de","value":"Hinzufügen / Ändern von Abrechnungsdaten"},{"language":"nl","value":"Toevoegen/wijzigen facturatie-account"}]},{"extension":[{"url":"http://hl7.org/fhir/StructureDefinition/codesystem-comments","valueString":"4"}],"code":"BPS","display":"Blood product dispense status message","designation":[{"language":"nl","value":"Bloedproduct verstrekking status bericht"}]},{"extension":[{"url":"http://hl7.org/fhir/StructureDefinition/codesystem-comments","valueString":"4"}],"code":"BRP","display":"Blood product dispense status acknowledgement message","designation":[{"language":"nl","value":"Bloedproduct verstrekking status bevestigingsbericht"}]},{"extension":[{"url":"http://hl7.org/fhir/StructureDefinition/codesystem-comments","valueString":"4"}],"code":"BRT","display":"Blood product transfusion/disposition acknowledgement message","designation":[{"language":"nl","value":"Bloedproduct transfusie/dispositie bevestigingsbericht"}]},{"extension":[{"url":"http://hl7.org/fhir/StructureDefinition/codesystem-comments","valueString":"4"}],"code":"BTS","display":"Blood product transfusion/disposition message","designation":[{"language":"nl","value":"Bloedproduct transfusie/dispositie bericht"}]},{"extension":[{"url":"http://hl7.org/fhir/StructureDefinition/codesystem-comments","valueString":"7"}],"code":"CCF","display":"Collaborative Care Fetch","designation":[{"language":"nl","value":"Ketenzorg ophalen"}]},{"extension":[{"url":"http://hl7.org/fhir/StructureDefinition/codesystem-comments","valueString":"7"}],"code":"CCI","display":"Collaborative Care Information","designation":[{"language":"nl","value":"Ketenzorg informatie"}]},{"extension":[{"url":"http://hl7.org/fhir/StructureDefinition/codesystem-comments","valueString":"7"}],"code":"CCM","display":"Collaborative Care Message","designation":[{"language":"nl","value":"Ketenzorg bericht"}]},{"extension":[{"url":"http://hl7.org/fhir/StructureDefinition/codesystem-comments","valueString":"7"}],"code":"CCQ","display":"Collaborative Care Referral","designation":[{"language":"nl","value":"Ketenzorg verwijzing"}]},{"extension":[{"url":"http://hl7.org/fhir/StructureDefinition/codesystem-comments","valueString":"7"}],"code":"CCU","display":"Collaborative Care Referral","designation":[{"language":"nl","value":"Ketenzorg verwijzing"}]},{"code":"CNQ","display":"Cancel query","designation":[{"language":"nl","value":"Annuleren query"}],"property":[{"code":"deprecated","valueDateTime":"1997-03"}]},{"extension":[{"url":"http://hl7.org/fhir/StructureDefinition/codesystem-comments","valueString":"7"}],"code":"CQU","display":"Collaborative Care Referral","designation":[{"language":"nl","value":"Ketenzorg verwijzing"}]},{"extension":[{"url":"http://hl7.org/fhir/StructureDefinition/codesystem-comments","valueString":"7"}],"code":"CRM","display":"Clinical study registration message","designation":[{"language":"nl","value":"Klinische studie registratie bericht"}]},{"extension":[{"url":"http://hl7.org/fhir/StructureDefinition/codesystem-comments","valueString":"7"}],"code":"CSU","display":"Unsolicited study data message","designation":[{"language":"nl","value":"Ongevraagde studie gegevens bericht"}]},{"extension":[{"url":"http://hl7.org/fhir/StructureDefinition/codesystem-comments","valueString":"4"}],"code":"DBC","display":"Create Donor Record","designation":[{"language":"nl","value":"Maak donorrecord"}]},{"extension":[{"url":"http://hl7.org/fhir/StructureDefinition/codesystem-comments","valueString":"4"}],"code":"DBU","display":"Update Donor Record","designation":[{"language":"nl","value":"Update donorrecord"}]},{"extension":[{"url":"http://hl7.org/fhir/StructureDefinition/codesystem-comments","valueString":"4"}],"code":"DEL","display":"Donor Eligibility","designation":[{"language":"nl","value":"Donor geschiktheid"}]},{"extension":[{"url":"http://hl7.org/fhir/StructureDefinition/codesystem-comments","valueString":"4"}],"code":"DEO","display":"Donor Eligibility Observation","designation":[{"language":"nl","value":"Donor geschiktheid observation"}]},{"extension":[{"url":"http://hl7.org/fhir/StructureDefinition/codesystem-comments","valueString":"4"}],"code":"DER","display":"Donor Eligibility Request","designation":[{"language":"nl","value":"Donor geschiktheid verzoek"}]},{"extension":[{"url":"http://hl7.org/fhir/StructureDefinition/codesystem-comments","valueString":"6"}],"code":"DFT","display":"Detail financial transactions","designation":[{"language":"de","value":"Einzelbuchung"},{"language":"nl","value":"Detail financiële transactions"}]},{"extension":[{"url":"http://hl7.org/fhir/StructureDefinition/codesystem-comments","valueString":"9 - Deprecated"}],"code":"DOC","display":"Document response","designation":[{"language":"nl","value":"Document antwoord"}]},{"extension":[{"url":"http://hl7.org/fhir/StructureDefinition/codesystem-comments","valueString":"4"}],"code":"DPR","display":"Donation Procedure","designation":[{"language":"nl","value":"Donatie procedure"}]},{"extension":[{"url":"http://hl7.org/fhir/StructureDefinition/codesystem-comments","valueString":"4"}],"code":"DRC","display":"Donor Request to Collect","designation":[{"language":"nl","value":"Donor verzoek om te verzamelen"}]},{"extension":[{"url":"http://hl7.org/fhir/StructureDefinition/codesystem-comments","valueString":"5 - Deprecated"}],"code":"DSR","display":"Display response","designation":[{"language":"de","value":"Antwort im Anzeigeformat"},{"language":"nl","value":"Weergave antwoord"}]},{"extension":[{"url":"http://hl7.org/fhir/StructureDefinition/codesystem-comments","valueString":"13"}],"code":"EAC","display":"Automated equipment command message","designation":[{"language":"nl","value":"Geautomatiseerd apparaat commando bericht"}]},{"extension":[{"url":"http://hl7.org/fhir/StructureDefinition/codesystem-comments","valueString":"13"}],"code":"EAN","display":"Automated equipment notification message","designation":[{"language":"nl","value":"Geautomatiseerd apparaat notificatie bericht"}]},{"extension":[{"url":"http://hl7.org/fhir/StructureDefinition/codesystem-comments","valueString":"13"}],"code":"EAR","display":"Automated equipment response message","designation":[{"language":"nl","value":"Geautomatiseerd apparaat antwoord bericht"}]},{"code":"EDR","display":"Enhanced display response","designation":[{"language":"nl","value":"Verbeterd weergaveantwoord"}],"property":[{"code":"deprecated","valueDateTime":"2007-04"}]},{"extension":[{"url":"http://hl7.org/fhir/StructureDefinition/codesystem-comments","valueString":"16"}],"code":"EHC","display":"Health Care Invoice","designation":[{"language":"nl","value":"Zorgfactuur"}]},{"code":"EQQ","display":"Embedded query language query","designation":[{"language":"nl","value":"Embedded query language query"}],"property":[{"code":"deprecated","valueDateTime":"2007-04"}]},{"code":"ERP","display":"Event replay response","designation":[{"language":"nl","value":"Event replay response"}],"property":[{"code":"deprecated","valueDateTime":"2007-04"}]},{"code":"ERQ","display":"Event replay query","designation":[{"language":"nl","value":"Event replay query"}],"property":[{"code":"deprecated","valueDateTime":"1997-03"}]},{"extension":[{"url":"http://hl7.org/fhir/StructureDefinition/codesystem-comments","valueString":"13"}],"code":"ESR","display":"Automated equipment status update acknowledgment message","designation":[{"language":"nl","value":"Geautomatiseerd apparaat statusupdate bevestigingsbericht"}]},{"extension":[{"url":"http://hl7.org/fhir/StructureDefinition/codesystem-comments","valueString":"13"}],"code":"ESU","display":"Automated equipment status update message","designation":[{"language":"nl","value":"Geautomatiseerd apparaat statusupdate bericht"}]},{"extension":[{"url":"http://hl7.org/fhir/StructureDefinition/codesystem-comments","valueString":"13"}],"code":"INR","display":"Automated equipment inventory request message","designation":[{"language":"nl","value":"Geautomatiseerd apparaat voorraad verzoekbericht"}]},{"extension":[{"url":"http://hl7.org/fhir/StructureDefinition/codesystem-comments","valueString":"13"}],"code":"INU","display":"Automated equipment inventory update message","designation":[{"language":"nl","value":"Geautomatiseerd apparaat voorraad update verzoekbericht"}]},{"extension":[{"url":"http://hl7.org/fhir/StructureDefinition/codesystem-comments","valueString":"13"}],"code":"LSR","display":"Automated equipment log/service request message","designation":[{"language":"nl","value":"Geautomatiseerd apparaat log/service verzoekbericht"}]},{"extension":[{"url":"http://hl7.org/fhir/StructureDefinition/codesystem-comments","valueString":"13"}],"code":"LSU","display":"Automated equipment log/service update message","designation":[{"language":"nl","value":"Geautomatiseerd apparaat log/service update bericht"}]},{"code":"MCF","display":"Delayed Acknowledgment (Retained for backward compatibility only)","designation":[{"language":"de","value":"Verzögerte Empfangsbestätigung (veraltet; ACK benutzen)"},{"language":"nl","value":"Uitgestelde bevestiging (alleen voor backward compatibiliteit)"}],"property":[{"code":"deprecated","valueDateTime":"2007-04"}]},{"extension":[{"url":"http://hl7.org/fhir/StructureDefinition/codesystem-comments","valueString":"9"}],"code":"MDM","display":"Medical document management","designation":[{"language":"nl","value":"Medische document management"}]},{"extension":[{"url":"http://hl7.org/fhir/StructureDefinition/codesystem-comments","valueString":"8 - Deprecated"}],"code":"MFD","display":"Master files delayed application acknowledgment","designation":[{"language":"de","value":"Verzögerte Empfangsbestätigung für Stammdateiänderung"},{"language":"nl","value":"Master files uitgesteld applicatie antwoord"}]},{"extension":[{"url":"http://hl7.org/fhir/StructureDefinition/codesystem-comments","valueString":"8"}],"code":"MFK","display":"Master files application acknowledgment","designation":[{"language":"de","value":"Empfangsbestätigung für Stammdateiänderung"},{"language":"nl","value":"Master files applicatie antwoord"}]},{"extension":[{"url":"http://hl7.org/fhir/StructureDefinition/codesystem-comments","valueString":"8"}],"code":"MFN","display":"Master files notification","designation":[{"language":"de","value":"Stammdateiänderung"},{"language":"nl","value":"Master files notificatie"}]},{"extension":[{"url":"http://hl7.org/fhir/StructureDefinition/codesystem-comments","valueString":"8 - Deprecated"}],"code":"MFQ","display":"Master files query","designation":[{"language":"nl","value":"Master files query"}]},{"extension":[{"url":"http://hl7.org/fhir/StructureDefinition/codesystem-comments","valueString":"8 - Deprecated"}],"code":"MFR","display":"Master files response","designation":[{"language":"de","value":"Antwort auf Stammdateianfrage"},{"language":"nl","value":"Master files antwoord"}]},{"extension":[{"url":"http://hl7.org/fhir/StructureDefinition/codesystem-comments","valueString":"14"}],"code":"NMD","display":"Application management data message","designation":[{"language":"de","value":"Asynchrone Statusmeldung eines Systems"},{"language":"nl","value":"Applicatie management gegevens bericht"}]},{"extension":[{"url":"http://hl7.org/fhir/StructureDefinition/codesystem-comments","valueString":"14 - Deprecated"}],"code":"NMQ","display":"Application management query message","designation":[{"language":"de","value":"Anfrage / Kommando an ein anderes System im Netz"},{"language":"nl","value":"Applicatie management query bericht"}]},{"extension":[{"url":"http://hl7.org/fhir/StructureDefinition/codesystem-comments","valueString":"14 - Deprecated"}],"code":"NMR","display":"Application management response message","designation":[{"language":"de","value":"Antwort auf Anfrage / Kommando"},{"language":"nl","value":"Applicatie management antwoord bericht"}]},{"extension":[{"url":"http://hl7.org/fhir/StructureDefinition/codesystem-comments","valueString":"4"}],"code":"OMB","display":"Blood product order message","designation":[{"language":"nl","value":"Bloedproduct aanvraag bericht"}]},{"extension":[{"url":"http://hl7.org/fhir/StructureDefinition/codesystem-comments","valueString":"4"}],"code":"OMD","display":"Dietary order","designation":[{"language":"nl","value":"Dieet-gerelateerde aanvraag"}]},{"extension":[{"url":"http://hl7.org/fhir/StructureDefinition/codesystem-comments","valueString":"4"}],"code":"OMG","display":"General clinical order message","designation":[{"language":"nl","value":"Algemeen klinisch aanvraagbericht"}]},{"extension":[{"url":"http://hl7.org/fhir/StructureDefinition/codesystem-comments","valueString":"4"}],"code":"OMI","display":"Imaging order","designation":[{"language":"nl","value":"Beeld aanvraag"}]},{"extension":[{"url":"http://hl7.org/fhir/StructureDefinition/codesystem-comments","valueString":"4"}],"code":"OML","display":"Laboratory order message","designation":[{"language":"nl","value":"Laboratorium aanvraagbericht"}]},{"extension":[{"url":"http://hl7.org/fhir/StructureDefinition/codesystem-comments","valueString":"4"}],"code":"OMN","display":"Non-stock requisition order message","designation":[{"language":"nl","value":"Niet-voorraad verzoek aanvraag bericht"}]},{"extension":[{"url":"http://hl7.org/fhir/StructureDefinition/codesystem-comments","valueString":"4"}],"code":"OMP","display":"Pharmacy/treatment order message","designation":[{"language":"nl","value":"Medicatie/behandeling aanvraagbericht"}]},{"extension":[{"url":"http://hl7.org/fhir/StructureDefinition/codesystem-comments","valueString":"4"}],"code":"OMQ","display":"General order message with document payload","designation":[{"language":"nl","value":"Algemeen aanvraag bericht met document inhoud"}]},{"extension":[{"url":"http://hl7.org/fhir/StructureDefinition/codesystem-comments","valueString":"4"}],"code":"OMS","display":"Stock requisition order message","designation":[{"language":"nl","value":"Voorraad verzoek aanvraag bericht"}]},{"extension":[{"url":"http://hl7.org/fhir/StructureDefinition/codesystem-comments","valueString":"4"}],"code":"OPL","display":"Population/Location-Based Laboratory Order Message","designation":[{"language":"nl","value":"Populatie/locatie-gebaseerde laboratorium aanvraag bericht"}]},{"extension":[{"url":"http://hl7.org/fhir/StructureDefinition/codesystem-comments","valueString":"4"}],"code":"OPR","display":"Population/Location-Based Laboratory Order Acknowledgment Message","designation":[{"language":"nl","value":"Populatie/locatie-gebaseerde laboratorium aanvraag bevestigingsbericht"}]},{"extension":[{"url":"http://hl7.org/fhir/StructureDefinition/codesystem-comments","valueString":"7"}],"code":"OPU","display":"Unsolicited Population/Location-Based Laboratory Observation Message","designation":[{"language":"nl","value":"Ongevraagd populatie/locatie-gebaseerde laboratoriumobservatie bericht"}]},{"extension":[{"url":"http://hl7.org/fhir/StructureDefinition/codesystem-comments","valueString":"7"}],"code":"ORA","display":"Observation Report Acknowledgment","designation":[{"language":"nl","value":"Observatieverslag bevestiging"}]},{"extension":[{"url":"http://hl7.org/fhir/StructureDefinition/codesystem-comments","valueString":"4"}],"code":"ORB","display":"Blood product order acknowledgement message","designation":[{"language":"nl","value":"Bloedproduct aanvraag bevestigingsbericht"}]},{"extension":[{"url":"http://hl7.org/fhir/StructureDefinition/codesystem-comments","valueString":"4"}],"code":"ORD","display":"Dietary order acknowledgment message","designation":[{"language":"nl","value":"Dieet/voedsel aanvraag bevestigingsbericht"}]},{"extension":[{"url":"http://hl7.org/fhir/StructureDefinition/codesystem-comments","valueString":"7 - Deprecated"}],"code":"ORF","display":"Query for results of observation","designation":[{"language":"de","value":"Untersuchungsergebnisse"},{"language":"nl","value":"Query voor observatieresultaten"}]},{"extension":[{"url":"http://hl7.org/fhir/StructureDefinition/codesystem-comments","valueString":"4"}],"code":"ORG","display":"General clinical order acknowledgment message","designation":[{"language":"nl","value":"Algemene klinische aanvraag bevestigingsbericht"}]},{"extension":[{"url":"http://hl7.org/fhir/StructureDefinition/codesystem-comments","valueString":"4"}],"code":"ORI","display":"Imaging order acknowledgement message","designation":[{"language":"nl","value":"Beeld aanvraag bevestigingsbericht"}]},{"extension":[{"url":"http://hl7.org/fhir/StructureDefinition/codesystem-comments","valueString":"7"}],"code":"ORL","display":"Laboratory acknowledgment message (unsolicited)","designation":[{"language":"nl","value":"Laboratorium aanvraag bevestigingsbericht (ongevraagd)"}]},{"extension":[{"url":"http://hl7.org/fhir/StructureDefinition/codesystem-comments","valueString":"4 - Deprecated"}],"code":"ORM","display":"Pharmacy/treatment order message","designation":[{"language":"de","value":"Auftrag / Verordnung"},{"language":"nl","value":"Medicatie/therapie aanvraagbericht"}]},{"extension":[{"url":"http://hl7.org/fhir/StructureDefinition/codesystem-comments","valueString":"4"}],"code":"ORN","display":"Non-stock requisition - General order acknowledgment message","designation":[{"language":"nl","value":"Niet-voorraad verzoek - Algemeen aanvraag bevestigingbericht"}]},{"extension":[{"url":"http://hl7.org/fhir/StructureDefinition/codesystem-comments","valueString":"4"}],"code":"ORP","display":"Pharmacy/treatment order acknowledgment message","designation":[{"language":"nl","value":"Medicatie/therapie aanvraag bevestigingsbericht"}]},{"extension":[{"url":"http://hl7.org/fhir/StructureDefinition/codesystem-comments","valueString":"4 - Deprecated"}],"code":"ORR","display":"General order response message response to any ORM","designation":[{"language":"de","value":"Empfangsbestätigung von der Anwendung für einen Auftrag"},{"language":"nl","value":"Algemeen aanvraag antwoordbericht op een ORM"}]},{"extension":[{"url":"http://hl7.org/fhir/StructureDefinition/codesystem-comments","valueString":"4"}],"code":"ORS","display":"Stock requisition - Order acknowledgment message","designation":[{"language":"nl","value":"Voorraad verzoek - Algemeen aanvraag bevestigingbericht"}]},{"extension":[{"url":"http://hl7.org/fhir/StructureDefinition/codesystem-comments","valueString":"7"}],"code":"ORU","display":"Unsolicited transmission of an observation message","designation":[{"language":"de","value":"Nicht angeforderte Untersuchungsergebnisse"},{"language":"nl","value":"Ongevraagde verzending van een observatiebericht"}]},{"extension":[{"url":"http://hl7.org/fhir/StructureDefinition/codesystem-comments","valueString":"4"}],"code":"ORX","display":"General Order Message with Document Payload Acknowledgement","designation":[{"language":"nl","value":"Algemeen aanvraag bericht met document inhoud bevestiging"}]},{"extension":[{"url":"http://hl7.org/fhir/StructureDefinition/codesystem-comments","valueString":"7"}],"code":"OSM","display":"Specimen Shipment Message","designation":[{"language":"nl","value":"Monster verzending bericht"}]},{"extension":[{"url":"http://hl7.org/fhir/StructureDefinition/codesystem-comments","valueString":"4 - Deprecated"}],"code":"OSQ","display":"Query response for order status","designation":[{"language":"de","value":"Anfrage nach Auftragsstatus"},{"language":"nl","value":"Antwoord op orderstatus"}]},{"extension":[{"url":"http://hl7.org/fhir/StructureDefinition/codesystem-comments","valueString":"4 - Deprecated"}],"code":"OSR","display":"Query response for order status","designation":[{"language":"nl","value":"Antwoord op orderstatus"}]},{"extension":[{"url":"http://hl7.org/fhir/StructureDefinition/codesystem-comments","valueString":"4"}],"code":"OSU","display":"Order status update","designation":[{"language":"nl","value":"Order status update"}]},{"extension":[{"url":"http://hl7.org/fhir/StructureDefinition/codesystem-comments","valueString":"7"}],"code":"OUL","display":"Unsolicited laboratory observation message","designation":[{"language":"nl","value":"Ongevraagd laboratoriumobservatiebericht"}]},{"extension":[{"url":"http://hl7.org/fhir/StructureDefinition/codesystem-comments","valueString":"7"}],"code":"PEX","display":"Product experience message","designation":[{"language":"nl","value":"Productervaring bericht"}]},{"extension":[{"url":"http://hl7.org/fhir/StructureDefinition/codesystem-comments","valueString":"12"}],"code":"PGL","display":"Patient goal message","designation":[{"language":"nl","value":"Patiënt doel bericht"}]},{"extension":[{"url":"http://hl7.org/fhir/StructureDefinition/codesystem-comments","valueString":"11"}],"code":"PIN","display":"Patient insurance information","designation":[{"language":"nl","value":"Patiënt verzekeringsinformatie"}]},{"extension":[{"url":"http://hl7.org/fhir/StructureDefinition/codesystem-comments","valueString":"15"}],"code":"PMU","display":"Add personnel record","designation":[{"language":"nl","value":"Toevoegen personeel record"}]},{"extension":[{"url":"http://hl7.org/fhir/StructureDefinition/codesystem-comments","valueString":"12"}],"code":"PPG","display":"Patient pathway message (goal-oriented)","designation":[{"language":"nl","value":"Patiënt zorgpad bericht (doel-georiënteerd)"}]},{"extension":[{"url":"http://hl7.org/fhir/StructureDefinition/codesystem-comments","valueString":"12"}],"code":"PPP","display":"Patient pathway message (problem-oriented)","designation":[{"language":"nl","value":"Patiënt zorgpad bericht (probleem-georiënteerd)"}]},{"extension":[{"url":"http://hl7.org/fhir/StructureDefinition/codesystem-comments","valueString":"12"}],"code":"PPR","display":"Patient problem message","designation":[{"language":"nl","value":"Patiënt probleem bericht"}]},{"extension":[{"url":"http://hl7.org/fhir/StructureDefinition/codesystem-comments","valueString":"Deprecated"}],"code":"PPT","display":"Patient pathway goal-oriented response","designation":[{"language":"nl","value":"Patiënt zorgpad doel-georiënteerd antwoord"}],"property":[{"code":"deprecated","valueDateTime":"2011-01"}]},{"extension":[{"url":"http://hl7.org/fhir/StructureDefinition/codesystem-comments","valueString":"Deprecated"}],"code":"PPV","display":"Patient goal response","designation":[{"language":"nl","value":"Patiënt doel antwoord"}],"property":[{"code":"deprecated","valueDateTime":"2011-01"}]},{"extension":[{"url":"http://hl7.org/fhir/StructureDefinition/codesystem-comments","valueString":"Deprecated"}],"code":"PRR","display":"Patient problem response","designation":[{"language":"nl","value":"Patiënt probleem antwoord"}],"property":[{"code":"deprecated","valueDateTime":"2011-01"}]},{"extension":[{"url":"http://hl7.org/fhir/StructureDefinition/codesystem-comments","valueString":"Deprecated"}],"code":"PTR","display":"Patient pathway problem-oriented response","designation":[{"language":"nl","value":"Patiënt zorgpad probleem-georiënteerd antwoord"}],"property":[{"code":"deprecated","valueDateTime":"2011-01"}]},{"extension":[{"url":"http://hl7.org/fhir/StructureDefinition/codesystem-comments","valueString":"5"}],"code":"QBP","display":"Query by parameter","designation":[{"language":"nl","value":"Query met parameters"}]},{"extension":[{"url":"http://hl7.org/fhir/StructureDefinition/codesystem-comments","valueString":"5 - Deprecated"}],"code":"QCK","display":"Query general acknowledgment","designation":[{"language":"nl","value":"Query algemene bevestiging"}]},{"extension":[{"url":"http://hl7.org/fhir/StructureDefinition/codesystem-comments","valueString":"5"}],"code":"QCN","display":"Cancel query","designation":[{"language":"nl","value":"Annuleer query"}]},{"extension":[{"url":"http://hl7.org/fhir/StructureDefinition/codesystem-comments","valueString":"3"}],"code":"QRY","display":"Query, original mode","designation":[{"language":"de","value":"Anfrage"},{"language":"nl","value":"Query, original modus"}]},{"extension":[{"url":"http://hl7.org/fhir/StructureDefinition/codesystem-comments","valueString":"5"}],"code":"QSB","display":"Create subscription","designation":[{"language":"nl","value":"Maak abonnement"}]},{"extension":[{"url":"http://hl7.org/fhir/StructureDefinition/codesystem-comments","valueString":"5"}],"code":"QSX","display":"Cancel subscription/acknowledge message","designation":[{"language":"nl","value":"Annuleer abonnement/bevestigingsbericht"}]},{"extension":[{"url":"http://hl7.org/fhir/StructureDefinition/codesystem-comments","valueString":"5"}],"code":"QVR","display":"Query for previous events","designation":[{"language":"nl","value":"Query voor vorige events"}]},{"extension":[{"url":"http://hl7.org/fhir/StructureDefinition/codesystem-comments","valueString":"4 - Deprecated"}],"code":"RAR","display":"Pharmacy/treatment administration information","designation":[{"language":"de","value":"Antwort auf Anfrage bezüglich Verabreichung von Medikamenten"},{"language":"nl","value":"Medicatie/therapie toediening informatie"}]},{"extension":[{"url":"http://hl7.org/fhir/StructureDefinition/codesystem-comments","valueString":"4"}],"code":"RAS","display":"Pharmacy/treatment administration message","designation":[{"language":"de","value":"Erfolgte Verabreichung von Medikamenten"},{"language":"nl","value":"Medicatie/therapie toediening bericht"}]},{"extension":[{"url":"http://hl7.org/fhir/StructureDefinition/codesystem-comments","valueString":"11"}],"code":"RCI","display":"Return clinical information","designation":[{"language":"nl","value":"Antwoord klinische informatie"}]},{"extension":[{"url":"http://hl7.org/fhir/StructureDefinition/codesystem-comments","valueString":"11"}],"code":"RCL","display":"Return clinical list","designation":[{"language":"nl","value":"Opleveren klinische lijst"}]},{"extension":[{"url":"http://hl7.org/fhir/StructureDefinition/codesystem-comments","valueString":"4"}],"code":"RDE","display":"Pharmacy/treatment encoded order message","designation":[{"language":"de","value":"Medikamentenverordnung (Apotheke)"},{"language":"nl","value":"Medicatie/therapie gecodeerde aanvraag bericht"}]},{"extension":[{"url":"http://hl7.org/fhir/StructureDefinition/codesystem-comments","valueString":"4"}],"code":"RDR","display":"Pharmacy/treatment dispense information","designation":[{"language":"de","value":"Antwort auf Anfrage bezüglich Abgabe von Medikamenten"},{"language":"nl","value":"Medicatie/therapie verstrekking informatie"}]},{"extension":[{"url":"http://hl7.org/fhir/StructureDefinition/codesystem-comments","valueString":"4"}],"code":"RDS","display":"Pharmacy/treatment dispense message","designation":[{"language":"de","value":"Abgabe von Medikamenten"},{"language":"nl","value":"Medicatie/therapie verstrekking bericht"}]},{"extension":[{"url":"http://hl7.org/fhir/StructureDefinition/codesystem-comments","valueString":"5"}],"code":"RDY","display":"Display based response","designation":[{"language":"nl","value":"Weergave-gebaseerd antwoord"}]},{"extension":[{"url":"http://hl7.org/fhir/StructureDefinition/codesystem-comments","valueString":"11"}],"code":"REF","display":"Patient referral","designation":[{"language":"nl","value":"Patiënt verwijzing"}]},{"extension":[{"url":"http://hl7.org/fhir/StructureDefinition/codesystem-comments","valueString":"4 - Deprecated"}],"code":"RER","display":"Pharmacy/treatment encoded order information","designation":[{"language":"de","value":"Antwort auf Anfrage bezüglich Medikamentenverordnung (Apotheke)"},{"language":"nl","value":"Medicatie/therapie gecodeerde aanvraag informatie"}]},{"extension":[{"url":"http://hl7.org/fhir/StructureDefinition/codesystem-comments","valueString":"4 - Deprecated"}],"code":"RGR","display":"Pharmacy/treatment dose information","designation":[{"language":"de","value":"Antwort auf Anfrage bezüglich Verabreichungsvorschrift für Medikamente"},{"language":"nl","value":"Medicatie/therapie dosering informatie"}]},{"extension":[{"url":"http://hl7.org/fhir/StructureDefinition/codesystem-comments","valueString":"4"}],"code":"RGV","display":"Pharmacy/treatment give message","designation":[{"language":"de","value":"Verabreichungsvorschrift für Medikamente"},{"language":"nl","value":"Medicatie/therapie gegeven informatie"}]},{"code":"ROC","display":"Request clinical information","designation":[{"language":"nl","value":"Verzoek voor klinische informatie"}],"property":[{"code":"deprecated","valueDateTime":"1997-03"}]},{"code":"ROD","display":"Request pateint demographics","designation":[{"language":"nl","value":"Verzoek voor demografische patiëntgegevens"}],"property":[{"code":"deprecated","valueDateTime":"1997-03"}]},{"extension":[{"url":"http://hl7.org/fhir/StructureDefinition/codesystem-comments","valueString":"4 - Deprecated"}],"code":"ROR","display":"Pharmacy/treatment order response","designation":[{"language":"de","value":"Antwort auf Anfrage bezüglich Medikamentenverordnung"},{"language":"nl","value":"Medicatie/therapie aanvraag antwoord"}]},{"extension":[{"url":"http://hl7.org/fhir/StructureDefinition/codesystem-comments","valueString":"11"}],"code":"RPA","display":"Return patient authorization","designation":[{"language":"nl","value":"Antwoord patiënt authorisatie"}]},{"extension":[{"url":"http://hl7.org/fhir/StructureDefinition/codesystem-comments","valueString":"11"}],"code":"RPI","display":"Return patient information","designation":[{"language":"nl","value":"Antwoord patiënt informatie"}]},{"extension":[{"url":"http://hl7.org/fhir/StructureDefinition/codesystem-comments","valueString":"11"}],"code":"RPL","display":"Return patient display list","designation":[{"language":"nl","value":"Antwoord patiënt weergavelijst"}]},{"extension":[{"url":"http://hl7.org/fhir/StructureDefinition/codesystem-comments","valueString":"11"}],"code":"RPR","display":"Return patient list","designation":[{"language":"nl","value":"Antwoord patiëntlijst"}]},{"extension":[{"url":"http://hl7.org/fhir/StructureDefinition/codesystem-comments","valueString":"11"}],"code":"RQA","display":"Request patient authorization","designation":[{"language":"nl","value":"Verzoek voor patiënt autorisatie"}]},{"extension":[{"url":"http://hl7.org/fhir/StructureDefinition/codesystem-comments","valueString":"11"}],"code":"RQC","display":"Request clinical information","designation":[{"language":"nl","value":"Verzoek voor klinische informatie"}]},{"extension":[{"url":"http://hl7.org/fhir/StructureDefinition/codesystem-comments","valueString":"11"}],"code":"RQI","display":"Request patient information","designation":[{"language":"nl","value":"Verzoek voor patiënt informatie"}]},{"extension":[{"url":"http://hl7.org/fhir/StructureDefinition/codesystem-comments","valueString":"11"}],"code":"RQP","display":"Request patient demographics","designation":[{"language":"nl","value":"Verzoek voor demografische patiëntgegevens"}]},{"code":"RQQ","display":"Event replay query","designation":[{"language":"nl","value":"Event replay query"}],"property":[{"code":"deprecated","valueDateTime":"2007-04"}]},{"extension":[{"url":"http://hl7.org/fhir/StructureDefinition/codesystem-comments","valueString":"4"}],"code":"RRA","display":"Pharmacy/treatment administration acknowledgment message","designation":[{"language":"de","value":"Empfangsbestätigung für Verabreichungsmeldung"},{"language":"nl","value":"Medicatie/therapie toediening bevestigingsbericht"}]},{"extension":[{"url":"http://hl7.org/fhir/StructureDefinition/codesystem-comments","valueString":"4"}],"code":"RRD","display":"Pharmacy/treatment dispense acknowledgment message","designation":[{"language":"de","value":"Empfangsbestätigung für Abgabemeldung"},{"language":"nl","value":"Medicatie/therapie verstrekking bevestigingsbericht"}]},{"extension":[{"url":"http://hl7.org/fhir/StructureDefinition/codesystem-comments","valueString":"4"}],"code":"RRE","display":"Pharmacy/treatment encoded order acknowledgment message","designation":[{"language":"de","value":"Empfangsbestätigung für Verordnung (Apotheke)"},{"language":"nl","value":"Medicatie/therapie gecodeerde aanvraag bevestigingsbericht"}]},{"extension":[{"url":"http://hl7.org/fhir/StructureDefinition/codesystem-comments","valueString":"4"}],"code":"RRG","display":"Pharmacy/treatment give acknowledgment message","designation":[{"language":"de","value":"Empfangsbestätigung für Verabreichungsvorschrift"},{"language":"nl","value":"Medicatie/therapie gegevens bevestigingsbericht"}]},{"extension":[{"url":"http://hl7.org/fhir/StructureDefinition/codesystem-comments","valueString":"11"}],"code":"RRI","display":"Return referral information","designation":[{"language":"nl","value":"Antwoord verwijzing informatie"}]},{"extension":[{"url":"http://hl7.org/fhir/StructureDefinition/codesystem-comments","valueString":"5"}],"code":"RSP","display":"Segment pattern response","designation":[{"language":"nl","value":"Segmentpatroon antwoord"}]},{"extension":[{"url":"http://hl7.org/fhir/StructureDefinition/codesystem-comments","valueString":"5"}],"code":"RTB","display":"Tabular response","designation":[{"language":"nl","value":"Tabelpatroon antwoord"}]},{"extension":[{"url":"http://hl7.org/fhir/StructureDefinition/codesystem-comments","valueString":"17"}],"code":"SCN","display":"Notification of Anti-Microbial Device Cycle Data","designation":[{"language":"nl","value":"Notificatie van anti-microbiële apparaat cycle gegevens"}]},{"extension":[{"url":"http://hl7.org/fhir/StructureDefinition/codesystem-comments","valueString":"17"}],"code":"SDN","display":"Notification of Anti-Microbial Device Data","designation":[{"language":"nl","value":"Notificatie van anti-microbiële apparaat gegevens"}]},{"extension":[{"url":"http://hl7.org/fhir/StructureDefinition/codesystem-comments","valueString":"17"}],"code":"SDR","display":"Sterilization anti-microbial device data request","designation":[{"language":"nl","value":"Sterilisatie anti-microbiële apparaat gegevens verzoek"}]},{"extension":[{"url":"http://hl7.org/fhir/StructureDefinition/codesystem-comments","valueString":"10"}],"code":"SIU","display":"Schedule information unsolicited","designation":[{"language":"nl","value":"Agenda informatie ongevraagd"}]},{"extension":[{"url":"http://hl7.org/fhir/StructureDefinition/codesystem-comments","valueString":"17"}],"code":"SLN","display":"Notification of New Sterilization Lot","designation":[{"language":"nl","value":"Notificatie voor nieuwe sterilisatie batch"}]},{"extension":[{"url":"http://hl7.org/fhir/StructureDefinition/codesystem-comments","valueString":"17"}],"code":"SLR","display":"Sterilization lot request","designation":[{"language":"nl","value":"Verzoek voor sterilisatie batch"}]},{"extension":[{"url":"http://hl7.org/fhir/StructureDefinition/codesystem-comments","valueString":"17"}],"code":"SMD","display":"Sterilization anti-microbial device cycle data request","designation":[{"language":"nl","value":"Sterilisatie anti-microbiële apparaat cycle gegevens verzoek"}]},{"code":"SPQ","display":"Stored procedure request","designation":[{"language":"nl","value":"Stored procedure verzoek"}],"property":[{"code":"deprecated","valueDateTime":"2007-04"}]},{"extension":[{"url":"http://hl7.org/fhir/StructureDefinition/codesystem-comments","valueString":"10 - Deprecated"}],"code":"SQM","display":"Schedule query message","designation":[{"language":"nl","value":"Agenda query bericht"}]},{"extension":[{"url":"http://hl7.org/fhir/StructureDefinition/codesystem-comments","valueString":"10 - Deprecated"}],"code":"SQR","display":"Schedule query response","designation":[{"language":"nl","value":"Agenda query antwoord"}]},{"extension":[{"url":"http://hl7.org/fhir/StructureDefinition/codesystem-comments","valueString":"10"}],"code":"SRM","display":"Schedule request message","designation":[{"language":"nl","value":"Agenda verzoek bericht"}]},{"extension":[{"url":"http://hl7.org/fhir/StructureDefinition/codesystem-comments","valueString":"10"}],"code":"SRR","display":"Scheduled request response","designation":[{"language":"nl","value":"Antwoord agenda verzoek"}]},{"extension":[{"url":"http://hl7.org/fhir/StructureDefinition/codesystem-comments","valueString":"13"}],"code":"SSR","display":"Specimen status request message","designation":[{"language":"nl","value":"Monster status verzoek bericht"}]},{"extension":[{"url":"http://hl7.org/fhir/StructureDefinition/codesystem-comments","valueString":"13"}],"code":"SSU","display":"Specimen status update message","designation":[{"language":"nl","value":"Monster status update bericht"}]},{"extension":[{"url":"http://hl7.org/fhir/StructureDefinition/codesystem-comments","valueString":"17"}],"code":"STC","display":"Notification of Sterilization Configuration","designation":[{"language":"nl","value":"Notificatie voor sterilisatie configuratie"}]},{"extension":[{"url":"http://hl7.org/fhir/StructureDefinition/codesystem-comments","valueString":"17"}],"code":"STI","display":"Sterilization item request","designation":[{"language":"nl","value":"Sterilisatie item verzoek"}]},{"extension":[{"url":"http://hl7.org/fhir/StructureDefinition/codesystem-comments","valueString":"7 - Deprecated"}],"code":"SUR","display":"Summary product experience report","designation":[{"language":"nl","value":"Samenvatting productervaring rapport"}]},{"extension":[{"url":"http://hl7.org/fhir/StructureDefinition/codesystem-comments","valueString":"5 - Deprecated"}],"code":"TBR","display":"Tabular data response","designation":[{"language":"nl","value":"Tabel gegevens antwoord"}]},{"extension":[{"url":"http://hl7.org/fhir/StructureDefinition/codesystem-comments","valueString":"13"}],"code":"TCR","display":"Automated equipment test code settings request message","designation":[{"language":"nl","value":"Geautomatiseerd apparaat testcode instellingen verzoek bericht"}]},{"extension":[{"url":"http://hl7.org/fhir/StructureDefinition/codesystem-comments","valueString":"13"}],"code":"TCU","display":"Automated equipment test code settings update message","designation":[{"language":"nl","value":"Geautomatiseerd apparaat testcode instellingen update bericht"}]},{"extension":[{"url":"http://hl7.org/fhir/StructureDefinition/codesystem-comments","valueString":"5"}],"code":"UDM","display":"Unsolicited display update message","designation":[{"language":"de","value":"Nicht angeforderte Nachricht im Anzeigeformat"},{"language":"nl","value":"Ongevraagd weergave updte bericht"}]},{"code":"VQQ","display":"Virtual table query","designation":[{"language":"nl","value":"Virtuele tabel query"}],"property":[{"code":"deprecated","valueDateTime":"2007-04"}]},{"extension":[{"url":"http://hl7.org/fhir/StructureDefinition/codesystem-comments","valueString":"4 - Deprecated"}],"code":"VXQ","display":"Query for vaccination record","designation":[{"language":"nl","value":"Vaccinatierecord query"}]},{"extension":[{"url":"http://hl7.org/fhir/StructureDefinition/codesystem-comments","valueString":"4 - Deprecated"}],"code":"VXR","display":"Vaccination record response","designation":[{"language":"nl","value":"Vaccinatierecord antwoord"}]},{"extension":[{"url":"http://hl7.org/fhir/StructureDefinition/codesystem-comments","valueString":"4"}],"code":"VXU","display":"Unsolicited vaccination record update","designation":[{"language":"nl","value":"Ongevraagde vaccinatierecord update"}]},{"extension":[{"url":"http://hl7.org/fhir/StructureDefinition/codesystem-comments","valueString":"4 -Deprecated"}],"code":"VXX","display":"Response for vaccination query with multiple PID matches","designation":[{"language":"nl","value":"Antwoord vaccinatie query met meerdere PID matches"}]}]}